# Blender 5.2.2 LTS
# www.blender.org
mtllib ski.mtl
o children's_skis_2
v -11.967216 0.435986 -1.059641
v 11.785215 4.503349 -3.380303
v -11.967216 0.435986 -5.825927
v 11.785215 4.503349 -3.505270
v 11.785215 4.503349 -3.440878
v -11.965128 0.429175 -3.369917
v 11.657898 3.733704 -2.138509
v 11.657898 3.733704 -3.402905
v 11.657898 3.733704 -4.747064
v 11.439859 3.002565 -1.520469
v 11.439859 3.002565 -3.384012
v 11.439859 3.002564 -5.365108
v 11.109685 2.269715 -1.157245
v 11.109685 2.269715 -3.372906
v 11.109685 2.269715 -5.728328
v 10.570851 1.539267 -1.059646
v 10.570851 1.539267 -3.369917
v 10.570851 1.539267 -5.825932
v 9.682458 0.678519 -1.059641
v 10.054895 0.981240 -3.369917
v 9.682458 0.678519 -5.825927
v 8.503141 0.197162 -1.059646
v 8.503141 0.197162 -3.369917
v 8.503141 0.197162 -5.825932
v -9.632092 0.197162 -5.825927
v -9.632092 0.197162 -3.369917
v -9.632092 0.197162 -1.059641
v -11.967216 0.435986 -5.516800
v -9.632092 0.197162 -5.516800
v 8.503141 0.197162 -5.516805
v 9.682458 0.678519 -5.516800
v 10.570851 1.539267 -5.516805
v 11.109685 2.269715 -5.431864
v 11.439859 3.002564 -5.115756
v 11.657898 3.733704 -4.577880
v 11.785215 4.503349 -3.497167
v -11.967216 0.435986 -1.329918
v -9.632092 0.197162 -1.329918
v 8.503141 0.197162 -1.329922
v 9.682458 0.678519 -1.329918
v 10.570851 1.539267 -1.329922
v 11.109685 2.269715 -1.416455
v 11.439859 3.002565 -1.738484
v 11.657898 3.733704 -2.286431
v 11.785215 4.503349 -3.387390
v -11.965128 0.429175 -2.605390
v -9.632089 0.197162 -2.231489
v 8.503141 0.197162 -2.605395
v 10.054862 0.975763 -2.605395
v 10.570851 1.539267 -2.605395
v 11.109685 2.269715 -2.639689
v 11.439859 3.002565 -2.767320
v 11.657898 3.733704 -2.984486
v 11.785215 4.503349 -3.420831
v -11.965128 0.429175 -4.019505
v -9.632092 0.197162 -4.365194
v 8.503141 0.197162 -4.019510
v 10.054862 0.975763 -4.019510
v 10.570851 1.539267 -4.019510
v 11.109685 2.269715 -3.995888
v 11.439859 3.002565 -3.907988
v 11.657898 3.733704 -3.758422
v 11.785215 4.503349 -3.457908
v -11.965128 0.429175 -4.352239
v -9.632092 0.197162 -4.867241
v 8.503141 0.197162 -4.352239
v 10.054862 0.975763 -4.352239
v 10.570851 1.539267 -4.352239
v 11.109685 2.269715 -4.314995
v 11.439859 3.002565 -4.176382
v 11.657898 3.733704 -3.940523
v 11.785215 4.503349 -3.466635
v -11.965128 0.429175 -2.328116
v -9.632092 0.197162 -1.813115
v 8.503141 0.197162 -2.328116
v 10.054862 0.975763 -2.328121
v 10.570851 1.539267 -2.328116
v 11.109685 2.269715 -2.373768
v 11.439859 3.002565 -2.543658
v 11.657898 3.733704 -2.832737
v 11.785215 4.503349 -3.413563
v 4.754275 0.197162 -1.059641
v 4.754275 0.197162 -1.329922
v 4.754275 0.197162 -2.328116
v 4.754275 0.197162 -2.605390
v 4.754275 0.197162 -3.369917
v 4.754275 0.197162 -4.019505
v 4.754275 0.197162 -4.352239
v 4.754275 0.197162 -5.516805
v 4.754275 0.197162 -5.825927
v -0.070345 0.197162 -1.059641
v -0.070345 0.197162 -1.329918
v -0.070345 0.197162 -2.328116
v -0.070345 0.197162 -2.605390
v -0.070345 0.197162 -3.369917
v -0.070345 0.197162 -4.019505
v -0.070345 0.197162 -4.352239
v -0.070345 0.197162 -5.516800
v -0.070345 0.197162 -5.825927
v -4.867241 0.197162 -1.059641
v -4.867241 0.197162 -1.329918
v -4.867241 0.197162 -2.328116
v -4.867241 0.197162 -2.605390
v -4.867241 0.197162 -3.369917
v -4.867241 0.197162 -4.019505
v -4.867241 0.197162 -4.352239
v -4.867241 0.197162 -5.516800
v -4.867241 0.197162 -5.825927
v -9.609600 0.650574 -5.516800
v -4.867241 0.651689 -5.516800
v -4.867241 0.651689 -5.825927
v -9.609600 0.650574 -5.825927
v 8.416423 0.634493 -5.516805
v 8.416423 0.634493 -5.825932
v -9.632092 0.651689 -4.674984
v -4.867241 0.651689 -4.352239
v -9.632092 0.651689 -4.365194
v -4.867241 0.651689 -4.019505
v 8.416423 0.634493 -4.352239
v 8.416423 0.634493 -4.019510
v 4.754275 0.651689 -4.019505
v 4.754275 0.651689 -4.352239
v 4.754275 0.651689 -5.516805
v 4.754275 0.651689 -5.825927
v -0.070345 0.651689 -4.019505
v -0.070345 0.651689 -4.352239
v -0.070345 0.651689 -5.516800
v -0.070345 0.651689 -5.825927
v -9.609605 0.650574 -1.059641
v -9.609605 0.650574 -1.329918
v -4.867241 0.651690 -1.059646
v -4.867241 0.651690 -1.329922
v 8.416423 0.634493 -1.059641
v 8.416423 0.634493 -1.329918
v -9.632092 0.651689 -2.005368
v -4.867241 0.651689 -2.328116
v -4.867241 0.651689 -2.605390
v -9.632089 0.651689 -2.231489
v 8.416423 0.634493 -2.328116
v 8.416423 0.634493 -2.605395
v 4.754275 0.651690 -1.059646
v 4.754275 0.651690 -1.329922
v 4.754275 0.651689 -2.328116
v 4.754275 0.651689 -2.605395
v -0.070345 0.651690 -1.059641
v -0.070345 0.651690 -1.329918
v -0.070345 0.651689 -2.328112
v -0.070345 0.651689 -2.605390
v -7.607522 0.197162 -1.059641
v -7.594592 0.651046 -1.059641
v -7.594592 0.651046 -1.329922
v -7.607522 0.651689 -2.005372
v -7.607522 0.650198 -2.231489
v -7.607522 0.197162 -2.231489
v -7.813902 0.197162 -3.369917
v -7.607522 0.197162 -4.365194
v -7.607522 0.650198 -4.365189
v -7.607522 0.651689 -4.674984
v -7.594592 0.651046 -5.516800
v -7.594592 0.651046 -5.825927
v -7.607522 0.197162 -5.825927
v -7.396495 0.197162 -1.059641
v -7.384560 0.651094 -1.059641
v -7.384560 0.651094 -1.329922
v -7.396495 0.651689 -2.328116
v -7.396495 0.650198 -2.605390
v -7.396495 0.197162 -2.605390
v -7.602880 0.197162 -3.369917
v -7.396495 0.197162 -4.019505
v -7.396495 0.650198 -4.019505
v -7.396495 0.651689 -4.352239
v -7.384560 0.651093 -5.516800
v -7.384560 0.651093 -5.825927
v -7.396495 0.197162 -5.825927
v -7.813902 0.648710 -3.369917
v -7.602880 0.648710 -3.369917
v -8.986338 1.729056 -2.008914
v -7.612584 1.729023 -2.010329
v -7.608075 1.727569 -2.234107
v -8.986338 1.729056 -2.235031
v -8.986341 1.729056 -4.362601
v -7.608122 1.727569 -4.362920
v -7.611278 1.729037 -4.671194
v -8.986341 1.729056 -4.672395
v -7.407009 1.728989 -2.334489
v -7.402505 1.727535 -2.609423
v -7.815456 1.726082 -3.369789
v -7.604429 1.726082 -3.369789
v -7.401251 1.727550 -4.016035
v -7.404407 1.729018 -4.347249
v -11.958022 0.246464 -0.949363
v -9.632092 0.008799 -1.050804
v -11.968250 0.234029 -1.329251
v 11.985395 4.470243 -3.380303
v 11.985389 4.470243 -3.387395
v -11.958016 0.239344 -5.924527
v -9.632092 0.001672 -5.823081
v 11.985379 4.470237 -3.440873
v 11.985379 4.470233 -3.457903
v -11.985204 0.227275 -3.369917
v -11.985209 0.227275 -4.019505
v 11.855207 3.688161 -2.138509
v 11.855199 3.688161 -4.747064
v 11.985389 4.470247 -3.505275
v 11.629580 2.931900 -1.520469
v 11.629567 2.931900 -5.365103
v 11.283816 2.167821 -1.157245
v 11.283820 2.167821 -5.728333
v 10.723067 1.406183 -1.059646
v 10.723086 1.406188 -5.825937
v 9.753047 0.480680 -1.002350
v 9.753056 0.480680 -5.883223
v 8.503141 0.008803 -1.050814
v 8.503141 0.001672 -5.823087
v -7.607522 0.001672 -5.823087
v -7.607522 0.008799 -1.050809
v -11.968240 0.234029 -5.517372
v 11.985389 4.470243 -3.497167
v -11.985395 0.227299 -2.327449
v 11.985389 4.470243 -3.413563
v -11.985204 0.227276 -2.605395
v 11.985385 4.470243 -3.420831
v -11.985389 0.227294 -4.352811
v 11.985379 4.470233 -3.466635
v 4.754275 0.008799 -1.050809
v 4.754275 0.001677 -5.823087
v -0.070345 0.008799 -1.050809
v -0.070345 0.001672 -5.823087
v -4.867241 0.008799 -1.050809
v -4.867241 0.001677 -5.823087
v -7.396495 0.008799 -1.050809
v -7.396495 0.001677 -5.823087
v 11.754601 3.305648 -1.768846
v 11.561132 3.363897 -1.768846
v 11.561132 3.363897 -1.958691
v 11.561132 3.363897 -2.659836
v 11.561132 3.363897 -2.854596
v 11.561132 3.363897 -3.391604
v 11.561132 3.363897 -3.847880
v 11.561132 3.363897 -4.081595
v 11.561132 3.363897 -4.899595
v 11.561132 3.363897 -5.116727
v 11.754593 3.305648 -5.116727
v 11.476874 2.549653 -1.311253
v 11.294955 2.635937 -1.311253
v 11.294955 2.635937 -1.552999
v 11.294955 2.635937 -2.445801
v 11.294955 2.635937 -2.693805
v 11.294955 2.635937 -3.377615
v 11.294955 2.635937 -3.958616
v 11.294955 2.635937 -4.256217
v 11.294955 2.635937 -5.297827
v 11.294955 2.635937 -5.574319
v 11.476870 2.549653 -5.574319
v 11.021055 1.794988 -1.110330
v 10.857458 1.911872 -1.110330
v 10.857458 1.911872 -1.374859
v 10.857458 1.911872 -2.351829
v 10.857458 1.911872 -2.623207
v 10.857458 1.911872 -3.371466
v 10.857458 1.911871 -4.007241
v 10.857458 1.911871 -4.332898
v 10.857458 1.911871 -5.472688
v 10.857458 1.911871 -5.775242
v 11.021065 1.794992 -5.775247
v 10.294377 0.924388 -1.032325
v 10.181078 1.088348 -1.059646
v 10.181078 1.088348 -1.329918
v 10.181078 1.088348 -2.328121
v 10.181078 1.088348 -2.605395
v 10.181098 1.090955 -3.369917
v 10.181078 1.088348 -4.019510
v 10.181078 1.088348 -4.352239
v 10.181078 1.088348 -5.516800
v 10.181078 1.088348 -5.825932
v 10.294387 0.924387 -5.853248
v 11.855203 3.688161 -3.442789
v 11.754597 3.305648 -3.442789
v 11.629577 2.931900 -3.442789
v 11.476874 2.549653 -3.442789
v 11.283820 2.167821 -3.442789
v 11.021060 1.794993 -3.442789
v 10.723076 1.406188 -3.442794
v 10.294382 0.924388 -3.442789
v 9.753052 0.480680 -3.442789
v 8.503141 0.005238 -3.436950
v 4.754275 0.005238 -3.436946
v -0.070345 0.005238 -3.436946
v -4.867241 0.005238 -3.436946
v -7.396495 0.005238 -3.436946
v -7.607522 0.005238 -3.436946
v -9.632092 0.005238 -3.436946
v -6.709916 5.740949 -4.302927
v -6.768822 5.563700 -4.759399
v -6.707004 5.635938 -1.781224
v -6.662305 5.824206 -2.278457
v -6.659508 5.854287 -2.789999
v -6.653888 5.888889 -3.295902
v -6.665547 5.870448 -3.809407
v -7.237381 5.898603 -4.297070
v -7.296288 5.721350 -4.753542
v -7.255836 5.803001 -1.781224
v -7.189771 5.981861 -2.272604
v -7.186974 6.011936 -2.784141
v -7.181355 6.046544 -3.290044
v -7.193007 6.028102 -3.803549
v -6.530432 6.159048 -3.880554
v -6.600244 5.948296 -4.414564
v -6.670833 5.715063 -4.878128
v -6.783922 5.358897 -5.282108
v -6.926944 4.913373 -5.578367
v -7.064766 4.460590 -5.831347
v -7.214313 3.969297 -5.987128
v -7.369837 3.458364 -6.039734
v -7.525361 2.947438 -5.987128
v -7.674908 2.456138 -5.831346
v -7.812725 2.003360 -5.578366
v -7.933532 1.606496 -5.237915
v -8.032675 1.280796 -4.823067
v -8.106342 1.038778 -4.349775
v -8.151709 0.889746 -3.836227
v -8.167027 0.839424 -3.302145
v -8.151709 0.889746 -2.768069
v -8.106342 1.038779 -2.254520
v -8.032675 1.280791 -1.781223
v -7.933532 1.606491 -1.366380
v -7.812730 2.003356 -1.025929
v -7.674908 2.456139 -0.772944
v -7.525361 2.947433 -0.617163
v -7.369837 3.458365 -0.564562
v -7.214313 3.969297 -0.617163
v -7.064766 4.460591 -0.772944
v -6.926944 4.913374 -1.025929
v -6.806143 5.310239 -1.366380
v -6.652978 5.713586 -1.888475
v -6.578329 6.027770 -2.414540
v -6.527643 6.183222 -3.318622
v -7.079265 6.326110 -3.880554
v -7.149077 6.115355 -4.414564
v -7.219670 5.882121 -4.878128
v -7.332756 5.525960 -5.282108
v -7.475778 5.080432 -5.578367
v -7.613603 4.627654 -5.831347
v -7.763150 4.136359 -5.987128
v -7.918675 3.625427 -6.039734
v -8.074199 3.114496 -5.987128
v -8.223745 2.623202 -5.831346
v -8.361567 2.170419 -5.578366
v -8.482369 1.773554 -5.237915
v -8.581504 1.447854 -4.823067
v -8.655175 1.205837 -4.349775
v -8.700541 1.056805 -3.836227
v -8.715859 1.006482 -3.302145
v -8.700541 1.056805 -2.768069
v -8.655180 1.205837 -2.254520
v -8.581508 1.447855 -1.781223
v -8.482369 1.773554 -1.366380
v -8.361567 2.170419 -1.025929
v -8.223745 2.623202 -0.772944
v -8.074199 3.114496 -0.617163
v -7.918675 3.625428 -0.564562
v -7.763150 4.136360 -0.617163
v -7.613603 4.627654 -0.772944
v -7.475778 5.080432 -1.025929
v -7.354980 5.477302 -1.366380
v -7.201816 5.880649 -1.888475
v -7.127157 6.194833 -2.414540
v -7.076477 6.350285 -3.318622
v -6.846403 5.736387 -4.407815
v -6.877890 5.641657 -4.651777
v -7.159786 5.725911 -4.648645
v -7.128315 5.820641 -4.404688
v -6.821623 5.716994 -1.895076
v -6.797740 5.817615 -2.160815
v -7.079637 5.901868 -2.157689
v -7.114945 5.806276 -1.895076
v -6.784437 5.867908 -2.396170
v -6.782940 5.883981 -2.669559
v -7.064842 5.968238 -2.666428
v -7.066339 5.952163 -2.393039
v -6.780986 5.899036 -2.906396
v -6.777978 5.917530 -3.176778
v -7.059881 6.001789 -3.173646
v -7.062883 5.983295 -2.903269
v -6.779390 5.921295 -3.414073
v -6.785614 5.911438 -3.688515
v -7.067511 5.995697 -3.685384
v -7.061291 6.005548 -3.410941
v -6.798660 5.877002 -3.922931
v -6.822367 5.807796 -4.186687
v -7.104269 5.892049 -4.183556
v -7.080557 5.961260 -3.919799
v -6.674436 6.148876 -4.004858
v -6.711746 6.036243 -4.290259
v -7.005073 6.125525 -4.290259
v -6.967753 6.238163 -4.004858
v -6.744438 5.932891 -4.522472
v -6.782164 5.808244 -4.770224
v -7.075485 5.897531 -4.770224
v -7.037755 6.022178 -4.522472
v -6.763355 5.825608 -2.010930
v -6.723462 5.993524 -2.292084
v -7.016779 6.082811 -2.292084
v -7.056678 5.914894 -2.010930
v -6.694278 6.102844 -2.624985
v -6.667196 6.185925 -3.108167
v -6.960513 6.275212 -3.108167
v -6.987609 6.192131 -2.624985
v -6.656053 6.216486 -3.449419
v -6.657539 6.203564 -3.749743
v -6.950857 6.292851 -3.749743
v -6.949369 6.305768 -3.449419
v -6.645194 5.799297 -4.948912
v -6.762483 5.429329 -5.370605
v -7.311326 5.596387 -5.370605
v -7.194037 5.966361 -4.948912
v -6.908412 4.974263 -5.673616
v -7.457241 5.141321 -5.673616
v -7.051997 4.502534 -5.937187
v -7.600835 4.669592 -5.937187
v -7.207807 3.990678 -6.099494
v -7.756640 4.157741 -6.099494
v -7.369833 3.458369 -6.154296
v -7.918670 3.625427 -6.154296
v -7.531867 2.926056 -6.099493
v -8.080700 3.093115 -6.099493
v -7.687677 2.414200 -5.937187
v -8.236510 2.581258 -5.937187
v -7.831266 1.942471 -5.673620
v -8.380103 2.109534 -5.673620
v -7.957125 1.529001 -5.318923
v -8.505962 1.696059 -5.318923
v -8.060410 1.189670 -4.886712
v -8.609242 1.356733 -4.886712
v -8.137161 0.937523 -4.393620
v -8.685995 1.104586 -4.393620
v -8.184429 0.782252 -3.858576
v -8.733261 0.949315 -3.858576
v -8.200386 0.729828 -3.302145
v -8.749215 0.896886 -3.302145
v -8.184429 0.782252 -2.745724
v -8.733261 0.949315 -2.745724
v -8.137161 0.937523 -2.210680
v -8.686000 1.104582 -2.210680
v -8.060410 1.189665 -1.717584
v -8.609248 1.356728 -1.717584
v -7.957119 1.528996 -1.285377
v -8.505958 1.696054 -1.285377
v -7.831266 1.942471 -0.930670
v -8.380099 2.109530 -0.930670
v -7.687677 2.414200 -0.667104
v -8.236510 2.581259 -0.667104
v -7.531871 2.926057 -0.504803
v -8.080705 3.093115 -0.504803
v -7.369837 3.458365 -0.450004
v -7.918675 3.625428 -0.450004
v -7.207807 3.990678 -0.504803
v -7.756640 4.157741 -0.504803
v -7.051997 4.502534 -0.667104
v -7.600835 4.669593 -0.667104
v -6.908412 4.974263 -0.930670
v -7.457241 5.141326 -0.930670
v -6.782554 5.387739 -1.285377
v -7.331392 5.554797 -1.285377
v -6.678444 5.729839 -1.723876
v -7.227273 5.896916 -1.723923
v -6.679144 5.845254 -4.340081
v -6.738747 5.665923 -4.802969
v -6.847814 5.743875 -4.695345
v -6.816333 5.838605 -4.451388
v -7.266214 5.823572 -4.797110
v -7.129716 5.828133 -4.692214
v -7.206625 6.002904 -4.334228
v -7.098239 5.922858 -4.448261
v -6.630219 5.930590 -2.254292
v -6.766559 5.920300 -2.119158
v -6.790400 5.819664 -1.853419
v -7.157675 6.088259 -2.248482
v -7.048455 6.004572 -2.116079
v -7.083712 5.908966 -1.853467
v -6.626539 5.964335 -2.782725
v -6.749967 5.994072 -2.662905
v -6.751464 5.977995 -2.389516
v -7.153996 6.121990 -2.776867
v -7.031859 6.078326 -2.659769
v -7.033356 6.062254 -2.386380
v -6.620963 5.999005 -3.294305
v -6.745010 6.027540 -3.168885
v -6.748018 6.009048 -2.898508
v -7.148428 6.156654 -3.288452
v -7.026907 6.111799 -3.165754
v -7.029915 6.093306 -2.895381
v -6.633375 5.978748 -3.827128
v -6.752727 6.021654 -3.693215
v -6.746492 6.031511 -3.418777
v -7.160845 6.136402 -3.821275
v -7.034624 6.105912 -3.690088
v -7.028395 6.115769 -3.415645
v -6.790905 5.914174 -4.217430
v -6.767198 5.983386 -3.953668
v -7.072816 5.998433 -4.214303
v -7.049104 6.067644 -3.950541
v -6.498207 6.264911 -3.905091
v -6.569930 6.047878 -4.463437
v -6.680789 6.137933 -4.334437
v -6.643483 6.250569 -4.049037
v -7.118767 6.214941 -4.463432
v -6.974121 6.227219 -4.334437
v -7.047045 6.431970 -3.905086
v -6.936800 6.339856 -4.049032
v -6.752498 5.905724 -4.823787
v -6.714764 6.030372 -4.576036
v -7.045815 5.995006 -4.823787
v -7.008085 6.119658 -4.576036
v -6.624394 5.807491 -1.828334
v -6.547544 6.128906 -2.374221
v -6.694878 6.087429 -2.231943
v -6.734772 5.919513 -1.950789
v -7.096371 6.295969 -2.374221
v -6.988191 6.176712 -2.231943
v -7.173233 5.974550 -1.828334
v -7.028094 6.008800 -1.950789
v -6.494404 6.292422 -3.310825
v -6.634203 6.294291 -3.087687
v -6.661291 6.211215 -2.604504
v -7.043241 6.459481 -3.310825
v -6.927530 6.383578 -3.087687
v -6.954622 6.300502 -2.604504
v -6.624046 6.313594 -3.754647
v -6.622560 6.326510 -3.454324
v -6.917363 6.402876 -3.754642
v -6.915881 6.415793 -3.454319
v -7.279554 5.778226 -4.777783
v -6.752093 5.620571 -4.783641
v -6.692795 5.798978 -4.323599
v -6.647645 5.930704 -3.819269
v -6.635571 5.950155 -3.295015
v -6.641168 5.915514 -2.785952
v -6.644456 5.883394 -2.265011
v -6.691108 5.688182 -1.749318
v -6.793021 5.353354 -1.321310
v -6.916630 4.947253 -0.972928
v -7.057669 4.483927 -0.714062
v -7.210691 3.981193 -0.554653
v -7.369837 3.458365 -0.500827
v -7.528984 2.935537 -0.554653
v -7.682014 2.432803 -0.714061
v -7.823044 1.969482 -0.972928
v -7.946657 1.563375 -1.321315
v -8.048108 1.230092 -1.745815
v -8.123492 0.982441 -2.230131
v -8.169911 0.829939 -2.755638
v -8.185581 0.778444 -3.302145
v -8.169911 0.829939 -3.848662
v -8.123492 0.982446 -4.374169
v -8.048108 1.230097 -4.858476
v -7.946657 1.563380 -5.282985
v -7.823039 1.969481 -5.631362
v -7.682014 2.432807 -5.890234
v -7.528978 2.935541 -6.049642
v -7.369833 3.458364 -6.103473
v -7.210691 3.981193 -6.049643
v -7.057669 4.483926 -5.890234
v -6.916630 4.947247 -5.631363
v -6.771992 5.398081 -5.331345
v -6.656572 5.761930 -4.917512
v -6.583375 6.003700 -4.441755
v -6.512501 6.217944 -3.894204
v -6.509150 6.243978 -3.314286
v -6.561198 6.084041 -2.392109
v -6.637073 5.765834 -1.855015
v -7.185911 5.932892 -1.855015
v -7.110032 6.251104 -2.392109
v -7.057983 6.411036 -3.314281
v -7.061339 6.385007 -3.894204
v -7.132214 6.170763 -4.441755
v -7.205405 5.928988 -4.917512
v -7.320835 5.565144 -5.331345
v -7.465472 5.114310 -5.631363
v -7.606493 4.650990 -5.890234
v -7.759529 4.148256 -6.049643
v -7.918670 3.625427 -6.103473
v -8.077817 3.102599 -6.049642
v -8.230848 2.599866 -5.890234
v -8.371878 2.136545 -5.631362
v -8.495496 1.730438 -5.282985
v -8.596941 1.397155 -4.858476
v -8.672320 1.149504 -4.374169
v -8.718749 0.997002 -3.848662
v -8.734419 0.945507 -3.302145
v -8.718749 0.997002 -2.755638
v -8.672330 1.149504 -2.230131
v -8.596941 1.397155 -1.745815
v -8.495491 1.730438 -1.321315
v -8.371872 2.136540 -0.972928
v -8.230848 2.599866 -0.714061
v -8.077821 3.102600 -0.554653
v -7.918675 3.625428 -0.500827
v -7.759529 4.148252 -0.554653
v -7.606493 4.650990 -0.714062
v -7.465472 5.114311 -0.972928
v -7.341854 5.520417 -1.321310
v -7.239946 5.855254 -1.749342
v -7.171916 6.041059 -2.259182
v -7.168623 6.073169 -2.780094
v -7.163037 6.107805 -3.289157
v -7.175115 6.088358 -3.813411
v -7.220271 5.956633 -4.317746
v -7.042970 5.959917 -1.982094
v -6.749658 5.870635 -1.982094
v -6.709754 6.038547 -2.263243
v -7.003067 6.127834 -2.263243
v -6.943206 6.332074 -3.097419
v -6.970298 6.248992 -2.614237
v -6.676971 6.159705 -2.614237
v -6.649889 6.242786 -3.097419
v -6.932649 6.360709 -3.451869
v -6.639327 6.271422 -3.451869
v -6.640814 6.258505 -3.752192
v -6.934132 6.347787 -3.752192
v -6.951529 6.291474 -4.028018
v -6.658212 6.202191 -4.028018
v -6.695522 6.089555 -4.313423
v -6.988844 6.178837 -4.313418
v -7.024229 6.066605 -4.546885
v -6.730916 5.977318 -4.546885
v -6.768636 5.852670 -4.794637
v -7.061964 5.941957 -4.794637
v -7.111127 5.879056 -4.429587
v -6.829216 5.794797 -4.432718
v -6.860707 5.700073 -4.676676
v -7.142605 5.784327 -4.673544
v -7.065152 6.013361 -3.934856
v -6.783250 5.929107 -3.937983
v -6.806957 5.859896 -4.201739
v -7.088864 5.944149 -4.198617
v -7.047040 6.053293 -3.412981
v -6.765138 5.969034 -3.416108
v -6.771368 5.959182 -3.690550
v -7.053270 6.043436 -3.687419
v -7.048732 6.030515 -2.899885
v -6.766830 5.946257 -2.903007
v -6.763832 5.964750 -3.173389
v -7.045725 6.049008 -3.170258
v -7.050329 6.005607 -2.389807
v -6.768427 5.921353 -2.392938
v -6.766930 5.937429 -2.666328
v -7.048828 6.021684 -2.663196
v -7.065657 5.947910 -2.139034
v -7.100947 5.852313 -1.876421
v -6.807625 5.763021 -1.876402
v -6.783755 5.863648 -2.142141
v -7.462461 5.805517 -4.573476
v -7.451722 5.783311 -4.583209
v -6.546089 5.546870 -4.573476
v -6.566851 5.533558 -4.583209
v -7.462461 5.805517 -5.525651
v -7.457026 5.784812 -5.510408
v -6.546089 5.546870 -5.525651
v -6.561546 5.532061 -5.510408
v -7.302952 5.760495 -4.672009
v -7.323709 5.747183 -4.662282
v -6.705603 5.591892 -4.672009
v -6.694864 5.569686 -4.662282
v -6.705603 5.591892 -5.292828
v -6.700164 5.571187 -5.308075
v -7.302952 5.760495 -5.292828
v -7.318404 5.745687 -5.308075
v -7.439067 5.888408 -4.573476
v -7.418305 5.901720 -4.583209
v -6.533430 5.651967 -4.583209
v -6.522696 5.629760 -4.573476
v -6.682204 5.674783 -4.672009
v -6.661448 5.688100 -4.662282
v -7.290293 5.865592 -4.662282
v -7.279554 5.843386 -4.672009
v -6.528130 5.650470 -5.510408
v -6.522691 5.629760 -5.525651
v -6.682200 5.674783 -5.292828
v -6.666748 5.689597 -5.308075
v -7.423605 5.903222 -5.510408
v -7.439063 5.888408 -5.525651
v -7.279549 5.843386 -5.292828
v -7.284987 5.864095 -5.308075
v -6.653421 5.675941 -2.109106
v -6.628374 5.687815 -2.097657
v -6.637593 5.706127 -2.107981
v -6.655304 5.697728 -2.116075
v -6.580821 5.787005 -2.304538
v -6.605872 5.775133 -2.315987
v -6.613842 5.784222 -2.296478
v -6.596130 5.792620 -2.288380
v -6.569453 5.907950 -1.978572
v -6.584786 5.932386 -1.970378
v -6.593542 5.928503 -1.991236
v -6.582699 5.911220 -1.997031
v -6.537233 6.031579 -2.177254
v -6.521905 6.007142 -2.185447
v -6.541237 5.997714 -2.177431
v -6.552075 6.014997 -2.171635
v -7.173981 6.115774 -2.017870
v -7.199032 6.103901 -2.029318
v -7.183723 6.098287 -2.045476
v -7.166011 6.106680 -2.037383
v -7.151484 6.203093 -2.236199
v -7.126437 6.214966 -2.224751
v -7.124549 6.193174 -2.217782
v -7.142266 6.184781 -2.225875
v -7.257948 5.883766 -2.148409
v -7.242620 5.859329 -2.156602
v -7.227778 5.875911 -2.162226
v -7.238621 5.893194 -2.156430
v -7.195066 5.958516 -2.363478
v -7.210400 5.982957 -2.355284
v -7.197154 5.979687 -2.336830
v -7.186316 5.962405 -2.342621
v -6.638083 5.651491 -2.117304
v -6.618294 5.638717 -2.135864
v -6.600577 5.647110 -2.127766
v -6.613036 5.663363 -2.105855
v -6.576827 5.725211 -2.316263
v -6.590535 5.750681 -2.324185
v -6.565493 5.762554 -2.312736
v -6.559121 5.733609 -2.308165
v -6.512177 6.043456 -2.165801
v -6.491596 6.043661 -2.143990
v -6.480757 6.026383 -2.149786
v -6.496849 6.019014 -2.173999
v -6.533063 5.957167 -1.963591
v -6.559730 5.944265 -1.958921
v -6.544402 5.919827 -1.967119
v -6.522224 5.939889 -1.969387
v -7.166817 6.227544 -2.228001
v -7.179276 6.243792 -2.206090
v -7.161564 6.252191 -2.197997
v -7.141775 6.239417 -2.216552
v -7.220742 6.157299 -2.025691
v -7.214370 6.128353 -2.021120
v -7.189319 6.140225 -2.009672
v -7.203027 6.165692 -2.017598
v -7.220128 5.946638 -2.374936
v -7.246795 5.933736 -2.370265
v -7.257638 5.951018 -2.364474
v -7.235456 5.971079 -2.366743
v -7.288261 5.847242 -2.189866
v -7.267676 5.847452 -2.168056
v -7.283010 5.871889 -2.159862
v -7.299100 5.864524 -2.184075
v 3.648177 4.081500 -4.539803
v 3.621534 3.929116 -5.046540
v 3.676889 4.005883 -1.740424
v 3.684153 4.160811 -2.292408
v 3.680207 4.183880 -2.860277
v 3.678486 4.211347 -3.421889
v 3.669206 4.193350 -3.991941
v 2.989496 3.992236 -4.533301
v 2.962857 3.839853 -5.040039
v 2.990802 3.915209 -1.740424
v 3.025476 4.071548 -2.285907
v 3.021525 4.094612 -2.853776
v 3.019809 4.122084 -3.415387
v 3.010529 4.104086 -3.985440
v 3.758717 4.456663 -4.070914
v 3.727312 4.275563 -4.663735
v 3.700402 4.077734 -5.178342
v 3.653077 3.773579 -5.626806
v 3.595834 3.392728 -5.990517
v 3.555592 2.968014 -6.166560
v 3.503754 2.565043 -6.263824
v 3.458179 1.985510 -6.318575
v 3.422389 1.413995 -6.284620
v 3.391051 0.931237 -6.138290
v 3.304266 0.537656 -5.932635
v 3.241342 0.404023 -5.459037
v 3.165486 0.308860 -5.117218
v 3.063507 0.326695 -4.591812
v 2.995249 0.354264 -4.021712
v 2.973157 0.360665 -3.428823
v 2.995249 0.354264 -2.835936
v 3.063507 0.326695 -2.265836
v 3.165486 0.308860 -1.740424
v 3.241342 0.404024 -1.396465
v 3.304261 0.537656 -0.920170
v 3.394154 0.858441 -0.670969
v 3.447012 1.358911 -0.525898
v 3.471968 1.979324 -0.474813
v 3.505689 2.521384 -0.533758
v 3.547233 3.000906 -0.667123
v 3.592045 3.392504 -0.901958
v 3.638640 3.729400 -1.279901
v 3.721769 4.083573 -1.859481
v 3.733966 4.342149 -2.443475
v 3.756177 4.475414 -3.447112
v 3.072634 4.365993 -4.070914
v 3.041224 4.184889 -4.663735
v 3.014309 3.987060 -5.178342
v 2.966985 3.682904 -5.626806
v 2.909756 3.302054 -5.990517
v 2.869505 2.877340 -6.166560
v 2.815059 2.517671 -6.237916
v 2.769484 1.938139 -6.292151
v 2.733694 1.366623 -6.259054
v 2.712427 0.946827 -6.158943
v 2.624618 0.566711 -5.981608
v 2.552966 0.284900 -5.500600
v 2.519178 0.063882 -4.992823
v 2.377429 0.236021 -4.591812
v 2.309161 0.263590 -4.021712
v 2.287069 0.269991 -3.428823
v 2.309161 0.263590 -2.835936
v 2.377419 0.236021 -2.265836
v 2.519173 0.063882 -1.863752
v 2.552966 0.284900 -1.353763
v 2.624618 0.566711 -0.870057
v 2.724614 0.937381 -0.690278
v 2.758317 1.311539 -0.552580
v 2.783278 1.931952 -0.502376
v 2.816994 2.474012 -0.560802
v 2.861145 2.910237 -0.667123
v 2.905952 3.301831 -0.901958
v 2.952553 3.638726 -1.279901
v 3.035676 3.992904 -1.859481
v 3.047883 4.251474 -2.443475
v 3.070089 4.384740 -3.447112
v 3.488659 4.025252 -4.656243
v 3.474413 3.943811 -4.927068
v 3.122390 3.896105 -4.923594
v 3.136617 3.977542 -4.652768
v 3.522486 4.020682 -1.866812
v 3.526366 4.103486 -2.161811
v 3.174346 4.055781 -2.158341
v 3.155811 3.972223 -1.866812
v 3.529907 4.145401 -2.423080
v 3.527805 4.157732 -2.726574
v 3.175777 4.110021 -2.723099
v 3.177883 4.097691 -2.419605
v 3.526475 4.169490 -2.989496
v 3.525560 4.184175 -3.289643
v 3.173537 4.136469 -3.286169
v 3.174456 4.121789 -2.986026
v 3.522995 4.186377 -3.553076
v 3.518039 4.176763 -3.857737
v 3.166020 4.129057 -3.854258
v 3.170968 4.138670 -3.549597
v 3.510980 4.146535 -4.117962
v 3.499751 4.086761 -4.410760
v 3.147722 4.039051 -4.407290
v 3.158961 4.098829 -4.114488
v 3.591702 4.393400 -4.208913
v 3.574915 4.296611 -4.525742
v 3.208235 4.248152 -4.525742
v 3.225031 4.344946 -4.208913
v 3.561331 4.208406 -4.783527
v 3.546952 4.102676 -5.058555
v 3.180271 4.054217 -5.058555
v 3.194665 4.159947 -4.783527
v 3.564901 4.122656 -1.995421
v 3.571421 4.260850 -2.307536
v 3.204746 4.212391 -2.307536
v 3.198226 4.074202 -1.995421
v 3.579438 4.352062 -2.677094
v 3.591301 4.423285 -3.213487
v 3.224631 4.374826 -3.213487
v 3.212749 4.303604 -2.677094
v 3.597064 4.449943 -3.592312
v 3.598422 4.439924 -3.925704
v 3.231752 4.391465 -3.925704
v 3.230388 4.401484 -3.592312
v 3.710286 4.149238 -5.256919
v 3.661347 3.833361 -5.725044
v 2.975249 3.742688 -5.725044
v 3.024194 4.058564 -5.256919
v 3.602984 3.444414 -6.096257
v 2.916900 3.353740 -6.096257
v 3.560521 3.003618 -6.284053
v 2.874433 2.912944 -6.284053
v 3.505933 2.588737 -6.386328
v 2.817294 2.540473 -6.359866
v 3.458184 1.985515 -6.450463
v 2.769494 1.938143 -6.422904
v 3.420216 1.390306 -6.419020
v 2.731516 1.342934 -6.392357
v 3.348445 0.902724 -6.242062
v 2.669163 0.918296 -6.264955
v 3.285825 0.497700 -6.018909
v 2.606172 0.526755 -6.069961
v 3.233296 0.351432 -5.523941
v 2.544916 0.232308 -5.567270
v 3.154786 0.231507 -5.187874
v 2.509726 0.002049 -5.039790
v 3.051625 0.240745 -4.640485
v 2.365532 0.150071 -4.640485
v 2.982623 0.263018 -4.046525
v 2.296540 0.172344 -4.046525
v 2.960288 0.267631 -3.428819
v 2.274205 0.176958 -3.428819
v 2.982623 0.263018 -2.811127
v 2.296540 0.172344 -2.811127
v 3.051625 0.240740 -2.217172
v 2.365527 0.150067 -2.217172
v 3.154786 0.231503 -1.669773
v 2.509722 0.002044 -1.817399
v 3.233301 0.351432 -1.332087
v 2.544925 0.232309 -1.287626
v 3.285825 0.497700 -0.834310
v 2.606177 0.526756 -0.782124
v 3.363396 0.837661 -0.563489
v 2.693529 0.916728 -0.580515
v 3.444829 1.335218 -0.391365
v 2.756134 1.287846 -0.419138
v 3.471968 1.979324 -0.342934
v 2.783278 1.931952 -0.371628
v 3.507872 2.545078 -0.411407
v 2.819230 2.496814 -0.438975
v 3.552155 3.036511 -0.549625
v 2.866073 2.945842 -0.549625
v 3.599190 3.444195 -0.796213
v 2.913102 3.353521 -0.796213
v 3.647744 3.795184 -1.189975
v 2.961651 3.704510 -1.189975
v 3.687886 4.085580 -1.676756
v 3.001798 3.994925 -1.676809
v 3.659269 4.169661 -4.581050
v 3.632311 4.015486 -5.094908
v 3.485189 4.030180 -4.975431
v 3.499431 4.111618 -4.704616
v 2.973634 3.926219 -5.088407
v 3.133166 3.982470 -4.971957
v 3.000582 4.080393 -4.574553
v 3.147398 4.063906 -4.701141
v 3.696298 4.250998 -2.265583
v 3.538334 4.190624 -2.115569
v 3.534511 4.107829 -1.820569
v 3.037625 4.161749 -2.259130
v 3.186310 4.142932 -2.112152
v 3.167836 4.059384 -1.820621
v 3.692504 4.277094 -2.852208
v 3.540097 4.250975 -2.719190
v 3.542204 4.238644 -2.415697
v 3.033841 4.187831 -2.845702
v 3.188083 4.203269 -2.715711
v 3.190185 4.190938 -2.412218
v 3.690717 4.304590 -3.420120
v 3.537867 4.277360 -3.280883
v 3.538786 4.262676 -2.980736
v 3.032044 4.215327 -3.413619
v 3.185848 4.229654 -3.277413
v 3.186763 4.214975 -2.977266
v 3.680989 4.284976 -4.011612
v 3.530207 4.270068 -3.862956
v 3.535174 4.279686 -3.558295
v 3.022307 4.195709 -4.005116
v 3.178188 4.222362 -3.859477
v 3.183141 4.231980 -3.554821
v 3.511157 4.176706 -4.444891
v 3.522395 4.236484 -4.152089
v 3.159118 4.129000 -4.441422
v 3.170362 4.188779 -4.148614
v 3.771152 4.546527 -4.098163
v 3.739004 4.360098 -4.717986
v 3.586869 4.382938 -4.574787
v 3.603646 4.479727 -4.257957
v 3.052911 4.269424 -4.717981
v 3.220175 4.334475 -4.574782
v 3.085060 4.455853 -4.098158
v 3.236971 4.431268 -4.257953
v 3.558390 4.185423 -5.118015
v 3.572779 4.291153 -4.842986
v 3.191715 4.136965 -5.118015
v 3.206104 4.242695 -4.842986
v 3.732788 4.163289 -1.792720
v 3.745839 4.427999 -2.398720
v 3.582446 4.340562 -2.240770
v 3.575926 4.202373 -1.928659
v 3.059761 4.337330 -2.398720
v 3.215785 4.292108 -2.240770
v 3.046701 4.072615 -1.792720
v 3.209250 4.153913 -1.928659
v 3.768998 4.568109 -3.438461
v 3.604037 4.515279 -3.190743
v 3.592164 4.444057 -2.654355
v 3.082915 4.477434 -3.438456
v 3.237357 4.466820 -3.190743
v 3.225479 4.395593 -2.654355
v 3.611344 4.533324 -3.931148
v 3.609981 4.543343 -3.597755
v 3.244673 4.484865 -3.931148
v 3.243305 4.494879 -3.597750
v 2.968853 3.887902 -5.066948
v 3.627525 3.977170 -5.073450
v 3.654355 4.130554 -4.562752
v 3.675770 4.244329 -4.002885
v 3.685292 4.263224 -3.420902
v 3.687051 4.235742 -2.855788
v 3.690907 4.210990 -2.277484
v 3.683010 4.050223 -1.705001
v 3.643702 3.766000 -1.229869
v 3.596020 3.421264 -0.843123
v 3.549973 3.020715 -0.601753
v 3.506905 2.534568 -0.465652
v 3.471968 1.979324 -0.401446
v 3.445791 1.345728 -0.451082
v 3.377023 0.846888 -0.611029
v 3.293999 0.515426 -0.872211
v 3.236871 0.374763 -1.360446
v 3.159533 0.265821 -1.701116
v 3.056891 0.278871 -2.238758
v 2.988228 0.303498 -2.822133
v 2.965998 0.308903 -3.428819
v 2.988228 0.303498 -4.035515
v 3.056891 0.278870 -4.618889
v 3.159533 0.265825 -5.156531
v 3.236862 0.374763 -5.495347
v 3.294004 0.515426 -5.980822
v 3.367305 0.915374 -6.196163
v 3.421179 1.400816 -6.359361
v 3.458184 1.985510 -6.391952
v 3.504965 2.578227 -6.332016
v 3.558328 2.987822 -6.231929
v 3.599819 3.421483 -6.049352
v 3.657677 3.806842 -5.681462
v 3.705902 4.117513 -5.222063
v 3.733818 4.322597 -4.693920
v 3.765643 4.506661 -4.086076
v 3.763312 4.526985 -3.442298
v 3.740577 4.389916 -2.418571
v 3.727903 4.127928 -1.822338
v 3.041816 4.037254 -1.822338
v 3.054484 4.299242 -2.418571
v 3.077224 4.436311 -3.442293
v 3.079550 4.415988 -4.086071
v 3.047725 4.231923 -4.693915
v 3.019809 4.026844 -5.222063
v 2.971580 3.716168 -5.681462
v 2.913722 3.330809 -6.049352
v 2.872255 2.897153 -6.231929
v 2.816270 2.530855 -6.305492
v 2.769494 1.938143 -6.364899
v 2.732483 1.353444 -6.333184
v 2.688314 0.930955 -6.218059
v 2.614356 0.544481 -6.030954
v 2.548476 0.255640 -5.537895
v 2.513916 0.029479 -5.019143
v 2.370813 0.188201 -4.618889
v 2.302135 0.212824 -4.035515
v 2.279910 0.218229 -3.428819
v 2.302135 0.212824 -2.822133
v 2.370803 0.188197 -2.238758
v 2.513921 0.029479 -1.837775
v 2.548481 0.255640 -1.316768
v 2.614370 0.544482 -0.820945
v 2.707294 0.925894 -0.629069
v 2.757097 1.298355 -0.478373
v 2.783278 1.931952 -0.429633
v 2.818210 2.487196 -0.493311
v 2.863895 2.930046 -0.601753
v 2.909927 3.330590 -0.843123
v 2.957614 3.675326 -1.229869
v 2.996917 3.959559 -1.705029
v 3.032230 4.121732 -2.271012
v 3.028379 4.146479 -2.849281
v 3.026616 4.173960 -3.414406
v 3.017087 4.155062 -3.996388
v 2.995664 4.041282 -4.556256
v 3.203516 4.112419 -1.963410
v 3.570182 4.160878 -1.963410
v 3.576712 4.299071 -2.275521
v 3.210041 4.250617 -2.275521
v 3.231304 4.423094 -3.201553
v 3.219431 4.351871 -2.665165
v 3.586116 4.400331 -2.665165
v 3.597979 4.471553 -3.201553
v 3.236837 4.448117 -3.595029
v 3.603513 4.496576 -3.595029
v 3.604876 4.486562 -3.928426
v 3.238205 4.438103 -3.928426
v 3.231289 4.390197 -4.234622
v 3.597965 4.438656 -4.234622
v 3.581182 4.341867 -4.551451
v 3.214503 4.293408 -4.551451
v 3.199880 4.197659 -4.810627
v 3.566550 4.246118 -4.810627
v 3.552171 4.140387 -5.085656
v 3.185490 4.091928 -5.085656
v 3.142780 4.026896 -4.680413
v 3.494818 4.074607 -4.683887
v 3.480566 3.993166 -4.954707
v 3.128547 3.945460 -4.951228
v 3.164542 4.142879 -4.131198
v 3.516566 4.190590 -4.134673
v 3.505342 4.130816 -4.427475
v 3.153303 4.083106 -4.424006
v 3.176244 4.179089 -3.551860
v 3.528272 4.226795 -3.555335
v 3.523315 4.217176 -3.859996
v 3.171287 4.169470 -3.856517
v 3.179737 4.161783 -2.982266
v 3.531766 4.209489 -2.985731
v 3.530841 4.224168 -3.285887
v 3.178823 4.176463 -3.282408
v 3.183855 4.142961 -2.416021
v 3.535879 4.190667 -2.419496
v 3.533772 4.202998 -2.722994
v 3.181749 4.155292 -2.719514
v 3.179704 4.094850 -2.137632
v 3.161201 4.011302 -1.846102
v 3.527881 4.059756 -1.846079
v 3.531737 4.142551 -2.141083
v 2.855940 3.895648 -4.700155
v 2.873089 3.877917 -4.709882
v 3.807228 3.936723 -4.700155
v 3.791676 3.917582 -4.709882
v 2.855940 3.895647 -5.652329
v 2.867584 3.877684 -5.637082
v 3.807228 3.936723 -5.652329
v 3.797181 3.917815 -5.637082
v 3.021530 3.902797 -4.798688
v 3.005978 3.883655 -4.788955
v 3.641638 3.929574 -4.798688
v 3.658787 3.911843 -4.788955
v 3.641638 3.929569 -5.419507
v 3.653282 3.911605 -5.434749
v 3.021530 3.902797 -5.419507
v 3.011487 3.883893 -5.434749
v 2.852227 3.981698 -4.700155
v 2.867774 4.000839 -4.709882
v 3.786362 4.040499 -4.709882
v 3.803515 4.022769 -4.700155
v 3.637921 4.015620 -4.798688
v 3.653478 4.034761 -4.788955
v 3.000668 4.006578 -4.788955
v 3.017812 3.988847 -4.798688
v 3.791872 4.040738 -5.637082
v 3.803515 4.022774 -5.652329
v 3.637925 4.015620 -5.419507
v 3.647973 4.034528 -5.434749
v 2.862274 4.000606 -5.637082
v 2.852231 3.981698 -5.652329
v 3.017817 3.988847 -5.419507
v 3.006178 4.006816 -5.434749
v 3.661318 3.919698 -1.972961
v 3.681389 3.938812 -1.961513
v 3.666909 3.953320 -1.971837
v 3.652710 3.939803 -1.979930
v 3.695516 4.047897 -2.168393
v 3.675441 4.028785 -2.179842
v 3.665027 4.034928 -2.160334
v 3.679220 4.048446 -2.152236
v 3.668468 4.166330 -1.842427
v 3.646261 4.184747 -1.834234
v 3.639165 4.178312 -1.855091
v 3.654865 4.165291 -1.860887
v 3.660389 4.293833 -2.041110
v 3.682595 4.275416 -2.049303
v 3.667181 4.260417 -2.041286
v 3.651481 4.273438 -2.035491
v 3.029266 4.174562 -1.881725
v 3.009195 4.155449 -1.893174
v 3.025491 4.154905 -1.909332
v 3.039680 4.168417 -1.901239
v 3.023317 4.264535 -2.100055
v 3.043393 4.283652 -2.088606
v 3.052001 4.263543 -2.081638
v 3.037802 4.250031 -2.089731
v 3.022112 3.927929 -2.012264
v 3.044318 3.909518 -2.020458
v 3.053226 3.929908 -2.026082
v 3.037526 3.942934 -2.020286
v 3.058445 4.018604 -2.227333
v 3.036239 4.037021 -2.219140
v 3.049847 4.038060 -2.200685
v 3.065551 4.025038 -2.206476
v 3.683529 3.901272 -1.981160
v 3.706326 3.895333 -1.999720
v 3.720520 3.908850 -1.991621
v 3.703604 3.920390 -1.969711
v 3.718647 3.990458 -2.180119
v 3.697657 4.010363 -2.188040
v 3.717727 4.029476 -2.176591
v 3.732841 4.003976 -2.172021
v 3.680474 4.312951 -2.029657
v 3.699954 4.319590 -2.007846
v 3.715654 4.306569 -2.013642
v 3.702675 4.294538 -2.037855
v 3.687638 4.224465 -1.827447
v 3.666347 4.203865 -1.822781
v 3.688548 4.185447 -1.830974
v 3.703338 4.211442 -1.833243
v 3.001102 4.282961 -2.091856
v 2.984181 4.294496 -2.069946
v 2.998380 4.308012 -2.061853
v 3.021177 4.302073 -2.080408
v 2.971866 4.199375 -1.889547
v 2.986974 4.173875 -1.884976
v 3.007055 4.192988 -1.873528
v 2.986064 4.212887 -1.881454
v 3.038365 3.999481 -2.238792
v 3.017074 3.978882 -2.234121
v 3.001369 3.991903 -2.228330
v 3.016159 4.017899 -2.230598
v 3.004748 3.883756 -2.053721
v 3.024237 3.890395 -2.031911
v 3.002031 3.908807 -2.023718
v 2.989048 3.896782 -2.047930
v -11.967216 0.435986 1.059641
v 11.785215 4.503350 3.380302
v -11.967216 0.435987 5.825927
v 11.785215 4.503350 3.505270
v 11.785215 4.503350 3.440878
v -11.965128 0.429176 3.369917
v 11.657898 3.733705 2.138508
v 11.657898 3.733705 3.402904
v 11.657898 3.733705 4.747063
v 11.439859 3.002565 1.520469
v 11.439859 3.002565 3.384011
v 11.439859 3.002565 5.365108
v 11.109685 2.269715 1.157245
v 11.109685 2.269715 3.372905
v 11.109685 2.269716 5.728328
v 10.570851 1.539267 1.059646
v 10.570851 1.539268 3.369917
v 10.570851 1.539268 5.825932
v 9.682458 0.678519 1.059641
v 10.054895 0.981240 3.369917
v 9.682458 0.678520 5.825927
v 8.503141 0.197162 1.059646
v 8.503141 0.197163 3.369917
v 8.503141 0.197163 5.825932
v -9.632092 0.197163 5.825927
v -9.632092 0.197163 3.369917
v -9.632092 0.197162 1.059641
v -11.967216 0.435987 5.516800
v -9.632092 0.197163 5.516800
v 8.503141 0.197163 5.516805
v 9.682458 0.678520 5.516800
v 10.570851 1.539268 5.516805
v 11.109685 2.269716 5.431864
v 11.439859 3.002565 5.115756
v 11.657898 3.733705 4.577879
v 11.785215 4.503350 3.497167
v -11.967216 0.435986 1.329918
v -9.632092 0.197163 1.329918
v 8.503141 0.197163 1.329922
v 9.682458 0.678519 1.329918
v 10.570851 1.539267 1.329922
v 11.109685 2.269715 1.416455
v 11.439859 3.002565 1.738484
v 11.657898 3.733705 2.286430
v 11.785215 4.503350 3.387390
v -11.965128 0.429176 2.605390
v -9.632089 0.197163 2.231489
v 8.503141 0.197163 2.605395
v 10.054862 0.975764 2.605395
v 10.570851 1.539268 2.605395
v 11.109685 2.269715 2.639688
v 11.439859 3.002565 2.767320
v 11.657898 3.733705 2.984486
v 11.785215 4.503350 3.420830
v -11.965128 0.429176 4.019505
v -9.632092 0.197163 4.365194
v 8.503141 0.197163 4.019510
v 10.054862 0.975764 4.019510
v 10.570851 1.539268 4.019510
v 11.109685 2.269715 3.995888
v 11.439859 3.002565 3.907988
v 11.657898 3.733705 3.758421
v 11.785215 4.503350 3.457907
v -11.965128 0.429176 4.352239
v -9.632092 0.197163 4.867241
v 8.503141 0.197163 4.352239
v 10.054862 0.975764 4.352239
v 10.570851 1.539268 4.352239
v 11.109685 2.269715 4.314995
v 11.439859 3.002565 4.176382
v 11.657898 3.733705 3.940522
v 11.785215 4.503350 3.466635
v -11.965128 0.429176 2.328116
v -9.632092 0.197163 1.813115
v 8.503141 0.197163 2.328116
v 10.054862 0.975764 2.328121
v 10.570851 1.539267 2.328116
v 11.109685 2.269715 2.373768
v 11.439859 3.002565 2.543657
v 11.657898 3.733705 2.832737
v 11.785215 4.503350 3.413562
v 4.754275 0.197162 1.059641
v 4.754275 0.197163 1.329922
v 4.754275 0.197163 2.328116
v 4.754275 0.197163 2.605390
v 4.754275 0.197163 3.369917
v 4.754275 0.197163 4.019505
v 4.754275 0.197163 4.352239
v 4.754275 0.197163 5.516805
v 4.754275 0.197163 5.825927
v -0.070345 0.197162 1.059641
v -0.070345 0.197163 1.329918
v -0.070345 0.197163 2.328116
v -0.070345 0.197163 2.605390
v -0.070345 0.197163 3.369917
v -0.070345 0.197163 4.019505
v -0.070345 0.197163 4.352239
v -0.070345 0.197163 5.516800
v -0.070345 0.197163 5.825927
v -4.867241 0.197162 1.059641
v -4.867241 0.197163 1.329918
v -4.867241 0.197163 2.328116
v -4.867241 0.197163 2.605390
v -4.867241 0.197163 3.369917
v -4.867241 0.197163 4.019505
v -4.867241 0.197163 4.352239
v -4.867241 0.197163 5.516800
v -4.867241 0.197163 5.825927
v -9.609600 0.650575 5.516800
v -4.867241 0.651690 5.516800
v -4.867241 0.651690 5.825927
v -9.609600 0.650575 5.825927
v 8.416423 0.634493 5.516805
v 8.416423 0.634493 5.825932
v -9.632092 0.651690 4.674984
v -4.867241 0.651690 4.352239
v -9.632092 0.651690 4.365194
v -4.867241 0.651690 4.019505
v 8.416423 0.634493 4.352239
v 8.416423 0.634493 4.019510
v 4.754275 0.651690 4.019505
v 4.754275 0.651690 4.352239
v 4.754275 0.651690 5.516805
v 4.754275 0.651690 5.825927
v -0.070345 0.651690 4.019505
v -0.070345 0.651690 4.352239
v -0.070345 0.651690 5.516800
v -0.070345 0.651690 5.825927
v -9.609605 0.650574 1.059641
v -9.609605 0.650574 1.329918
v -4.867241 0.651690 1.059646
v -4.867241 0.651690 1.329922
v 8.416423 0.634493 1.059641
v 8.416423 0.634493 1.329918
v -9.632092 0.651690 2.005368
v -4.867241 0.651690 2.328116
v -4.867241 0.651690 2.605390
v -9.632089 0.651690 2.231489
v 8.416423 0.634493 2.328116
v 8.416423 0.634493 2.605395
v 4.754275 0.651690 1.059646
v 4.754275 0.651690 1.329922
v 4.754275 0.651690 2.328116
v 4.754275 0.651690 2.605395
v -0.070345 0.651690 1.059641
v -0.070345 0.651690 1.329918
v -0.070345 0.651690 2.328112
v -0.070345 0.651690 2.605390
v -7.607522 0.197162 1.059641
v -7.594592 0.651046 1.059641
v -7.594592 0.651046 1.329922
v -7.607522 0.651690 2.005372
v -7.607522 0.650198 2.231489
v -7.607522 0.197163 2.231489
v -7.813902 0.197163 3.369917
v -7.607522 0.197163 4.365194
v -7.607522 0.650198 4.365189
v -7.607522 0.651690 4.674984
v -7.594592 0.651047 5.516800
v -7.594592 0.651047 5.825927
v -7.607522 0.197163 5.825927
v -7.396495 0.197162 1.059641
v -7.384560 0.651094 1.059641
v -7.384560 0.651094 1.329922
v -7.396495 0.651690 2.328116
v -7.396495 0.650198 2.605390
v -7.396495 0.197163 2.605390
v -7.602880 0.197163 3.369917
v -7.396495 0.197163 4.019505
v -7.396495 0.650198 4.019505
v -7.396495 0.651690 4.352239
v -7.384560 0.651094 5.516800
v -7.384560 0.651094 5.825927
v -7.396495 0.197163 5.825927
v -7.813902 0.648711 3.369917
v -7.602880 0.648711 3.369917
v -8.986338 1.729056 2.008913
v -7.612584 1.729023 2.010329
v -7.608075 1.727569 2.234106
v -8.986338 1.729056 2.235030
v -8.986341 1.729057 4.362601
v -7.608122 1.727569 4.362920
v -7.611278 1.729037 4.671194
v -8.986341 1.729057 4.672395
v -7.407009 1.728990 2.334489
v -7.402505 1.727536 2.609422
v -7.815456 1.726082 3.369788
v -7.604429 1.726082 3.369788
v -7.401251 1.727551 4.016035
v -7.404407 1.729019 4.347249
v -11.958022 0.246465 0.949363
v -9.632092 0.008799 1.050804
v -11.968250 0.234030 1.329251
v 11.985395 4.470243 3.380302
v 11.985389 4.470243 3.387395
v -11.958016 0.239344 5.924527
v -9.632092 0.001673 5.823081
v 11.985379 4.470238 3.440873
v 11.985379 4.470234 3.457903
v -11.985204 0.227276 3.369917
v -11.985209 0.227276 4.019505
v 11.855207 3.688162 2.138508
v 11.855199 3.688162 4.747063
v 11.985389 4.470248 3.505274
v 11.629580 2.931900 1.520469
v 11.629567 2.931901 5.365103
v 11.283816 2.167821 1.157245
v 11.283820 2.167822 5.728333
v 10.723067 1.406183 1.059646
v 10.723086 1.406188 5.825937
v 9.753047 0.480680 1.002350
v 9.753056 0.480681 5.883223
v 8.503141 0.008803 1.050814
v 8.503141 0.001673 5.823087
v -7.607522 0.001673 5.823087
v -7.607522 0.008799 1.050809
v -11.968240 0.234030 5.517372
v 11.985389 4.470243 3.497167
v -11.985395 0.227300 2.327449
v 11.985389 4.470243 3.413562
v -11.985204 0.227276 2.605395
v 11.985385 4.470243 3.420830
v -11.985389 0.227295 4.352811
v 11.985379 4.470234 3.466635
v 4.754275 0.008799 1.050809
v 4.754275 0.001678 5.823087
v -0.070345 0.008799 1.050809
v -0.070345 0.001673 5.823087
v -4.867241 0.008799 1.050809
v -4.867241 0.001678 5.823087
v -7.396495 0.008799 1.050809
v -7.396495 0.001678 5.823087
v 11.754601 3.305649 1.768845
v 11.561132 3.363898 1.768845
v 11.561132 3.363898 1.958691
v 11.561132 3.363898 2.659835
v 11.561132 3.363898 2.854595
v 11.561132 3.363898 3.391603
v 11.561132 3.363898 3.847880
v 11.561132 3.363898 4.081594
v 11.561132 3.363898 4.899594
v 11.561132 3.363898 5.116726
v 11.754593 3.305649 5.116726
v 11.476874 2.549653 1.311253
v 11.294955 2.635937 1.311253
v 11.294955 2.635937 1.552999
v 11.294955 2.635938 2.445800
v 11.294955 2.635938 2.693805
v 11.294955 2.635938 3.377614
v 11.294955 2.635938 3.958615
v 11.294955 2.635938 4.256217
v 11.294955 2.635938 5.297827
v 11.294955 2.635938 5.574319
v 11.476870 2.549654 5.574319
v 11.021055 1.794988 1.110330
v 10.857458 1.911872 1.110330
v 10.857458 1.911872 1.374859
v 10.857458 1.911872 2.351829
v 10.857458 1.911872 2.623206
v 10.857458 1.911872 3.371466
v 10.857458 1.911872 4.007241
v 10.857458 1.911872 4.332898
v 10.857458 1.911872 5.472688
v 10.857458 1.911872 5.775242
v 11.021065 1.794993 5.775247
v 10.294377 0.924388 1.032325
v 10.181078 1.088348 1.059646
v 10.181078 1.088348 1.329918
v 10.181078 1.088348 2.328121
v 10.181078 1.088348 2.605395
v 10.181098 1.090956 3.369917
v 10.181078 1.088348 4.019510
v 10.181078 1.088348 4.352239
v 10.181078 1.088348 5.516800
v 10.181078 1.088349 5.825932
v 10.294387 0.924388 5.853248
v 11.855203 3.688162 3.442789
v 11.754597 3.305649 3.442789
v 11.629577 2.931901 3.442789
v 11.476874 2.549653 3.442789
v 11.283820 2.167821 3.442789
v 11.021060 1.794993 3.442789
v 10.723076 1.406188 3.442794
v 10.294382 0.924388 3.442789
v 9.753052 0.480680 3.442789
v 8.503141 0.005239 3.436950
v 4.754275 0.005239 3.436946
v -0.070345 0.005239 3.436946
v -4.867241 0.005239 3.436946
v -7.396495 0.005239 3.436946
v -7.607522 0.005239 3.436946
v -9.632092 0.005239 3.436946
v -6.709916 5.740950 4.302927
v -6.768822 5.563701 4.759398
v -6.707004 5.635938 1.781223
v -6.662305 5.824206 2.278456
v -6.659508 5.854287 2.789998
v -6.653888 5.888890 3.295901
v -6.665547 5.870449 3.809406
v -7.237381 5.898604 4.297069
v -7.296288 5.721351 4.753541
v -7.255836 5.803001 1.781223
v -7.189771 5.981861 2.272603
v -7.186974 6.011936 2.784140
v -7.181355 6.046545 3.290043
v -7.193007 6.028103 3.803548
v -6.530432 6.159049 3.880553
v -6.600244 5.948297 4.414563
v -6.670833 5.715064 4.878127
v -6.783922 5.358898 5.282107
v -6.926944 4.913374 5.578366
v -7.064766 4.460591 5.831346
v -7.214313 3.969298 5.987127
v -7.369837 3.458365 6.039733
v -7.525361 2.947439 5.987128
v -7.674908 2.456139 5.831346
v -7.812725 2.003361 5.578366
v -7.933532 1.606496 5.237915
v -8.032675 1.280797 4.823067
v -8.106342 1.038779 4.349775
v -8.151709 0.889747 3.836227
v -8.167027 0.839424 3.302145
v -8.151709 0.889747 2.768069
v -8.106342 1.038779 2.254520
v -8.032675 1.280792 1.781223
v -7.933532 1.606491 1.366380
v -7.812730 2.003356 1.025929
v -7.674908 2.456139 0.772944
v -7.525361 2.947433 0.617162
v -7.369837 3.458365 0.564562
v -7.214313 3.969297 0.617162
v -7.064766 4.460591 0.772943
v -6.926944 4.913374 1.025928
v -6.806143 5.310239 1.366380
v -6.652978 5.713586 1.888474
v -6.578329 6.027770 2.414539
v -6.527643 6.183223 3.318621
v -7.079265 6.326111 3.880553
v -7.149077 6.115355 4.414563
v -7.219670 5.882122 4.878127
v -7.332756 5.525961 5.282107
v -7.475778 5.080433 5.578366
v -7.613603 4.627655 5.831346
v -7.763150 4.136360 5.987127
v -7.918675 3.625428 6.039733
v -8.074199 3.114497 5.987128
v -8.223745 2.623203 5.831346
v -8.361567 2.170419 5.578366
v -8.482369 1.773555 5.237915
v -8.581504 1.447855 4.823067
v -8.655175 1.205838 4.349775
v -8.700541 1.056805 3.836227
v -8.715859 1.006482 3.302145
v -8.700541 1.056805 2.768069
v -8.655180 1.205837 2.254520
v -8.581508 1.447855 1.781223
v -8.482369 1.773554 1.366380
v -8.361567 2.170419 1.025929
v -8.223745 2.623202 0.772944
v -8.074199 3.114496 0.617162
v -7.918675 3.625428 0.564562
v -7.763150 4.136360 0.617162
v -7.613603 4.627654 0.772943
v -7.475778 5.080432 1.025928
v -7.354980 5.477302 1.366380
v -7.201816 5.880649 1.888474
v -7.127157 6.194833 2.414539
v -7.076477 6.350286 3.318621
v -6.846403 5.736388 4.407814
v -6.877890 5.641658 4.651776
v -7.159786 5.725912 4.648644
v -7.128315 5.820642 4.404687
v -6.821623 5.716994 1.895075
v -6.797740 5.817615 2.160815
v -7.079637 5.901868 2.157688
v -7.114945 5.806276 1.895075
v -6.784437 5.867908 2.396169
v -6.782940 5.883981 2.669558
v -7.064842 5.968238 2.666427
v -7.066339 5.952163 2.393038
v -6.780986 5.899036 2.906395
v -6.777978 5.917531 3.176777
v -7.059881 6.001790 3.173645
v -7.062883 5.983295 2.903268
v -6.779390 5.921296 3.414072
v -6.785614 5.911439 3.688514
v -7.067511 5.995698 3.685383
v -7.061291 6.005549 3.410940
v -6.798660 5.877003 3.922930
v -6.822367 5.807796 4.186687
v -7.104269 5.892050 4.183555
v -7.080557 5.961261 3.919798
v -6.674436 6.148877 4.004857
v -6.711746 6.036244 4.290258
v -7.005073 6.125526 4.290258
v -6.967753 6.238164 4.004857
v -6.744438 5.932892 4.522471
v -6.782164 5.808245 4.770223
v -7.075485 5.897532 4.770223
v -7.037755 6.022179 4.522471
v -6.763355 5.825608 2.010929
v -6.723462 5.993524 2.292083
v -7.016779 6.082811 2.292083
v -7.056678 5.914894 2.010929
v -6.694278 6.102844 2.624984
v -6.667196 6.185925 3.108166
v -6.960513 6.275212 3.108166
v -6.987609 6.192131 2.624984
v -6.656053 6.216486 3.449418
v -6.657539 6.203565 3.749742
v -6.950857 6.292852 3.749742
v -6.949369 6.305768 3.449418
v -6.645194 5.799298 4.948911
v -6.762483 5.429330 5.370604
v -7.311326 5.596388 5.370604
v -7.194037 5.966362 4.948911
v -6.908412 4.974264 5.673615
v -7.457241 5.141322 5.673615
v -7.051997 4.502535 5.937186
v -7.600835 4.669593 5.937186
v -7.207807 3.990679 6.099493
v -7.756640 4.157742 6.099493
v -7.369833 3.458370 6.154295
v -7.918670 3.625428 6.154295
v -7.531867 2.926057 6.099493
v -8.080700 3.093116 6.099493
v -7.687677 2.414201 5.937187
v -8.236510 2.581259 5.937187
v -7.831266 1.942472 5.673620
v -8.380103 2.109535 5.673620
v -7.957125 1.529001 5.318923
v -8.505962 1.696059 5.318923
v -8.060410 1.189670 4.886712
v -8.609242 1.356733 4.886712
v -8.137161 0.937524 4.393620
v -8.685995 1.104587 4.393620
v -8.184429 0.782253 3.858576
v -8.733261 0.949316 3.858576
v -8.200386 0.729828 3.302145
v -8.749215 0.896886 3.302145
v -8.184429 0.782252 2.745724
v -8.733261 0.949316 2.745724
v -8.137161 0.937524 2.210680
v -8.686000 1.104582 2.210680
v -8.060410 1.189665 1.717584
v -8.609248 1.356729 1.717584
v -7.957119 1.528996 1.285377
v -8.505958 1.696054 1.285377
v -7.831266 1.942471 0.930670
v -8.380099 2.109530 0.930670
v -7.687677 2.414200 0.667103
v -8.236510 2.581259 0.667103
v -7.531871 2.926057 0.504802
v -8.080705 3.093115 0.504802
v -7.369837 3.458365 0.450004
v -7.918675 3.625428 0.450004
v -7.207807 3.990678 0.504802
v -7.756640 4.157741 0.504802
v -7.051997 4.502534 0.667103
v -7.600835 4.669593 0.667103
v -6.908412 4.974263 0.930670
v -7.457241 5.141326 0.930669
v -6.782554 5.387739 1.285377
v -7.331392 5.554797 1.285376
v -6.678444 5.729839 1.723875
v -7.227273 5.896916 1.723922
v -6.679144 5.845255 4.340080
v -6.738747 5.665924 4.802968
v -6.847814 5.743876 4.695344
v -6.816333 5.838606 4.451387
v -7.266214 5.823573 4.797109
v -7.129716 5.828134 4.692213
v -7.206625 6.002905 4.334227
v -7.098239 5.922859 4.448260
v -6.630219 5.930590 2.254291
v -6.766559 5.920300 2.119157
v -6.790400 5.819664 1.853418
v -7.157675 6.088259 2.248481
v -7.048455 6.004572 2.116078
v -7.083712 5.908966 1.853466
v -6.626539 5.964335 2.782724
v -6.749967 5.994072 2.662905
v -6.751464 5.977995 2.389515
v -7.153996 6.121990 2.776866
v -7.031859 6.078326 2.659768
v -7.033356 6.062254 2.386379
v -6.620963 5.999006 3.294304
v -6.745010 6.027541 3.168884
v -6.748018 6.009048 2.898507
v -7.148428 6.156655 3.288451
v -7.026907 6.111800 3.165753
v -7.029915 6.093306 2.895380
v -6.633375 5.978749 3.827127
v -6.752727 6.021655 3.693214
v -6.746492 6.031512 3.418776
v -7.160845 6.136403 3.821274
v -7.034624 6.105913 3.690087
v -7.028395 6.115770 3.415644
v -6.790905 5.914175 4.217429
v -6.767198 5.983387 3.953667
v -7.072816 5.998434 4.214303
v -7.049104 6.067645 3.950540
v -6.498207 6.264912 3.905090
v -6.569930 6.047879 4.463436
v -6.680789 6.137934 4.334436
v -6.643483 6.250570 4.049036
v -7.118767 6.214942 4.463431
v -6.974121 6.227220 4.334436
v -7.047045 6.431971 3.905085
v -6.936800 6.339857 4.049031
v -6.752498 5.905725 4.823786
v -6.714764 6.030373 4.576035
v -7.045815 5.995007 4.823786
v -7.008085 6.119659 4.576035
v -6.624394 5.807491 1.828333
v -6.547544 6.128906 2.374220
v -6.694878 6.087429 2.231942
v -6.734772 5.919513 1.950788
v -7.096371 6.295969 2.374220
v -6.988191 6.176712 2.231942
v -7.173233 5.974550 1.828333
v -7.028094 6.008800 1.950788
v -6.494404 6.292423 3.310824
v -6.634203 6.294291 3.087686
v -6.661291 6.211215 2.604503
v -7.043241 6.459482 3.310824
v -6.927530 6.383578 3.087686
v -6.954622 6.300502 2.604503
v -6.624046 6.313595 3.754646
v -6.622560 6.326511 3.454323
v -6.917363 6.402877 3.754642
v -6.915881 6.415794 3.454318
v -7.279554 5.778227 4.777782
v -6.752093 5.620572 4.783640
v -6.692795 5.798979 4.323598
v -6.647645 5.930705 3.819268
v -6.635571 5.950156 3.295014
v -6.641168 5.915514 2.785951
v -6.644456 5.883394 2.265010
v -6.691108 5.688182 1.749317
v -6.793021 5.353354 1.321310
v -6.916630 4.947253 0.972927
v -7.057669 4.483927 0.714061
v -7.210691 3.981193 0.554653
v -7.369837 3.458365 0.500827
v -7.528984 2.935537 0.554653
v -7.682014 2.432803 0.714061
v -7.823044 1.969482 0.972928
v -7.946657 1.563375 1.321314
v -8.048108 1.230093 1.745814
v -8.123492 0.982441 2.230131
v -8.169911 0.829939 2.755638
v -8.185581 0.778445 3.302145
v -8.169911 0.829939 3.848662
v -8.123492 0.982446 4.374169
v -8.048108 1.230098 4.858476
v -7.946657 1.563380 5.282985
v -7.823039 1.969482 5.631362
v -7.682014 2.432808 5.890234
v -7.528978 2.935542 6.049642
v -7.369833 3.458365 6.103472
v -7.210691 3.981194 6.049642
v -7.057669 4.483927 5.890233
v -6.916630 4.947248 5.631362
v -6.771992 5.398082 5.331344
v -6.656572 5.761930 4.917511
v -6.583375 6.003701 4.441754
v -6.512501 6.217945 3.894203
v -6.509150 6.243979 3.314285
v -6.561198 6.084041 2.392108
v -6.637073 5.765834 1.855014
v -7.185911 5.932892 1.855014
v -7.110032 6.251104 2.392108
v -7.057983 6.411037 3.314280
v -7.061339 6.385008 3.894203
v -7.132214 6.170763 4.441754
v -7.205405 5.928989 4.917511
v -7.320835 5.565145 5.331344
v -7.465472 5.114311 5.631362
v -7.606493 4.650990 5.890233
v -7.759529 4.148257 6.049642
v -7.918670 3.625428 6.103472
v -8.077817 3.102600 6.049642
v -8.230848 2.599867 5.890234
v -8.371878 2.136546 5.631362
v -8.495496 1.730438 5.282985
v -8.596941 1.397156 4.858476
v -8.672320 1.149505 4.374169
v -8.718749 0.997003 3.848662
v -8.734419 0.945508 3.302145
v -8.718749 0.997003 2.755638
v -8.672330 1.149504 2.230131
v -8.596941 1.397156 1.745814
v -8.495491 1.730438 1.321314
v -8.371872 2.136540 0.972928
v -8.230848 2.599866 0.714061
v -8.077821 3.102600 0.554653
v -7.918675 3.625428 0.500827
v -7.759529 4.148252 0.554653
v -7.606493 4.650990 0.714061
v -7.465472 5.114311 0.972927
v -7.341854 5.520417 1.321310
v -7.239946 5.855254 1.749341
v -7.171916 6.041059 2.259181
v -7.168623 6.073169 2.780093
v -7.163037 6.107806 3.289156
v -7.175115 6.088359 3.813410
v -7.220271 5.956634 4.317745
v -7.042970 5.959917 1.982093
v -6.749658 5.870635 1.982093
v -6.709754 6.038547 2.263242
v -7.003067 6.127834 2.263242
v -6.943206 6.332074 3.097418
v -6.970298 6.248992 2.614236
v -6.676971 6.159705 2.614236
v -6.649889 6.242786 3.097418
v -6.932649 6.360710 3.451868
v -6.639327 6.271423 3.451868
v -6.640814 6.258506 3.752191
v -6.934132 6.347788 3.752191
v -6.951529 6.291475 4.028017
v -6.658212 6.202192 4.028017
v -6.695522 6.089556 4.313422
v -6.988844 6.178838 4.313417
v -7.024229 6.066606 4.546885
v -6.730916 5.977319 4.546885
v -6.768636 5.852671 4.794636
v -7.061964 5.941958 4.794636
v -7.111127 5.879057 4.429586
v -6.829216 5.794798 4.432717
v -6.860707 5.700074 4.676675
v -7.142605 5.784328 4.673543
v -7.065152 6.013361 3.934855
v -6.783250 5.929108 3.937982
v -6.806957 5.859897 4.201738
v -7.088864 5.944150 4.198617
v -7.047040 6.053294 3.412980
v -6.765138 5.969035 3.416107
v -6.771368 5.959183 3.690549
v -7.053270 6.043437 3.687418
v -7.048732 6.030515 2.899884
v -6.766830 5.946257 2.903006
v -6.763832 5.964751 3.173388
v -7.045725 6.049009 3.170257
v -7.050329 6.005607 2.389806
v -6.768427 5.921353 2.392937
v -6.766930 5.937429 2.666327
v -7.048828 6.021684 2.663195
v -7.065657 5.947910 2.139033
v -7.100947 5.852313 1.876420
v -6.807625 5.763021 1.876401
v -6.783755 5.863648 2.142140
v -7.462461 5.805518 4.573475
v -7.451722 5.783312 4.583208
v -6.546089 5.546871 4.573475
v -6.566851 5.533559 4.583208
v -7.462461 5.805518 5.525651
v -7.457026 5.784813 5.510407
v -6.546089 5.546871 5.525651
v -6.561546 5.532062 5.510407
v -7.302952 5.760496 4.672009
v -7.323709 5.747184 4.662281
v -6.705603 5.591893 4.672009
v -6.694864 5.569687 4.662281
v -6.705603 5.591893 5.292827
v -6.700164 5.571188 5.308074
v -7.302952 5.760496 5.292827
v -7.318404 5.745687 5.308074
v -7.439067 5.888409 4.573475
v -7.418305 5.901721 4.583208
v -6.533430 5.651968 4.583208
v -6.522696 5.629761 4.573475
v -6.682204 5.674784 4.672009
v -6.661448 5.688101 4.662281
v -7.290293 5.865592 4.662281
v -7.279554 5.843387 4.672009
v -6.528130 5.650471 5.510407
v -6.522691 5.629761 5.525651
v -6.682200 5.674784 5.292827
v -6.666748 5.689598 5.308074
v -7.423605 5.903223 5.510407
v -7.439063 5.888409 5.525651
v -7.279549 5.843387 5.292827
v -7.284987 5.864096 5.308074
v -6.653421 5.675941 2.109105
v -6.628374 5.687815 2.097656
v -6.637593 5.706127 2.107980
v -6.655304 5.697728 2.116074
v -6.580821 5.787005 2.304537
v -6.605872 5.775133 2.315986
v -6.613842 5.784222 2.296477
v -6.596130 5.792620 2.288379
v -6.569453 5.907950 1.978571
v -6.584786 5.932386 1.970377
v -6.593542 5.928503 1.991235
v -6.582699 5.911220 1.997030
v -6.537233 6.031579 2.177253
v -6.521905 6.007142 2.185447
v -6.541237 5.997714 2.177430
v -6.552075 6.014997 2.171634
v -7.173981 6.115774 2.017869
v -7.199032 6.103901 2.029317
v -7.183723 6.098287 2.045475
v -7.166011 6.106680 2.037382
v -7.151484 6.203093 2.236198
v -7.126437 6.214966 2.224750
v -7.124549 6.193174 2.217781
v -7.142266 6.184781 2.225874
v -7.257948 5.883766 2.148408
v -7.242620 5.859329 2.156601
v -7.227778 5.875911 2.162225
v -7.238621 5.893194 2.156430
v -7.195066 5.958516 2.363477
v -7.210400 5.982957 2.355283
v -7.197154 5.979687 2.336829
v -7.186316 5.962405 2.342620
v -6.638083 5.651491 2.117303
v -6.618294 5.638717 2.135863
v -6.600577 5.647110 2.127765
v -6.613036 5.663363 2.105854
v -6.576827 5.725211 2.316262
v -6.590535 5.750681 2.324184
v -6.565493 5.762554 2.312735
v -6.559121 5.733609 2.308164
v -6.512177 6.043456 2.165800
v -6.491596 6.043661 2.143989
v -6.480757 6.026383 2.149785
v -6.496849 6.019014 2.173998
v -6.533063 5.957167 1.963590
v -6.559730 5.944265 1.958920
v -6.544402 5.919827 1.967118
v -6.522224 5.939889 1.969386
v -7.166817 6.227544 2.228000
v -7.179276 6.243792 2.206089
v -7.161564 6.252191 2.197996
v -7.141775 6.239417 2.216551
v -7.220742 6.157299 2.025690
v -7.214370 6.128353 2.021119
v -7.189319 6.140225 2.009671
v -7.203027 6.165692 2.017597
v -7.220128 5.946638 2.374935
v -7.246795 5.933736 2.370264
v -7.257638 5.951018 2.364473
v -7.235456 5.971079 2.366742
v -7.288261 5.847242 2.189865
v -7.267676 5.847452 2.168055
v -7.283010 5.871889 2.159861
v -7.299100 5.864524 2.184074
v 3.648177 4.081501 4.539802
v 3.621534 3.929117 5.046539
v 3.676889 4.005883 1.740423
v 3.684153 4.160811 2.292407
v 3.680207 4.183880 2.860277
v 3.678486 4.211348 3.421888
v 3.669206 4.193351 3.991941
v 2.989496 3.992237 4.533300
v 2.962857 3.839854 5.040038
v 2.990802 3.915209 1.740424
v 3.025476 4.071548 2.285906
v 3.021525 4.094612 2.853775
v 3.019809 4.122085 3.415387
v 3.010529 4.104087 3.985440
v 3.758717 4.456664 4.070913
v 3.727312 4.275564 4.663734
v 3.700402 4.077735 5.178341
v 3.653077 3.773580 5.626805
v 3.595834 3.392729 5.990516
v 3.555592 2.968014 6.166560
v 3.503754 2.565044 6.263824
v 3.458179 1.985511 6.318575
v 3.422389 1.413996 6.284620
v 3.391051 0.931238 6.138290
v 3.304266 0.537657 5.932635
v 3.241342 0.404024 5.459037
v 3.165486 0.308860 5.117218
v 3.063507 0.326696 4.591812
v 2.995249 0.354264 4.021712
v 2.973157 0.360665 3.428823
v 2.995249 0.354264 2.835936
v 3.063507 0.326696 2.265836
v 3.165486 0.308860 1.740424
v 3.241342 0.404024 1.396465
v 3.304261 0.537656 0.920170
v 3.394154 0.858441 0.670969
v 3.447012 1.358911 0.525898
v 3.471968 1.979324 0.474813
v 3.505689 2.521384 0.533757
v 3.547233 3.000906 0.667123
v 3.592045 3.392504 0.901957
v 3.638640 3.729400 1.279900
v 3.721769 4.083573 1.859480
v 3.733966 4.342149 2.443475
v 3.756177 4.475415 3.447111
v 3.072634 4.365994 4.070913
v 3.041224 4.184890 4.663734
v 3.014309 3.987061 5.178341
v 2.966985 3.682905 5.626805
v 2.909756 3.302055 5.990516
v 2.869505 2.877341 6.166560
v 2.815059 2.517672 6.237916
v 2.769484 1.938140 6.292151
v 2.733694 1.366624 6.259054
v 2.712427 0.946828 6.158943
v 2.624618 0.566712 5.981608
v 2.552966 0.284900 5.500600
v 2.519178 0.063883 4.992823
v 2.377429 0.236022 4.591812
v 2.309161 0.263590 4.021712
v 2.287069 0.269991 3.428823
v 2.309161 0.263590 2.835936
v 2.377419 0.236022 2.265836
v 2.519173 0.063883 1.863752
v 2.552966 0.284900 1.353763
v 2.624618 0.566711 0.870057
v 2.724614 0.937381 0.690278
v 2.758317 1.311539 0.552579
v 2.783278 1.931952 0.502376
v 2.816994 2.474012 0.560801
v 2.861145 2.910237 0.667123
v 2.905952 3.301831 0.901957
v 2.952553 3.638726 1.279900
v 3.035676 3.992904 1.859480
v 3.047883 4.251474 2.443475
v 3.070089 4.384741 3.447111
v 3.488659 4.025253 4.656242
v 3.474413 3.943812 4.927067
v 3.122390 3.896106 4.923593
v 3.136617 3.977542 4.652767
v 3.522486 4.020682 1.866811
v 3.526366 4.103486 2.161811
v 3.174346 4.055781 2.158341
v 3.155811 3.972224 1.866811
v 3.529907 4.145401 2.423079
v 3.527805 4.157732 2.726573
v 3.175777 4.110021 2.723098
v 3.177883 4.097691 2.419605
v 3.526475 4.169490 2.989496
v 3.525560 4.184175 3.289643
v 3.173537 4.136470 3.286169
v 3.174456 4.121789 2.986026
v 3.522995 4.186378 3.553076
v 3.518039 4.176764 3.857736
v 3.166020 4.129058 3.854257
v 3.170968 4.138671 3.549596
v 3.510980 4.146536 4.117961
v 3.499751 4.086762 4.410759
v 3.147722 4.039052 4.407289
v 3.158961 4.098830 4.114487
v 3.591702 4.393401 4.208912
v 3.574915 4.296612 4.525741
v 3.208235 4.248153 4.525741
v 3.225031 4.344947 4.208912
v 3.561331 4.208407 4.783526
v 3.546952 4.102677 5.058554
v 3.180271 4.054218 5.058554
v 3.194665 4.159948 4.783526
v 3.564901 4.122656 1.995420
v 3.571421 4.260850 2.307535
v 3.204746 4.212391 2.307535
v 3.198226 4.074202 1.995420
v 3.579438 4.352062 2.677094
v 3.591301 4.423285 3.213487
v 3.224631 4.374827 3.213487
v 3.212749 4.303604 2.677094
v 3.597064 4.449944 3.592312
v 3.598422 4.439925 3.925704
v 3.231752 4.391466 3.925704
v 3.230388 4.401484 3.592312
v 3.710286 4.149239 5.256918
v 3.661347 3.833362 5.725043
v 2.975249 3.742689 5.725043
v 3.024194 4.058565 5.256918
v 3.602984 3.444415 6.096256
v 2.916900 3.353741 6.096256
v 3.560521 3.003619 6.284053
v 2.874433 2.912945 6.284053
v 3.505933 2.588737 6.386328
v 2.817294 2.540474 6.359866
v 3.458184 1.985516 6.450463
v 2.769494 1.938144 6.422904
v 3.420216 1.390307 6.419020
v 2.731516 1.342935 6.392357
v 3.348445 0.902725 6.242062
v 2.669163 0.918297 6.264955
v 3.285825 0.497701 6.018909
v 2.606172 0.526756 6.069961
v 3.233296 0.351433 5.523941
v 2.544916 0.232309 5.567270
v 3.154786 0.231508 5.187874
v 2.509726 0.002050 5.039790
v 3.051625 0.240746 4.640485
v 2.365532 0.150072 4.640485
v 2.982623 0.263018 4.046525
v 2.296540 0.172345 4.046525
v 2.960288 0.267632 3.428819
v 2.274205 0.176958 3.428819
v 2.982623 0.263018 2.811127
v 2.296540 0.172345 2.811127
v 3.051625 0.240740 2.217172
v 2.365527 0.150067 2.217172
v 3.154786 0.231504 1.669773
v 2.509722 0.002045 1.817399
v 3.233301 0.351433 1.332087
v 2.544925 0.232309 1.287626
v 3.285825 0.497700 0.834310
v 2.606177 0.526756 0.782124
v 3.363396 0.837661 0.563489
v 2.693529 0.916728 0.580515
v 3.444829 1.335218 0.391365
v 2.756134 1.287846 0.419137
v 3.471968 1.979324 0.342934
v 2.783278 1.931952 0.371627
v 3.507872 2.545078 0.411407
v 2.819230 2.496814 0.438975
v 3.552155 3.036511 0.549624
v 2.866073 2.945842 0.549624
v 3.599190 3.444195 0.796212
v 2.913102 3.353521 0.796212
v 3.647744 3.795184 1.189975
v 2.961651 3.704510 1.189975
v 3.687886 4.085580 1.676755
v 3.001798 3.994925 1.676808
v 3.659269 4.169662 4.581049
v 3.632311 4.015487 5.094907
v 3.485189 4.030181 4.975430
v 3.499431 4.111619 4.704615
v 2.973634 3.926219 5.088406
v 3.133166 3.982471 4.971956
v 3.000582 4.080394 4.574553
v 3.147398 4.063907 4.701140
v 3.696298 4.250998 2.265582
v 3.538334 4.190624 2.115568
v 3.534511 4.107829 1.820568
v 3.037625 4.161749 2.259129
v 3.186310 4.142932 2.112151
v 3.167836 4.059384 1.820621
v 3.692504 4.277094 2.852207
v 3.540097 4.250975 2.719190
v 3.542204 4.238644 2.415697
v 3.033841 4.187831 2.845702
v 3.188083 4.203269 2.715710
v 3.190185 4.190938 2.412217
v 3.690717 4.304591 3.420120
v 3.537867 4.277361 3.280882
v 3.538786 4.262676 2.980736
v 3.032044 4.215328 3.413619
v 3.185848 4.229655 3.277413
v 3.186763 4.214975 2.977266
v 3.680989 4.284977 4.011611
v 3.530207 4.270069 3.862956
v 3.535174 4.279687 3.558295
v 3.022307 4.195710 4.005115
v 3.178188 4.222363 3.859476
v 3.183141 4.231981 3.554820
v 3.511157 4.176707 4.444890
v 3.522395 4.236485 4.152088
v 3.159118 4.129001 4.441421
v 3.170362 4.188780 4.148613
v 3.771152 4.546528 4.098162
v 3.739004 4.360099 4.717985
v 3.586869 4.382939 4.574786
v 3.603646 4.479728 4.257957
v 3.052911 4.269425 4.717980
v 3.220175 4.334476 4.574781
v 3.085060 4.455853 4.098157
v 3.236971 4.431269 4.257952
v 3.558390 4.185424 5.118014
v 3.572779 4.291154 4.842985
v 3.191715 4.136966 5.118014
v 3.206104 4.242696 4.842985
v 3.732788 4.163289 1.792719
v 3.745839 4.427999 2.398720
v 3.582446 4.340562 2.240769
v 3.575926 4.202373 1.928658
v 3.059761 4.337330 2.398720
v 3.215785 4.292108 2.240769
v 3.046701 4.072615 1.792719
v 3.209250 4.153913 1.928658
v 3.768998 4.568110 3.438461
v 3.604037 4.515280 3.190743
v 3.592164 4.444057 2.654354
v 3.082915 4.477435 3.438456
v 3.237357 4.466821 3.190743
v 3.225479 4.395593 2.654354
v 3.611344 4.533325 3.931147
v 3.609981 4.543344 3.597754
v 3.244673 4.484866 3.931147
v 3.243305 4.494880 3.597750
v 2.968853 3.887903 5.066947
v 3.627525 3.977171 5.073449
v 3.654355 4.130555 4.562751
v 3.675770 4.244330 4.002884
v 3.685292 4.263225 3.420901
v 3.687051 4.235742 2.855787
v 3.690907 4.210990 2.277484
v 3.683010 4.050223 1.705001
v 3.643702 3.766000 1.229869
v 3.596020 3.421264 0.843123
v 3.549973 3.020715 0.601753
v 3.506905 2.534568 0.465652
v 3.471968 1.979324 0.401445
v 3.445791 1.345728 0.451081
v 3.377023 0.846888 0.611028
v 3.293999 0.515426 0.872211
v 3.236871 0.374763 1.360446
v 3.159533 0.265821 1.701116
v 3.056891 0.278871 2.238758
v 2.988228 0.303498 2.822133
v 2.965998 0.308903 3.428819
v 2.988228 0.303498 4.035515
v 3.056891 0.278871 4.618889
v 3.159533 0.265826 5.156531
v 3.236862 0.374764 5.495347
v 3.294004 0.515426 5.980822
v 3.367305 0.915375 6.196163
v 3.421179 1.400817 6.359361
v 3.458184 1.985511 6.391952
v 3.504965 2.578228 6.332016
v 3.558328 2.987823 6.231929
v 3.599819 3.421484 6.049351
v 3.657677 3.806843 5.681461
v 3.705902 4.117514 5.222062
v 3.733818 4.322598 4.693919
v 3.765643 4.506662 4.086075
v 3.763312 4.526986 3.442297
v 3.740577 4.389916 2.418571
v 3.727903 4.127928 1.822337
v 3.041816 4.037254 1.822337
v 3.054484 4.299242 2.418571
v 3.077224 4.436312 3.442293
v 3.079550 4.415989 4.086070
v 3.047725 4.231924 4.693914
v 3.019809 4.026845 5.222062
v 2.971580 3.716169 5.681461
v 2.913722 3.330810 6.049351
v 2.872255 2.897154 6.231929
v 2.816270 2.530856 6.305492
v 2.769494 1.938144 6.364899
v 2.732483 1.353445 6.333184
v 2.688314 0.930956 6.218059
v 2.614356 0.544482 6.030954
v 2.548476 0.255640 5.537895
v 2.513916 0.029480 5.019143
v 2.370813 0.188202 4.618889
v 2.302135 0.212825 4.035515
v 2.279910 0.218229 3.428819
v 2.302135 0.212825 2.822133
v 2.370803 0.188197 2.238758
v 2.513921 0.029479 1.837775
v 2.548481 0.255640 1.316768
v 2.614370 0.544482 0.820945
v 2.707294 0.925894 0.629069
v 2.757097 1.298355 0.478373
v 2.783278 1.931952 0.429633
v 2.818210 2.487196 0.493310
v 2.863895 2.930046 0.601753
v 2.909927 3.330590 0.843123
v 2.957614 3.675326 1.229869
v 2.996917 3.959559 1.705029
v 3.032230 4.121732 2.271011
v 3.028379 4.146479 2.849281
v 3.026616 4.173961 3.414405
v 3.017087 4.155063 3.996388
v 2.995664 4.041283 4.556255
v 3.203516 4.112419 1.963409
v 3.570182 4.160878 1.963409
v 3.576712 4.299071 2.275520
v 3.210041 4.250617 2.275520
v 3.231304 4.423095 3.201552
v 3.219431 4.351871 2.665164
v 3.586116 4.400331 2.665164
v 3.597979 4.471554 3.201552
v 3.236837 4.448118 3.595028
v 3.603513 4.496577 3.595028
v 3.604876 4.486563 3.928426
v 3.238205 4.438104 3.928426
v 3.231289 4.390198 4.234621
v 3.597965 4.438657 4.234621
v 3.581182 4.341868 4.551450
v 3.214503 4.293409 4.551450
v 3.199880 4.197659 4.810627
v 3.566550 4.246119 4.810627
v 3.552171 4.140388 5.085655
v 3.185490 4.091929 5.085655
v 3.142780 4.026897 4.680412
v 3.494818 4.074608 4.683886
v 3.480566 3.993167 4.954706
v 3.128547 3.945461 4.951227
v 3.164542 4.142880 4.131197
v 3.516566 4.190591 4.134672
v 3.505342 4.130817 4.427474
v 3.153303 4.083107 4.424005
v 3.176244 4.179090 3.551860
v 3.528272 4.226796 3.555335
v 3.523315 4.217177 3.859996
v 3.171287 4.169471 3.856516
v 3.179737 4.161783 2.982265
v 3.531766 4.209489 2.985730
v 3.530841 4.224169 3.285887
v 3.178823 4.176464 3.282408
v 3.183855 4.142961 2.416021
v 3.535879 4.190667 2.419496
v 3.533772 4.202998 2.722993
v 3.181749 4.155292 2.719514
v 3.179704 4.094850 2.137631
v 3.161201 4.011302 1.846102
v 3.527881 4.059756 1.846078
v 3.531737 4.142551 2.141083
v 2.855940 3.895648 4.700154
v 2.873089 3.877917 4.709881
v 3.807228 3.936724 4.700154
v 3.791676 3.917583 4.709881
v 2.855940 3.895648 5.652328
v 2.867584 3.877685 5.637081
v 3.807228 3.936724 5.652328
v 3.797181 3.917816 5.637081
v 3.021530 3.902798 4.798687
v 3.005978 3.883656 4.788954
v 3.641638 3.929575 4.798687
v 3.658787 3.911844 4.788954
v 3.641638 3.929570 5.419506
v 3.653282 3.911606 5.434748
v 3.021530 3.902798 5.419506
v 3.011487 3.883894 5.434748
v 2.852227 3.981699 4.700154
v 2.867774 4.000840 4.709881
v 3.786362 4.040500 4.709881
v 3.803515 4.022770 4.700154
v 3.637921 4.015621 4.798687
v 3.653478 4.034762 4.788954
v 3.000668 4.006579 4.788954
v 3.017812 3.988848 4.798687
v 3.791872 4.040739 5.637081
v 3.803515 4.022775 5.652328
v 3.637925 4.015621 5.419506
v 3.647973 4.034529 5.434748
v 2.862274 4.000607 5.637081
v 2.852231 3.981699 5.652328
v 3.017817 3.988848 5.419506
v 3.006178 4.006817 5.434748
v 3.661318 3.919699 1.972961
v 3.681389 3.938812 1.961512
v 3.666909 3.953320 1.971836
v 3.652710 3.939803 1.979929
v 3.695516 4.047897 2.168393
v 3.675441 4.028785 2.179842
v 3.665027 4.034928 2.160334
v 3.679220 4.048446 2.152235
v 3.668468 4.166330 1.842427
v 3.646261 4.184747 1.834234
v 3.639165 4.178312 1.855090
v 3.654865 4.165291 1.860887
v 3.660389 4.293833 2.041109
v 3.682595 4.275416 2.049303
v 3.667181 4.260417 2.041286
v 3.651481 4.273438 2.035490
v 3.029266 4.174562 1.881724
v 3.009195 4.155449 1.893174
v 3.025491 4.154905 1.909331
v 3.039680 4.168417 1.901238
v 3.023317 4.264535 2.100054
v 3.043393 4.283652 2.088605
v 3.052001 4.263543 2.081637
v 3.037802 4.250031 2.089731
v 3.022112 3.927930 2.012264
v 3.044318 3.909518 2.020457
v 3.053226 3.929909 2.026081
v 3.037526 3.942934 2.020286
v 3.058445 4.018604 2.227333
v 3.036239 4.037021 2.219140
v 3.049847 4.038060 2.200685
v 3.065551 4.025038 2.206476
v 3.683529 3.901272 1.981159
v 3.706326 3.895334 1.999719
v 3.720520 3.908851 1.991621
v 3.703604 3.920390 1.969711
v 3.718647 3.990459 2.180118
v 3.697657 4.010363 2.188040
v 3.717727 4.029476 2.176591
v 3.732841 4.003976 2.172020
v 3.680474 4.312951 2.029656
v 3.699954 4.319590 2.007846
v 3.715654 4.306569 2.013641
v 3.702675 4.294538 2.037854
v 3.687638 4.224465 1.827446
v 3.666347 4.203865 1.822780
v 3.688548 4.185447 1.830973
v 3.703338 4.211442 1.833242
v 3.001102 4.282961 2.091856
v 2.984181 4.294496 2.069946
v 2.998380 4.308012 2.061852
v 3.021177 4.302073 2.080408
v 2.971866 4.199375 1.889546
v 2.986974 4.173875 1.884975
v 3.007055 4.192988 1.873527
v 2.986064 4.212887 1.881453
v 3.038365 3.999482 2.238791
v 3.017074 3.978882 2.234120
v 3.001369 3.991903 2.228329
v 3.016159 4.017899 2.230598
v 3.004748 3.883756 2.053721
v 3.024237 3.890396 2.031910
v 3.002031 3.908808 2.023718
v 2.989048 3.896782 2.047930
vn 0.0001 1.0000 0.0001
vn -0.0000 1.0000 -0.0000
vn -0.0002 1.0000 -0.0000
vn -0.0003 1.0000 0.0001
vn -0.0003 1.0000 -0.0000
vn -0.0002 1.0000 -0.0001
vn -0.9866 0.1631 0.0001
vn -0.9780 0.2084 -0.0000
vn -0.9866 0.1632 -0.0000
vn -0.9866 0.1632 0.0001
vn -0.9583 0.2858 -0.0000
vn -0.9393 0.3430 -0.0000
vn -0.9480 0.3182 -0.0000
vn -0.9121 0.4099 -0.0000
vn -0.8571 0.5151 -0.0000
vn -0.8923 0.4514 -0.0000
vn -0.8052 0.5930 -0.0000
vn -0.7740 0.6332 -0.0000
vn -0.7747 0.6324 0.0003
vn -0.7926 0.6097 -0.0000
vn -0.7749 0.6321 -0.0000
vn -0.7079 0.7063 0.0004
vn -0.6568 0.7540 0.0009
vn -0.6650 0.7469 0.0014
vn -0.7125 0.7016 0.0012
vn -0.6990 0.7152 0.0013
vn -0.6350 0.7725 -0.0000
vn -0.6349 0.7726 -0.0000
vn -0.6349 0.7726 0.0025
vn -0.4509 0.8926 -0.0000
vn -0.4485 0.8938 0.0064
vn -0.0348 0.9994 0.0001
vn -0.0347 0.9994 -0.0001
vn -0.0907 0.9959 0.0001
vn -0.0906 0.9959 0.0001
vn 0.0990 0.9951 -0.0000
vn 0.0990 0.9951 0.0001
vn -0.0000 1.0000 -0.0008
vn -0.0000 1.0000 -0.0007
vn -0.3779 0.9259 -0.0000
vn -0.4469 0.8906 -0.0844
vn -0.3778 0.9259 -0.0001
vn -0.7126 0.7016 -0.0000
vn -0.9866 0.1632 -0.0001
vn -0.0907 0.9959 -0.0000
vn -0.0906 0.9959 -0.0000
vn -0.0906 0.9959 -0.0001
vn -0.0348 0.9994 -0.0000
vn -0.6983 0.7158 -0.0000
vn -0.7927 0.6097 -0.0000
vn -0.8923 0.4514 -0.0001
vn -0.9480 0.3181 -0.0000
vn -0.9866 0.1631 -0.0000
vn 0.0990 0.9951 -0.0001
vn -0.0000 1.0000 -0.0065
vn 0.0011 1.0000 -0.0000
vn -0.0000 1.0000 -0.0066
vn -0.0001 1.0000 -0.0065
vn -0.2039 0.9790 -0.0000
vn -0.7100 0.7042 -0.0041
vn 0.0989 0.9951 -0.0000
vn -0.0000 1.0000 -0.0001
vn -0.4485 0.8938 -0.0000
vn -0.7122 0.7020 -0.0021
vn -0.7747 0.6324 -0.0003
vn 0.0010 1.0000 0.0047
vn 0.0012 1.0000 0.0047
vn 0.0011 1.0000 0.0047
vn 0.1018 0.9948 -0.0000
vn -0.0003 1.0000 0.0009
vn -0.0001 1.0000 0.0016
vn -0.4484 0.8938 -0.0001
vn -0.3745 0.9175 0.1335
vn 0.0047 1.0000 -0.0001
vn 0.0023 1.0000 0.0001
vn 0.0047 1.0000 -0.0000
vn -0.0000 1.0000 0.0001
vn -0.0001 1.0000 -0.0000
vn -0.0001 1.0000 0.0001
vn -0.0000 -0.0000 -1.0000
vn -0.0000 -0.0001 1.0000
vn -0.0000 -0.0000 1.0000
vn 0.0001 -0.0000 -1.0000
vn 0.0009 1.0000 0.0006
vn -0.0105 0.9999 -0.0066
vn -0.0098 0.9999 -0.0054
vn -0.0001 1.0000 -0.0019
vn -0.0017 1.0000 -0.0010
vn -0.0025 1.0000 0.0014
vn -0.0070 1.0000 0.0045
vn 0.0011 1.0000 -0.0007
vn -0.0001 1.0000 -0.0002
vn -0.0000 1.0000 -0.0054
vn -0.0000 -0.0001 -1.0000
vn -0.9999 -0.0004 -0.0126
vn 0.9998 0.0011 0.0218
vn 0.0516 0.4848 0.8731
vn 0.0234 0.0469 0.9986
vn -0.9999 -0.0021 0.0141
vn 0.1566 0.9471 0.2803
vn 0.1631 0.9866 -0.0000
vn 0.0019 -0.0005 -1.0000
vn 0.0846 0.4498 -0.8891
vn 0.1632 0.9866 -0.0002
vn 0.1632 0.9866 -0.0001
vn -0.9951 0.0990 0.0003
vn -0.9951 0.0990 0.0004
vn 0.1710 0.7519 0.6367
vn 0.1591 0.9477 -0.2768
vn 0.1726 0.7480 -0.6409
vn 0.1697 0.4687 0.8669
vn 0.1706 0.5852 0.7928
vn 0.1782 0.5941 -0.7844
vn 0.1735 0.4657 -0.8678
vn 0.1117 0.1991 0.9736
vn 0.1702 0.3714 0.9128
vn 0.1731 0.3678 -0.9137
vn 0.1129 0.1931 -0.9747
vn 0.0474 0.0563 0.9973
vn 0.0594 0.0855 0.9946
vn 0.0614 0.0861 -0.9944
vn 0.0475 0.0544 -0.9974
vn -0.1493 0.1965 0.9691
vn -0.0622 0.1068 0.9923
vn -0.0870 0.1066 -0.9905
vn -0.1356 0.2307 -0.9635
vn -0.0145 0.0578 0.9982
vn -0.0185 -0.0145 -0.9997
vn -0.0000 -0.0145 -0.9999
vn -0.0000 0.0469 0.9989
vn -0.9998 0.0104 -0.0154
vn 0.1631 0.9866 0.0005
vn -0.9956 0.0939 -0.0004
vn 0.1631 0.9866 -0.0004
vn -0.9951 0.0992 -0.0001
vn 0.1631 0.9866 -0.0001
vn -0.9950 0.0998 -0.0070
vn 0.1632 0.9866 0.0002
vn 0.9582 -0.2859 -0.0000
vn 0.9389 -0.3442 -0.0000
vn 0.9778 -0.2095 -0.0000
vn 0.9114 -0.4115 -0.0000
vn 0.8572 -0.5150 -0.0000
vn 0.8057 -0.5923 -0.0000
vn 0.7709 -0.6369 -0.0000
vn 0.6926 -0.7213 -0.0000
vn 0.6339 -0.7734 -0.0000
vn -0.0000 -1.0000 0.0011
vn -0.0000 -1.0000 0.0015
vn -0.0939 -0.9956 -0.0000
vn 0.1865 0.6127 -0.7680
vn 0.2320 0.7803 -0.5808
vn 0.2419 0.7751 -0.5836
vn 0.1847 0.6070 -0.7729
vn 0.1467 0.4818 -0.8639
vn 0.1451 0.4769 -0.8669
vn 0.1115 0.3661 -0.9239
vn 0.1114 0.3661 -0.9239
vn 0.0569 0.1867 -0.9808
vn 0.0568 0.1867 -0.9808
vn -0.0001 -0.0000 -1.0000
vn -0.0567 -0.1866 -0.9808
vn -0.0569 -0.1866 -0.9808
vn -0.1114 -0.3661 -0.9239
vn -0.1115 -0.3661 -0.9239
vn -0.1617 -0.5315 -0.8315
vn -0.1618 -0.5315 -0.8315
vn -0.2059 -0.6764 -0.7071
vn -0.2060 -0.6764 -0.7071
vn -0.2421 -0.7954 -0.5556
vn -0.2422 -0.7954 -0.5556
vn -0.2690 -0.8838 -0.3827
vn -0.2691 -0.8838 -0.3827
vn -0.2855 -0.9383 -0.1951
vn -0.2857 -0.9383 -0.1951
vn -0.2911 -0.9567 -0.0001
vn -0.2913 -0.9566 -0.0000
vn -0.2855 -0.9383 0.1950
vn -0.2857 -0.9383 0.1951
vn -0.2690 -0.8839 0.3826
vn -0.2691 -0.8838 0.3827
vn -0.2421 -0.7955 0.5555
vn -0.2421 -0.7954 0.5556
vn -0.2059 -0.6765 0.7071
vn -0.1618 -0.5316 0.8314
vn -0.1618 -0.5315 0.8315
vn -0.1114 -0.3662 0.9239
vn -0.1115 -0.3661 0.9239
vn -0.0568 -0.1867 0.9808
vn -0.0569 -0.1866 0.9808
vn -0.0001 -0.0000 1.0000
vn 0.0568 0.1866 0.9808
vn 0.1115 0.3660 0.9239
vn 0.1114 0.3661 0.9239
vn 0.1618 0.5314 0.8315
vn 0.1617 0.5315 0.8315
vn 0.2063 0.6775 0.7060
vn 0.2062 0.6775 0.7060
vn 0.2457 0.8254 0.5083
vn 0.2556 0.8222 0.5086
vn 0.2617 0.8880 -0.3782
vn 0.2628 0.8881 -0.3770
vn 0.2695 0.9073 -0.3227
vn 0.2616 0.8881 -0.3780
vn 0.2612 0.8880 -0.3785
vn 0.2608 0.8882 -0.3784
vn 0.2605 0.8890 -0.3767
vn 0.2658 0.9083 -0.3230
vn 0.2823 0.8921 0.3527
vn 0.2809 0.8851 0.3710
vn 0.2904 0.9328 0.2134
vn 0.2616 0.8986 0.3522
vn 0.2734 0.9376 0.2148
vn 0.2597 0.8917 0.3707
vn 0.2898 0.9552 0.0600
vn 0.2969 0.9525 0.0677
vn 0.2878 0.9555 0.0645
vn 0.2865 0.9563 0.0578
vn 0.2848 0.9565 0.0636
vn 0.2796 0.9576 0.0701
vn 0.2873 0.9555 0.0669
vn 0.2864 0.9557 0.0685
vn 0.2882 0.9575 0.0134
vn 0.2851 0.9561 0.0672
vn 0.2849 0.9585 0.0133
vn 0.2860 0.9558 0.0682
vn 0.2897 0.9559 -0.0475
vn 0.2870 0.9571 -0.0395
vn 0.2857 0.9457 -0.1553
vn 0.2799 0.9589 -0.0465
vn 0.2770 0.9483 -0.1547
vn 0.2830 0.9583 -0.0404
vn 0.2761 0.9231 -0.2677
vn 0.2794 0.9238 -0.2617
vn 0.2716 0.9242 -0.2686
vn 0.2696 0.9270 -0.2607
vn 0.2737 0.8825 -0.3824
vn 0.2830 0.8833 -0.3737
vn 0.2933 0.9311 -0.2169
vn 0.2679 0.8650 -0.4243
vn 0.2680 0.8833 -0.3846
vn 0.2593 0.8667 -0.4262
vn 0.2616 0.8909 -0.3712
vn 0.2751 0.9369 -0.2158
vn 0.2655 0.8356 -0.4809
vn 0.2587 0.8470 -0.4645
vn 0.2403 0.8448 -0.4781
vn 0.2519 0.8475 -0.4672
vn 0.2601 0.8199 0.5100
vn 0.2483 0.8157 0.5224
vn 0.2521 0.8152 0.5214
vn 0.2806 0.8916 0.3554
vn 0.2352 0.8255 0.5130
vn 0.2641 0.8973 0.3538
vn 0.2443 0.8184 0.5202
vn 0.2457 0.8180 0.5200
vn 0.2950 0.9390 0.1766
vn 0.3017 0.9352 0.1852
vn 0.2964 0.9526 0.0684
vn 0.2812 0.9435 0.1752
vn 0.2848 0.9562 0.0683
vn 0.2735 0.9436 0.1864
vn 0.3010 0.9520 -0.0554
vn 0.2961 0.9544 -0.0377
vn 0.2779 0.9591 -0.0540
vn 0.2833 0.9582 -0.0395
vn -0.1861 -0.6116 0.7690
vn -0.1866 -0.6128 0.7679
vn -0.2385 -0.7835 0.5738
vn -0.2377 -0.7811 0.5774
vn -0.1449 -0.4764 0.8672
vn -0.1467 -0.4819 0.8639
vn -0.1114 -0.3661 0.9239
vn -0.1115 -0.3662 0.9239
vn -0.0567 -0.1867 0.9808
vn -0.0569 -0.1867 0.9808
vn 0.0001 -0.0000 1.0000
vn -0.0001 -0.0001 1.0000
vn 0.1115 0.3661 0.9239
vn 0.1114 0.3660 0.9239
vn 0.1618 0.5315 0.8315
vn 0.2059 0.6765 0.7071
vn 0.2059 0.6764 0.7072
vn 0.2422 0.7954 0.5556
vn 0.2421 0.7954 0.5556
vn 0.2691 0.8838 0.3827
vn 0.2690 0.8838 0.3827
vn 0.2856 0.9383 0.1951
vn 0.2856 0.9383 0.1952
vn 0.2912 0.9567 -0.0000
vn 0.2911 0.9567 0.0001
vn 0.2856 0.9383 -0.1951
vn 0.2856 0.9383 -0.1950
vn 0.2691 0.8838 -0.3827
vn 0.2690 0.8839 -0.3826
vn 0.2422 0.7954 -0.5556
vn 0.2421 0.7955 -0.5555
vn 0.2060 0.6764 -0.7071
vn 0.2059 0.6765 -0.7071
vn 0.1618 0.5315 -0.8315
vn 0.1618 0.5316 -0.8314
vn 0.1114 0.3662 -0.9239
vn 0.0568 0.1866 -0.9808
vn -0.0000 0.0001 -1.0000
vn -0.0568 -0.1866 -0.9808
vn -0.1114 -0.3660 -0.9239
vn -0.1618 -0.5314 -0.8315
vn -0.2058 -0.6765 -0.7071
vn -0.2060 -0.6764 -0.7072
vn -0.2512 -0.8257 -0.5051
vn -0.2512 -0.8255 -0.5054
vn -0.2612 -0.8880 0.3785
vn -0.2611 -0.8880 0.3786
vn -0.2677 -0.9076 0.3234
vn -0.2612 -0.8879 0.3786
vn -0.2676 -0.9076 0.3234
vn -0.2709 -0.8920 -0.3618
vn -0.2822 -0.9354 -0.2130
vn -0.2713 -0.8919 -0.3619
vn -0.2709 -0.8922 -0.3614
vn -0.2820 -0.9353 -0.2137
vn -0.2713 -0.8920 -0.3615
vn -0.2865 -0.9563 -0.0578
vn -0.2865 -0.9560 -0.0631
vn -0.2864 -0.9560 -0.0635
vn -0.2864 -0.9557 -0.0686
vn -0.2865 -0.9580 -0.0139
vn -0.2865 -0.9580 -0.0143
vn -0.2857 -0.9574 0.0409
vn -0.2814 -0.9470 0.1549
vn -0.2858 -0.9574 0.0409
vn -0.2813 -0.9469 0.1556
vn -0.2732 -0.9241 0.2671
vn -0.2733 -0.9241 0.2670
vn -0.2732 -0.9241 0.2670
vn -0.2704 -0.8835 0.3825
vn -0.2637 -0.8660 0.4248
vn -0.2843 -0.9340 0.2164
vn -0.2689 -0.8834 0.3838
vn -0.2678 -0.8843 0.3826
vn -0.2630 -0.8641 0.4291
vn -0.2674 -0.8833 0.3850
vn -0.2842 -0.9340 0.2166
vn -0.2578 -0.8468 0.4653
vn -0.2577 -0.8468 0.4653
vn -0.2483 -0.8157 -0.5224
vn -0.2720 -0.8933 -0.3579
vn -0.2483 -0.8157 -0.5225
vn -0.2722 -0.8945 -0.3546
vn -0.2866 -0.9414 -0.1779
vn -0.2906 -0.9544 -0.0678
vn -0.2865 -0.9414 -0.1780
vn -0.2903 -0.9540 -0.0744
vn -0.2865 -0.9414 -0.1779
vn -0.2878 -0.9566 0.0459
vn -0.2910 -0.9558 0.0426
vn -0.2940 -0.9547 0.0459
vn -0.2941 -0.9550 0.0393
vn 0.9543 -0.2987 -0.0066
vn 0.9560 -0.2935 -0.0028
vn -0.9559 0.2936 0.0029
vn -0.9543 0.2987 0.0067
vn 0.9551 -0.2964 -0.0037
vn -0.9551 0.2964 0.0037
vn 0.9567 -0.2912 -0.0000
vn -0.9567 0.2912 -0.0000
vn 0.9567 -0.2911 -0.0000
vn 0.9583 -0.2858 -0.0096
vn -0.9552 0.2958 -0.0094
vn 0.9578 -0.2873 -0.0120
vn 0.9579 -0.2867 -0.0116
vn -0.9578 0.2873 0.0121
vn -0.9579 0.2870 0.0122
vn -0.1178 -0.3599 -0.9255
vn 0.1178 0.3599 0.9255
vn -0.9580 0.2866 0.0116
vn 0.9579 -0.2870 -0.0121
vn 0.9584 -0.2850 -0.0164
vn -0.9589 0.2831 0.0210
vn -0.9589 0.2829 0.0209
vn -0.0941 -0.3492 0.9323
vn -0.9571 0.2897 -0.0046
vn 0.9543 -0.2982 0.0197
vn 0.9581 -0.2863 -0.0103
vn -0.9581 0.2863 0.0116
vn -0.9581 0.2863 0.0115
vn -0.0064 -0.0584 0.9983
vn -0.9581 0.2864 0.0103
vn 0.9581 -0.2863 -0.0115
vn 0.9581 -0.2864 -0.0102
vn -0.9580 0.2867 0.0090
vn -0.9581 0.2863 0.0089
vn -0.0095 -0.0688 0.9976
vn -0.9581 0.2864 0.0102
vn 0.9581 -0.2864 -0.0089
vn 0.9580 -0.2864 -0.0112
vn -0.9580 0.2865 0.0115
vn -0.9581 0.2863 0.0114
vn 0.0218 0.0361 0.9991
vn -0.9581 0.2864 0.0112
vn 0.9580 -0.2865 -0.0114
vn -0.9581 0.2864 0.0110
vn -0.9580 0.2864 0.0109
vn 0.0863 0.2531 0.9636
vn 0.9581 -0.2864 -0.0109
vn 0.9561 -0.2930 -0.0039
vn 0.9566 -0.2915 -0.0007
vn -0.9556 0.2944 0.0088
vn -0.9556 0.2946 0.0086
vn 0.1117 0.3672 0.9234
vn -0.9566 0.2914 0.0009
vn -0.9562 0.2928 0.0039
vn 0.9556 -0.2945 -0.0086
vn -0.9567 0.2909 -0.0006
vn -0.9568 0.2909 -0.0008
vn 0.1354 0.4452 0.8851
vn 0.9567 -0.2910 0.0007
vn 0.9581 -0.2860 -0.0137
vn 0.9610 -0.2751 -0.0273
vn -0.9611 0.2748 0.0278
vn -0.9611 0.2749 0.0277
vn -0.1522 -0.4998 0.8526
vn -0.9612 0.2744 0.0274
vn -0.9581 0.2862 0.0135
vn 0.9611 -0.2748 -0.0277
vn 0.9565 -0.2916 0.0055
vn -0.9565 0.2919 -0.0034
vn -0.9565 0.2917 -0.0035
vn -0.0519 -0.1702 0.9840
vn -0.9565 0.2915 -0.0056
vn 0.9565 -0.2918 0.0035
vn -0.9566 0.2912 -0.0077
vn -0.9567 0.2909 -0.0078
vn 0.0124 0.0408 0.9991
vn 0.9568 -0.2908 0.0078
vn 0.2716 0.9624 -0.0000
vn 0.2717 0.9624 -0.0000
vn -0.2716 -0.9624 -0.0000
vn -0.2717 -0.9624 -0.0000
vn -0.2716 -0.9624 -0.0001
vn 0.0476 0.1687 0.9845
vn 0.0477 0.1688 0.9845
vn -0.0476 -0.1687 0.9845
vn -0.0477 -0.1688 0.9845
vn 0.0765 0.2714 -0.9594
vn 0.0767 0.2713 -0.9594
vn -0.0765 -0.2713 -0.9594
vn -0.0767 -0.2714 -0.9594
vn 0.9624 -0.2717 -0.0000
vn 0.9624 -0.2716 -0.0000
vn -0.9624 0.2717 -0.0000
vn -0.2030 -0.4233 0.8829
vn -0.2029 -0.4233 0.8830
vn -0.2029 -0.4234 0.8829
vn -0.9520 0.2963 -0.0767
vn -0.9520 0.2964 -0.0768
vn -0.9520 0.2964 -0.0767
vn 0.2291 0.8562 0.4632
vn 0.2292 0.8561 0.4631
vn 0.2292 0.8561 0.4632
vn 0.2291 0.8562 0.4631
vn -0.2029 -0.4233 0.8829
vn 0.2030 0.4235 -0.8829
vn 0.2029 0.4234 -0.8829
vn 0.2029 0.4233 -0.8830
vn 0.2030 0.4234 -0.8829
vn 0.2030 0.4233 -0.8830
vn 0.2030 0.4233 -0.8829
vn 0.2028 0.4233 -0.8830
vn 0.2029 0.4234 -0.8830
vn -0.2030 -0.4235 0.8829
vn -0.2030 -0.4233 0.8830
vn -0.2292 -0.8562 -0.4631
vn -0.2291 -0.8561 -0.4632
vn -0.2292 -0.8561 -0.4632
vn -0.2028 -0.4233 0.8830
vn -0.2029 -0.4234 0.8830
vn 0.9520 -0.2963 0.0768
vn 0.9520 -0.2963 0.0767
vn 0.9520 -0.2964 0.0767
vn 0.2032 0.4233 -0.8829
vn 0.2031 0.4233 -0.8829
vn -0.2291 -0.8562 -0.4631
vn 0.9520 -0.2964 0.0768
vn 0.2291 0.8561 0.4632
vn -0.9520 0.2962 -0.0767
vn -0.1002 0.7586 -0.6438
vn -0.1196 0.8773 -0.4648
vn -0.1123 0.8853 -0.4512
vn -0.1024 0.7742 -0.6246
vn -0.0706 0.5344 -0.8423
vn -0.0759 0.5741 -0.8152
vn -0.0378 0.2864 -0.9574
vn -0.0496 0.3272 -0.9437
vn -0.0419 0.1572 -0.9867
vn -0.0511 0.1847 -0.9815
vn -0.0411 0.0229 -0.9989
vn -0.0422 0.0368 -0.9984
vn -0.0259 -0.1814 -0.9831
vn -0.0161 -0.1726 -0.9849
vn 0.0106 -0.3850 -0.9229
vn 0.0293 -0.4054 -0.9136
vn 0.0155 -0.6960 -0.7179
vn 0.0770 -0.7414 -0.6666
vn 0.1324 -0.9088 -0.3957
vn 0.2013 -0.9356 -0.2899
vn 0.3489 -0.9242 0.1554
vn 0.2612 -0.9597 -0.1034
vn 0.1986 -0.9688 0.1484
vn 0.1308 -0.9903 0.0464
vn 0.1310 -0.9909 0.0313
vn 0.1309 -0.9908 0.0332
vn 0.1310 -0.9914 -0.0000
vn 0.1310 -0.9909 -0.0313
vn 0.1309 -0.9908 -0.0332
vn 0.1284 -0.9716 -0.1988
vn 0.2091 -0.9691 -0.1307
vn 0.2351 -0.9716 -0.0274
vn 0.2619 -0.9479 0.1817
vn 0.2002 -0.8896 0.4105
vn 0.1207 -0.9333 0.3382
vn 0.0792 -0.7395 0.6684
vn -0.0322 -0.7987 0.6008
vn -0.0343 -0.4593 0.8876
vn -0.0624 -0.4764 0.8770
vn -0.0423 -0.2353 0.9710
vn -0.0273 -0.1859 0.9822
vn -0.0423 0.0170 0.9990
vn -0.0434 0.0320 0.9985
vn -0.0522 0.1780 0.9826
vn -0.0459 0.1994 0.9788
vn -0.0577 0.3744 0.9255
vn -0.0554 0.4184 0.9066
vn -0.0831 0.6286 0.7733
vn -0.0869 0.6570 0.7489
vn -0.1059 0.8012 0.5890
vn -0.1074 0.8121 0.5735
vn -0.1237 0.9086 0.3988
vn -0.1170 0.9159 0.3840
vn -0.1314 0.9513 -0.2789
vn -0.1307 0.9517 -0.2780
vn -0.1315 0.9632 -0.2343
vn -0.1316 0.9512 -0.2791
vn -0.1320 0.9512 -0.2789
vn -0.1324 0.9515 -0.2776
vn -0.1341 0.9620 -0.2378
vn -0.1198 0.9583 0.2595
vn -0.1188 0.9543 0.2743
vn -0.1251 0.9803 0.1530
vn -0.1341 0.9568 0.2581
vn -0.1373 0.9777 0.1588
vn -0.1333 0.9527 0.2730
vn -0.1315 0.9904 0.0427
vn -0.1266 0.9908 0.0484
vn -0.1327 0.9901 0.0460
vn -0.1337 0.9902 0.0411
vn -0.1350 0.9898 0.0452
vn -0.1380 0.9892 0.0500
vn -0.1331 0.9900 0.0476
vn -0.1337 0.9898 0.0488
vn -0.1329 0.9911 0.0095
vn -0.1345 0.9898 0.0478
vn -0.1354 0.9908 0.0095
vn -0.1340 0.9898 0.0486
vn -0.1318 0.9907 -0.0339
vn -0.1337 0.9906 -0.0281
vn -0.1314 0.9852 -0.1103
vn -0.1383 0.9898 -0.0331
vn -0.1377 0.9840 -0.1128
vn -0.1364 0.9902 -0.0287
vn -0.1317 0.9721 -0.1939
vn -0.1299 0.9733 -0.1894
vn -0.1346 0.9716 -0.1944
vn -0.1365 0.9726 -0.1883
vn -0.1223 0.9513 -0.2829
vn -0.1169 0.9540 -0.2762
vn -0.1228 0.9802 -0.1553
vn -0.1210 0.9413 -0.3152
vn -0.1261 0.9504 -0.2843
vn -0.1274 0.9388 -0.3202
vn -0.1320 0.9529 -0.2732
vn -0.1360 0.9776 -0.1603
vn -0.1150 0.9240 -0.3646
vn -0.1222 0.9288 -0.3498
vn -0.1329 0.9231 -0.3608
vn -0.1267 0.9276 -0.3516
vn -0.1140 0.9140 0.3895
vn -0.1201 0.9087 0.3998
vn -0.1171 0.9094 0.3991
vn -0.1201 0.9581 0.2600
vn -0.1310 0.9113 0.3903
vn -0.1325 0.9539 0.2693
vn -0.1235 0.9092 0.3976
vn -0.1226 0.9095 0.3973
vn -0.1242 0.9841 0.1268
vn -0.1193 0.9839 0.1335
vn -0.1266 0.9908 0.0483
vn -0.1337 0.9830 0.1255
vn -0.1350 0.9896 0.0495
vn -0.1382 0.9813 0.1337
vn -0.1241 0.9915 -0.0396
vn -0.1276 0.9915 -0.0269
vn -0.1395 0.9895 -0.0385
vn -0.1361 0.9903 -0.0279
vn 0.1002 -0.7580 0.6445
vn 0.1022 -0.7735 0.6255
vn 0.1173 -0.8879 0.4448
vn 0.1163 -0.8797 0.4611
vn 0.0700 -0.5297 0.8453
vn 0.0754 -0.5708 0.8176
vn 0.0370 -0.2795 0.9594
vn 0.0484 -0.3199 0.9462
vn 0.0406 -0.1487 0.9880
vn 0.0493 -0.1767 0.9830
vn 0.0391 -0.0140 0.9991
vn 0.0398 -0.0274 0.9988
vn 0.0266 0.1515 0.9881
vn 0.0149 0.1551 0.9878
vn -0.0080 0.3472 0.9377
vn -0.0280 0.3691 0.9290
vn -0.0132 0.6945 0.7194
vn -0.0764 0.7320 0.6770
vn -0.1307 0.9098 0.3939
vn -0.2137 0.9413 0.2612
vn -0.3549 0.9178 -0.1779
vn -0.2919 0.9558 0.0344
vn -0.2026 0.9639 -0.1729
vn -0.1308 0.9895 -0.0610
vn -0.1309 0.9907 -0.0384
vn -0.1309 0.9906 -0.0407
vn -0.1310 0.9914 -0.0000
vn -0.1309 0.9907 0.0384
vn -0.1309 0.9906 0.0406
vn -0.1276 0.9657 0.2261
vn -0.2159 0.9643 0.1531
vn -0.2540 0.9661 0.0455
vn -0.2787 0.9501 -0.1403
vn -0.2127 0.8934 -0.3958
vn -0.1177 0.9456 -0.3033
vn -0.0805 0.7390 -0.6689
vn 0.0358 0.7921 -0.6094
vn 0.0328 0.4244 -0.9049
vn 0.0635 0.4458 -0.8929
vn 0.0410 0.2082 -0.9772
vn 0.0268 0.1699 -0.9851
vn 0.0402 -0.0078 -0.9992
vn 0.0412 -0.0221 -0.9989
vn 0.0506 -0.1705 -0.9841
vn 0.0445 -0.1923 -0.9803
vn 0.0572 -0.3714 -0.9267
vn 0.0548 -0.4151 -0.9081
vn 0.0829 -0.6270 -0.7746
vn 0.0866 -0.6557 -0.7500
vn 0.1058 -0.8005 -0.5899
vn 0.1072 -0.8113 -0.5747
vn 0.1203 -0.9097 -0.3974
vn 0.1212 -0.9164 -0.3814
vn 0.1317 -0.9512 0.2791
vn 0.1317 -0.9512 0.2792
vn 0.1328 -0.9630 0.2347
vn 0.1316 -0.9512 0.2791
vn 0.1327 -0.9621 0.2383
vn 0.1267 -0.9555 -0.2663
vn 0.1311 -0.9796 -0.1523
vn 0.1265 -0.9555 -0.2663
vn 0.1268 -0.9556 -0.2660
vn 0.1310 -0.9786 -0.1586
vn 0.1264 -0.9556 -0.2660
vn 0.1338 -0.9902 -0.0411
vn 0.1337 -0.9900 -0.0450
vn 0.1338 -0.9902 -0.0412
vn 0.1338 -0.9901 -0.0412
vn 0.1338 -0.9900 -0.0450
vn 0.1364 -0.9899 -0.0382
vn 0.1337 -0.9898 -0.0488
vn 0.1342 -0.9909 -0.0098
vn 0.1342 -0.9909 -0.0117
vn 0.1356 -0.9897 -0.0466
vn 0.1345 -0.9905 0.0291
vn 0.1345 -0.9848 0.1098
vn 0.1346 -0.9905 0.0290
vn 0.1362 -0.9903 0.0271
vn 0.1345 -0.9844 0.1132
vn 0.1319 -0.9909 0.0261
vn 0.1336 -0.9720 0.1933
vn 0.1337 -0.9720 0.1933
vn 0.1257 -0.9506 0.2838
vn 0.1243 -0.9408 0.3154
vn 0.1294 -0.9794 0.1547
vn 0.1256 -0.9506 0.2837
vn 0.1242 -0.9395 0.3192
vn 0.1293 -0.9783 0.1619
vn 0.1227 -0.9285 0.3505
vn 0.1227 -0.9285 0.3504
vn 0.1228 -0.9285 0.3505
vn 0.1201 -0.9087 -0.3998
vn 0.1264 -0.9569 -0.2616
vn 0.1200 -0.9087 -0.3999
vn 0.1261 -0.9542 -0.2712
vn 0.1299 -0.9833 -0.1277
vn 0.1309 -0.9902 -0.0478
vn 0.1308 -0.9901 -0.0499
vn 0.1300 -0.9833 -0.1277
vn 0.1309 -0.9909 0.0303
vn 0.1310 -0.9909 0.0303
vn 0.9895 -0.1447 -0.0051
vn 0.9900 -0.1411 -0.0038
vn -0.9900 0.1412 0.0038
vn -0.9895 0.1447 0.0051
vn 0.9925 -0.1219 0.0076
vn -0.9926 0.1212 -0.0073
vn 0.9934 -0.1148 0.0071
vn -0.9922 0.1244 -0.0035
vn 0.9947 -0.1030 -0.0018
vn -0.9934 0.1149 0.0047
vn 0.9975 -0.0707 0.0001
vn -0.9975 0.0706 0.0001
vn 0.9963 -0.0859 -0.0008
vn -0.9977 0.0648 0.0224
vn 0.9257 -0.2348 -0.2966
vn -0.9200 0.2563 0.2965
vn 0.9480 -0.3097 -0.0732
vn -0.9613 0.2645 0.0765
vn 0.9635 -0.2550 0.0811
vn -0.9851 0.1712 -0.0157
vn 0.9497 -0.2734 0.1530
vn -0.9601 0.2458 -0.1336
vn 0.9583 -0.2303 0.1694
vn -0.8823 0.3178 -0.3473
vn 0.9829 -0.1611 0.0891
vn -0.9833 0.1596 -0.0877
vn 0.9905 -0.1373 0.0004
vn -0.9905 0.1373 0.0004
vn 0.9833 -0.1596 -0.0877
vn -0.9829 0.1612 0.0891
vn 0.9596 -0.2265 -0.1671
vn -0.8787 0.3227 0.3518
vn 0.9511 -0.2688 -0.1524
vn -0.9602 0.2461 0.1318
vn 0.9677 -0.2399 -0.0768
vn -0.9833 0.1810 0.0187
vn 0.9439 -0.3272 0.0457
vn -0.9509 0.3013 -0.0710
vn 0.9370 -0.2811 0.2073
vn -0.9485 0.2392 -0.2075
vn 0.9969 -0.0771 0.0129
vn -0.9965 0.0839 -0.0011
vn 0.9987 -0.0514 0.0004
vn -0.9987 0.0517 0.0002
vn 0.9971 -0.0756 -0.0029
vn -0.9966 0.0823 0.0025
vn 0.9946 -0.1029 -0.0098
vn -0.9938 0.1109 0.0084
vn 0.9920 -0.1265 -0.0050
vn -0.9919 0.1267 0.0051
vn 0.9906 -0.1370 -0.0000
vn -0.9906 0.1370 -0.0000
vn 0.9914 -0.1303 -0.0082
vn -0.9898 0.1425 -0.0081
vn 0.9913 -0.1308 -0.0127
vn 0.9914 -0.1304 -0.0121
vn -0.9913 0.1308 0.0129
vn -0.9913 0.1308 0.0128
vn 0.0583 -0.4933 -0.8679
vn -0.0583 0.4933 0.8679
vn -0.9914 0.1304 0.0121
vn 0.9913 -0.1309 -0.0127
vn 0.9916 -0.1280 -0.0177
vn -0.9919 0.1253 0.0222
vn -0.9920 0.1247 0.0220
vn 0.0729 -0.4749 0.8770
vn -0.9908 0.1352 -0.0062
vn 0.9889 -0.1473 0.0206
vn 0.9915 -0.1299 -0.0108
vn -0.9915 0.1298 0.0122
vn -0.9915 0.1297 0.0121
vn 0.0209 -0.0816 0.9964
vn -0.9915 0.1300 0.0108
vn 0.9915 -0.1298 -0.0121
vn 0.9915 -0.1299 -0.0107
vn -0.9914 0.1302 0.0094
vn -0.9915 0.1301 0.0094
vn 0.0229 -0.0966 0.9951
vn -0.9915 0.1300 0.0107
vn 0.9915 -0.1300 -0.0093
vn 0.9914 -0.1300 -0.0118
vn -0.9914 0.1301 0.0121
vn -0.9914 0.1301 0.0120
vn 0.0023 0.0555 0.9985
vn -0.9914 0.1300 0.0118
vn 0.9914 -0.1301 -0.0120
vn -0.9914 0.1300 0.0115
vn -0.9914 0.1302 0.0114
vn -0.0395 0.3589 0.9326
vn 0.9915 -0.1300 -0.0115
vn 0.9903 -0.1391 -0.0034
vn 0.9905 -0.1377 -0.0014
vn -0.9898 0.1420 0.0091
vn -0.9898 0.1422 0.0089
vn -0.0661 0.4998 0.8636
vn -0.9905 0.1376 0.0017
vn -0.9903 0.1390 0.0034
vn 0.9898 -0.1420 -0.0090
vn -0.9906 0.1366 -0.0007
vn -0.9906 0.1365 -0.0007
vn -0.0779 0.5889 0.8044
vn 0.9906 -0.1365 0.0006
vn 0.9916 -0.1281 -0.0170
vn 0.9931 -0.1133 -0.0287
vn -0.9932 0.1128 0.0292
vn -0.9932 0.1130 0.0292
vn 0.0854 -0.6467 0.7579
vn -0.9931 0.1135 0.0294
vn -0.9916 0.1283 0.0167
vn 0.9932 -0.1130 -0.0292
vn 0.9905 -0.1376 0.0057
vn -0.9904 0.1379 -0.0035
vn -0.9904 0.1380 -0.0036
vn 0.0322 -0.2441 0.9692
vn -0.9905 0.1372 -0.0057
vn 0.9904 -0.1381 0.0036
vn -0.9906 0.1365 -0.0081
vn -0.9906 0.1366 -0.0082
vn -0.0079 0.0594 0.9982
vn 0.9906 -0.1365 0.0082
vn -0.0432 0.9991 -0.0000
vn -0.0431 0.9991 -0.0000
vn 0.0432 -0.9991 -0.0000
vn 0.0431 -0.9991 -0.0000
vn 0.0432 -0.9991 -0.0001
vn -0.0076 0.1752 0.9845
vn -0.0075 0.1752 0.9845
vn 0.0076 -0.1751 0.9845
vn 0.0075 -0.1752 0.9845
vn -0.0122 0.2818 -0.9594
vn -0.0121 0.2818 -0.9594
vn 0.0122 -0.2817 -0.9594
vn 0.0121 -0.2818 -0.9594
vn 0.9991 0.0431 0.0001
vn 0.9991 0.0431 -0.0000
vn -0.9991 -0.0431 -0.0000
vn -0.0604 -0.4656 0.8829
vn -0.0603 -0.4656 0.8830
vn -0.0602 -0.4656 0.8830
vn -0.0603 -0.4655 0.8830
vn -0.9969 -0.0165 -0.0767
vn -0.9969 -0.0165 -0.0768
vn -0.9969 -0.0164 -0.0768
vn -0.9969 -0.0164 -0.0767
vn -0.0503 0.8848 0.4632
vn -0.0502 0.8848 0.4632
vn -0.0502 0.8849 0.4632
vn -0.0603 -0.4656 0.8829
vn 0.0603 0.4657 -0.8829
vn 0.0603 0.4656 -0.8829
vn 0.0602 0.4656 -0.8830
vn 0.0604 0.4656 -0.8829
vn 0.0603 0.4656 -0.8830
vn 0.0601 0.4656 -0.8830
vn 0.0502 -0.8849 -0.4631
vn 0.0503 -0.8848 -0.4632
vn 0.0602 0.4656 -0.8829
vn 0.0603 0.4655 -0.8830
vn 0.9969 0.0165 0.0768
vn 0.9969 0.0164 0.0767
vn 0.9969 0.0165 0.0767
vn 0.0604 0.4656 -0.8830
vn 0.0605 0.4656 -0.8829
vn 0.0502 -0.8848 -0.4632
vn 0.0503 -0.8849 -0.4631
vn -0.0503 0.8849 0.4632
vn -0.0502 0.8849 0.4631
vn -0.0002 1.0000 0.0001
vn -0.7079 0.7063 -0.0004
vn -0.7125 0.7016 -0.0012
vn -0.6650 0.7469 -0.0015
vn -0.6568 0.7540 -0.0009
vn -0.6990 0.7151 -0.0013
vn -0.6349 0.7726 -0.0025
vn -0.4509 0.8926 -0.0001
vn 0.1018 0.9948 -0.0056
vn -0.0001 1.0000 0.0008
vn -0.0002 1.0000 0.0014
vn -0.4469 0.8906 0.0844
vn -0.3779 0.9259 0.0001
vn 0.0010 1.0000 -0.0000
vn -0.0001 1.0000 0.0065
vn 0.0011 1.0000 0.0001
vn 0.0011 1.0000 -0.0001
vn -0.7100 0.7042 0.0042
vn 0.0001 1.0000 -0.0000
vn -0.4510 0.8925 0.0075
vn -0.7122 0.7020 0.0021
vn 0.0010 1.0000 -0.0047
vn 0.1018 0.9948 -0.0001
vn -0.0000 1.0000 -0.0016
vn -0.0001 1.0000 -0.0016
vn -0.4484 0.8938 0.0001
vn 0.0002 1.0000 -0.0001
vn -0.0001 1.0000 -0.0001
vn -0.0000 1.0000 -0.0003
vn 0.0009 1.0000 -0.0006
vn -0.0099 0.9999 0.0054
vn -0.0098 0.9999 0.0054
vn -0.0000 1.0000 0.0018
vn -0.0001 1.0000 0.0019
vn -0.0025 1.0000 -0.0014
vn -0.0070 1.0000 -0.0045
vn -0.0003 1.0000 0.0006
vn -0.0001 1.0000 0.0002
vn -0.0006 1.0000 0.0001
vn -0.9999 -0.0004 0.0126
vn 0.9998 0.0011 -0.0218
vn 0.0516 0.4847 -0.8731
vn 0.0234 0.0469 -0.9986
vn -0.9999 -0.0021 -0.0142
vn 0.1567 0.9475 -0.2787
vn 0.1631 0.9866 0.0001
vn 0.0018 -0.0005 1.0000
vn 0.0847 0.4498 0.8891
vn 0.1632 0.9866 0.0001
vn -0.9951 0.0990 0.0031
vn -0.9951 0.0990 -0.0001
vn 0.1703 0.7485 -0.6409
vn 0.1590 0.9472 0.2786
vn 0.1729 0.7493 0.6393
vn 0.1691 0.4673 -0.8678
vn 0.1725 0.5913 -0.7877
vn 0.1782 0.5941 0.7844
vn 0.1723 0.4626 0.8696
vn 0.1117 0.1991 -0.9736
vn 0.1674 0.3655 -0.9156
vn 0.1739 0.3696 0.9128
vn 0.1129 0.1931 0.9747
vn 0.0475 0.0564 -0.9973
vn 0.0595 0.0856 -0.9945
vn 0.0614 0.0861 0.9944
vn 0.0474 0.0544 0.9974
vn -0.1493 0.1966 -0.9691
vn -0.0621 0.1068 -0.9923
vn -0.0869 0.1066 0.9905
vn -0.1357 0.2306 0.9635
vn -0.0145 0.0578 -0.9982
vn -0.0184 -0.0145 0.9997
vn -0.0000 -0.0145 0.9999
vn -0.0000 0.0469 -0.9989
vn -0.9999 0.0104 0.0125
vn 0.1631 0.9866 -0.0003
vn -0.9956 0.0940 -0.0066
vn -0.9951 0.0992 0.0001
vn -0.9950 0.0998 0.0056
vn 0.6339 -0.7734 -0.0004
vn -0.0000 -1.0000 -0.0015
vn -0.1017 -0.9948 -0.0015
vn 0.1887 0.6196 0.7619
vn 0.1868 0.6140 0.7669
vn 0.2414 0.7736 0.5859
vn 0.2314 0.7786 0.5832
vn 0.1483 0.4871 0.8606
vn 0.1467 0.4821 0.8638
vn 0.1114 0.3662 0.9239
vn 0.0569 0.1866 0.9808
vn 0.0568 0.1867 0.9808
vn -0.0000 0.0001 1.0000
vn -0.0568 -0.1866 0.9808
vn -0.1115 -0.3660 0.9239
vn -0.1617 -0.5315 0.8315
vn -0.1618 -0.5314 0.8315
vn -0.2060 -0.6764 0.7071
vn -0.2690 -0.8839 0.3827
vn -0.2856 -0.9383 0.1951
vn -0.2911 -0.9567 -0.0000
vn -0.2857 -0.9383 -0.1950
vn -0.2690 -0.8839 -0.3827
vn -0.2691 -0.8838 -0.3826
vn -0.2421 -0.7955 -0.5556
vn -0.2422 -0.7955 -0.5555
vn -0.2059 -0.6765 -0.7071
vn -0.1618 -0.5315 -0.8314
vn -0.0569 -0.1867 -0.9808
vn 0.1617 0.5315 -0.8315
vn 0.2063 0.6775 -0.7060
vn 0.2062 0.6775 -0.7060
vn 0.2470 0.8296 -0.5007
vn 0.2556 0.8222 -0.5086
vn 0.2617 0.8880 0.3782
vn 0.2616 0.8880 0.3781
vn 0.2695 0.9073 0.3228
vn 0.2628 0.8881 0.3771
vn 0.2612 0.8880 0.3785
vn 0.2608 0.8882 0.3784
vn 0.2605 0.8890 0.3767
vn 0.2658 0.9083 0.3230
vn 0.2823 0.8921 -0.3527
vn 0.2904 0.9328 -0.2135
vn 0.2809 0.8851 -0.3710
vn 0.2616 0.8986 -0.3523
vn 0.2734 0.9376 -0.2149
vn 0.2597 0.8917 -0.3707
vn 0.2898 0.9552 -0.0600
vn 0.2878 0.9555 -0.0645
vn 0.2970 0.9525 -0.0676
vn 0.2865 0.9563 -0.0578
vn 0.2848 0.9565 -0.0636
vn 0.2796 0.9576 -0.0701
vn 0.2873 0.9555 -0.0669
vn 0.2882 0.9575 -0.0135
vn 0.2864 0.9557 -0.0685
vn 0.2851 0.9561 -0.0672
vn 0.2849 0.9585 -0.0130
vn 0.2860 0.9558 -0.0683
vn 0.2897 0.9559 0.0475
vn 0.2857 0.9457 0.1553
vn 0.2870 0.9571 0.0395
vn 0.2799 0.9589 0.0464
vn 0.2770 0.9484 0.1544
vn 0.2799 0.9590 0.0436
vn 0.2793 0.9230 0.2648
vn 0.2794 0.9238 0.2617
vn 0.2716 0.9242 0.2686
vn 0.2696 0.9270 0.2607
vn 0.2737 0.8825 0.3823
vn 0.2679 0.8650 0.4243
vn 0.2934 0.9311 0.2168
vn 0.2830 0.8833 0.3737
vn 0.2710 0.8810 0.3878
vn 0.2599 0.8687 0.4217
vn 0.2616 0.8909 0.3712
vn 0.2751 0.9369 0.2158
vn 0.2655 0.8356 0.4809
vn 0.2587 0.8470 0.4645
vn 0.2403 0.8448 0.4781
vn 0.2519 0.8475 0.4672
vn 0.2601 0.8199 -0.5100
vn 0.2806 0.8916 -0.3555
vn 0.2522 0.8152 -0.5213
vn 0.2483 0.8157 -0.5224
vn 0.2353 0.8255 -0.5131
vn 0.2641 0.8973 -0.3538
vn 0.2443 0.8184 -0.5202
vn 0.2457 0.8180 -0.5200
vn 0.2950 0.9390 -0.1766
vn 0.2964 0.9526 -0.0684
vn 0.3018 0.9352 -0.1852
vn 0.2812 0.9435 -0.1752
vn 0.2849 0.9564 -0.0637
vn 0.2735 0.9436 -0.1865
vn 0.3010 0.9520 0.0554
vn 0.2961 0.9544 0.0377
vn 0.2778 0.9591 0.0540
vn 0.2834 0.9582 0.0394
vn -0.1861 -0.6117 -0.7689
vn -0.2371 -0.7790 -0.5804
vn -0.2379 -0.7814 -0.5769
vn -0.1866 -0.6128 -0.7679
vn -0.1465 -0.4816 -0.8641
vn -0.1483 -0.4870 -0.8607
vn -0.1114 -0.3662 -0.9239
vn -0.0568 -0.1867 -0.9808
vn 0.1114 0.3660 -0.9239
vn 0.1618 0.5314 -0.8315
vn 0.2059 0.6764 -0.7072
vn 0.2421 0.7954 -0.5556
vn 0.2690 0.8838 -0.3827
vn 0.2856 0.9383 -0.1952
vn 0.2912 0.9567 -0.0001
vn 0.2911 0.9567 -0.0000
vn 0.2856 0.9383 0.1950
vn 0.2691 0.8839 0.3826
vn 0.2422 0.7955 0.5555
vn 0.2060 0.6765 0.7071
vn 0.1619 0.5315 0.8314
vn 0.0569 0.1867 0.9808
vn -0.0567 -0.1866 0.9808
vn -0.1114 -0.3660 0.9239
vn -0.2058 -0.6764 0.7072
vn -0.2511 -0.8257 0.5052
vn -0.2512 -0.8255 0.5055
vn -0.2612 -0.8880 -0.3786
vn -0.2612 -0.8880 -0.3785
vn -0.2677 -0.9076 -0.3234
vn -0.2676 -0.9076 -0.3234
vn -0.2709 -0.8920 0.3618
vn -0.2713 -0.8919 0.3619
vn -0.2821 -0.9354 0.2131
vn -0.2708 -0.8922 0.3614
vn -0.2820 -0.9353 0.2138
vn -0.2713 -0.8921 0.3614
vn -0.2865 -0.9563 0.0578
vn -0.2865 -0.9563 0.0579
vn -0.2864 -0.9560 0.0632
vn -0.2864 -0.9564 0.0578
vn -0.2864 -0.9557 0.0685
vn -0.2864 -0.9557 0.0686
vn -0.2865 -0.9580 0.0138
vn -0.2864 -0.9556 0.0685
vn -0.2864 -0.9556 0.0686
vn -0.2857 -0.9574 -0.0409
vn -0.2857 -0.9574 -0.0408
vn -0.2814 -0.9470 -0.1549
vn -0.2857 -0.9575 -0.0409
vn -0.2813 -0.9470 -0.1550
vn -0.2732 -0.9241 -0.2671
vn -0.2733 -0.9241 -0.2670
vn -0.2732 -0.9241 -0.2670
vn -0.2689 -0.8834 -0.3838
vn -0.2700 -0.8825 -0.3850
vn -0.2843 -0.9340 -0.2165
vn -0.2637 -0.8660 -0.4249
vn -0.2635 -0.8659 -0.4251
vn -0.2842 -0.9340 -0.2166
vn -0.2578 -0.8468 -0.4653
vn -0.2577 -0.8468 -0.4653
vn -0.2577 -0.8468 -0.4652
vn -0.2483 -0.8158 0.5224
vn -0.2483 -0.8157 0.5224
vn -0.2482 -0.8157 0.5225
vn -0.2720 -0.8933 0.3579
vn -0.2722 -0.8945 0.3546
vn -0.2866 -0.9414 0.1779
vn -0.2906 -0.9545 0.0677
vn -0.2865 -0.9414 0.1779
vn -0.2905 -0.9544 0.0685
vn -0.2909 -0.9558 -0.0426
vn -0.2878 -0.9569 -0.0392
vn -0.2910 -0.9558 -0.0425
vn 0.9543 -0.2987 0.0066
vn 0.9560 -0.2934 0.0029
vn -0.9559 0.2936 -0.0029
vn -0.9543 0.2987 -0.0067
vn 0.9550 -0.2966 0.0037
vn -0.9551 0.2964 -0.0037
vn 0.9583 -0.2857 0.0096
vn -0.9552 0.2958 0.0094
vn 0.9579 -0.2869 0.0122
vn 0.9579 -0.2867 0.0116
vn -0.9579 0.2870 -0.0123
vn -0.9578 0.2870 -0.0122
vn -0.1178 -0.3599 0.9255
vn 0.1178 0.3599 -0.9255
vn -0.9580 0.2866 -0.0116
vn 0.9579 -0.2869 0.0121
vn 0.9584 -0.2850 0.0164
vn -0.9590 0.2828 -0.0210
vn -0.9590 0.2828 -0.0209
vn -0.0941 -0.3492 -0.9323
vn -0.9571 0.2897 0.0046
vn 0.9543 -0.2983 -0.0197
vn 0.9581 -0.2863 0.0103
vn -0.9581 0.2863 -0.0116
vn -0.9581 0.2863 -0.0115
vn -0.0064 -0.0584 -0.9983
vn -0.9581 0.2864 -0.0103
vn 0.9581 -0.2863 0.0115
vn 0.9581 -0.2864 0.0102
vn -0.9581 0.2864 -0.0090
vn -0.9580 0.2865 -0.0089
vn -0.0096 -0.0691 -0.9976
vn -0.9581 0.2864 -0.0102
vn 0.9581 -0.2865 0.0089
vn 0.9580 -0.2864 0.0112
vn -0.9580 0.2865 -0.0114
vn 0.0218 0.0362 -0.9991
vn -0.9581 0.2864 -0.0112
vn 0.9581 -0.2863 0.0114
vn -0.9580 0.2865 -0.0110
vn -0.9580 0.2866 -0.0109
vn 0.0863 0.2531 -0.9636
vn 0.9581 -0.2863 0.0109
vn 0.9561 -0.2929 0.0039
vn 0.9566 -0.2915 0.0007
vn -0.9556 0.2946 -0.0087
vn -0.9556 0.2947 -0.0086
vn 0.1117 0.3672 -0.9234
vn -0.9566 0.2914 -0.0009
vn -0.9562 0.2927 -0.0039
vn 0.9556 -0.2945 0.0087
vn -0.9567 0.2909 0.0006
vn -0.9568 0.2909 0.0008
vn 0.1355 0.4452 -0.8851
vn 0.9568 -0.2908 -0.0006
vn 0.9581 -0.2860 0.0137
vn 0.9594 -0.2805 0.0307
vn -0.9611 0.2749 -0.0278
vn -0.9611 0.2749 -0.0277
vn -0.1522 -0.4997 -0.8527
vn -0.9610 0.2752 -0.0279
vn -0.9581 0.2862 -0.0135
vn 0.9610 -0.2751 0.0279
vn 0.9565 -0.2917 -0.0056
vn -0.9565 0.2918 0.0034
vn -0.9564 0.2919 0.0035
vn -0.0518 -0.1701 -0.9841
vn -0.9565 0.2916 0.0057
vn 0.9565 -0.2917 -0.0035
vn -0.9567 0.2910 0.0077
vn -0.9567 0.2910 0.0078
vn 0.0124 0.0408 -0.9991
vn 0.9567 -0.2908 -0.0079
vn -0.2716 -0.9624 0.0001
vn -0.2717 -0.9624 -0.0001
vn 0.0476 0.1688 -0.9845
vn -0.0477 -0.1688 -0.9845
vn -0.0476 -0.1688 -0.9845
vn 0.0477 0.1688 -0.9845
vn 0.0765 0.2714 0.9594
vn -0.0766 -0.2713 0.9594
vn -0.0765 -0.2713 0.9595
vn 0.0766 0.2712 0.9595
vn -0.9624 0.2716 -0.0000
vn -0.2030 -0.4233 -0.8829
vn -0.2029 -0.4234 -0.8829
vn -0.9520 0.2963 0.0767
vn -0.9520 0.2964 0.0767
vn 0.2291 0.8562 -0.4632
vn 0.2292 0.8561 -0.4632
vn 0.2291 0.8562 -0.4631
vn -0.2029 -0.4233 -0.8829
vn -0.2029 -0.4233 -0.8830
vn 0.2030 0.4234 0.8829
vn 0.2030 0.4233 0.8830
vn 0.2029 0.4234 0.8829
vn 0.2028 0.4233 0.8830
vn 0.2029 0.4233 0.8829
vn -0.2029 -0.4235 -0.8829
vn -0.2030 -0.4235 -0.8829
vn -0.2291 -0.8561 0.4632
vn -0.2292 -0.8561 0.4632
vn 0.2029 0.4233 0.8830
vn -0.2028 -0.4234 -0.8830
vn -0.2029 -0.4234 -0.8830
vn 0.9520 -0.2963 -0.0767
vn 0.9520 -0.2963 -0.0768
vn 0.9520 -0.2964 -0.0767
vn 0.2031 0.4233 0.8829
vn 0.2032 0.4233 0.8829
vn -0.2291 -0.8562 0.4631
vn 0.9520 -0.2962 -0.0767
vn 0.2292 0.8561 -0.4631
vn 0.2291 0.8561 -0.4632
vn -0.9520 0.2963 0.0768
vn -0.9520 0.2964 0.0768
vn -0.1002 0.7586 0.6438
vn -0.1024 0.7742 0.6246
vn -0.1123 0.8853 0.4512
vn -0.1196 0.8773 0.4649
vn -0.0706 0.5344 0.8423
vn -0.0759 0.5742 0.8152
vn -0.0378 0.2864 0.9574
vn -0.0495 0.3272 0.9436
vn -0.0419 0.1572 0.9867
vn -0.0511 0.1847 0.9815
vn -0.0411 0.0229 0.9989
vn -0.0422 0.0370 0.9984
vn -0.0259 -0.1814 0.9831
vn -0.0161 -0.1725 0.9849
vn 0.0106 -0.3850 0.9228
vn 0.0293 -0.4055 0.9136
vn 0.0155 -0.6961 0.7178
vn 0.0770 -0.7414 0.6666
vn 0.1324 -0.9088 0.3958
vn 0.2013 -0.9356 0.2899
vn 0.3489 -0.9242 -0.1555
vn 0.2612 -0.9597 0.1034
vn 0.1985 -0.9688 -0.1485
vn 0.1308 -0.9903 -0.0463
vn 0.1310 -0.9909 -0.0312
vn 0.1309 -0.9908 -0.0331
vn 0.1310 -0.9909 0.0312
vn 0.1284 -0.9716 0.1988
vn 0.2091 -0.9691 0.1306
vn 0.2351 -0.9716 0.0275
vn 0.2619 -0.9478 -0.1817
vn 0.2002 -0.8896 -0.4105
vn 0.1207 -0.9332 -0.3384
vn 0.0792 -0.7396 -0.6684
vn -0.0322 -0.7988 -0.6007
vn -0.0342 -0.4592 -0.8877
vn -0.0624 -0.4764 -0.8770
vn -0.0423 -0.2352 -0.9710
vn -0.0273 -0.1858 -0.9822
vn -0.0423 0.0170 -0.9990
vn -0.0434 0.0320 -0.9985
vn -0.0522 0.1779 -0.9827
vn -0.0459 0.1993 -0.9789
vn -0.0577 0.3745 -0.9254
vn -0.0553 0.4185 -0.9065
vn -0.0831 0.6287 -0.7732
vn -0.0869 0.6570 -0.7489
vn -0.1058 0.8013 -0.5889
vn -0.1074 0.8122 -0.5734
vn -0.1237 0.9087 -0.3988
vn -0.1170 0.9159 -0.3841
vn -0.1314 0.9513 0.2789
vn -0.1315 0.9632 0.2343
vn -0.1307 0.9516 0.2780
vn -0.1316 0.9512 0.2791
vn -0.1320 0.9512 0.2790
vn -0.1323 0.9516 0.2776
vn -0.1341 0.9620 0.2378
vn -0.1198 0.9583 -0.2595
vn -0.1251 0.9803 -0.1529
vn -0.1188 0.9543 -0.2743
vn -0.1341 0.9568 -0.2581
vn -0.1373 0.9777 -0.1588
vn -0.1334 0.9527 -0.2730
vn -0.1333 0.9902 -0.0406
vn -0.1327 0.9901 -0.0460
vn -0.1266 0.9908 -0.0484
vn -0.1338 0.9902 -0.0412
vn -0.1350 0.9901 -0.0372
vn -0.1381 0.9892 -0.0500
vn -0.1331 0.9900 -0.0476
vn -0.1329 0.9911 -0.0095
vn -0.1337 0.9898 -0.0488
vn -0.1345 0.9898 -0.0478
vn -0.1354 0.9908 -0.0086
vn -0.1340 0.9898 -0.0486
vn -0.1318 0.9907 0.0339
vn -0.1314 0.9852 0.1102
vn -0.1337 0.9906 0.0281
vn -0.1383 0.9898 0.0331
vn -0.1377 0.9840 0.1127
vn -0.1364 0.9902 0.0287
vn -0.1317 0.9721 0.1939
vn -0.1299 0.9733 0.1894
vn -0.1346 0.9716 0.1944
vn -0.1365 0.9726 0.1882
vn -0.1224 0.9513 0.2829
vn -0.1210 0.9413 0.3152
vn -0.1228 0.9802 0.1552
vn -0.1169 0.9540 0.2762
vn -0.1262 0.9504 0.2843
vn -0.1274 0.9388 0.3202
vn -0.1277 0.9546 0.2693
vn -0.1360 0.9776 0.1603
vn -0.1150 0.9240 0.3646
vn -0.1221 0.9288 0.3499
vn -0.1329 0.9231 0.3607
vn -0.1267 0.9275 0.3516
vn -0.1141 0.9140 -0.3894
vn -0.1201 0.9581 -0.2601
vn -0.1172 0.9094 -0.3992
vn -0.1201 0.9087 -0.3998
vn -0.1310 0.9113 -0.3903
vn -0.1325 0.9539 -0.2693
vn -0.1235 0.9092 -0.3976
vn -0.1227 0.9095 -0.3973
vn -0.1242 0.9841 -0.1268
vn -0.1193 0.9839 -0.1334
vn -0.1337 0.9830 -0.1255
vn -0.1350 0.9896 -0.0495
vn -0.1382 0.9813 -0.1337
vn -0.1241 0.9915 0.0397
vn -0.1276 0.9915 0.0269
vn -0.1395 0.9895 0.0386
vn -0.1362 0.9903 0.0279
vn 0.1002 -0.7580 -0.6445
vn 0.1163 -0.8797 -0.4611
vn 0.1173 -0.8879 -0.4447
vn 0.1022 -0.7736 -0.6254
vn 0.0700 -0.5298 -0.8452
vn 0.0754 -0.5709 -0.8176
vn 0.0370 -0.2796 -0.9594
vn 0.0484 -0.3198 -0.9462
vn 0.0406 -0.1488 -0.9880
vn 0.0493 -0.1767 -0.9830
vn 0.0391 -0.0141 -0.9991
vn 0.0399 -0.0273 -0.9988
vn 0.0266 0.1513 -0.9881
vn 0.0149 0.1551 -0.9878
vn -0.0080 0.3473 -0.9377
vn -0.0280 0.3691 -0.9290
vn -0.0132 0.6945 -0.7194
vn -0.0764 0.7319 -0.6771
vn -0.1307 0.9098 -0.3939
vn -0.2137 0.9413 -0.2612
vn -0.3549 0.9178 0.1778
vn -0.2919 0.9558 -0.0344
vn -0.2026 0.9639 0.1728
vn -0.1308 0.9895 0.0610
vn -0.1309 0.9907 0.0383
vn -0.1309 0.9906 0.0407
vn -0.1310 0.9914 -0.0001
vn -0.1276 0.9657 -0.2261
vn -0.2159 0.9643 -0.1532
vn -0.2540 0.9661 -0.0454
vn -0.2787 0.9501 0.1404
vn -0.2127 0.8934 0.3957
vn -0.1177 0.9456 0.3033
vn -0.0805 0.7390 0.6689
vn 0.0358 0.7920 0.6095
vn 0.0328 0.4244 0.9049
vn 0.0635 0.4458 0.8929
vn 0.0410 0.2082 0.9772
vn 0.0268 0.1699 0.9851
vn 0.0402 -0.0078 0.9992
vn 0.0412 -0.0223 0.9989
vn 0.0506 -0.1705 0.9841
vn 0.0445 -0.1924 0.9803
vn 0.0572 -0.3713 0.9267
vn 0.0548 -0.4152 0.9081
vn 0.0829 -0.6270 0.7746
vn 0.0866 -0.6558 0.7500
vn 0.1058 -0.8005 0.5900
vn 0.1072 -0.8113 0.5747
vn 0.1203 -0.9097 0.3974
vn 0.1212 -0.9164 0.3814
vn 0.1317 -0.9512 -0.2791
vn 0.1328 -0.9630 -0.2346
vn 0.1316 -0.9512 -0.2791
vn 0.1316 -0.9512 -0.2792
vn 0.1327 -0.9621 -0.2383
vn 0.1267 -0.9555 0.2663
vn 0.1264 -0.9556 0.2663
vn 0.1311 -0.9796 0.1523
vn 0.1268 -0.9556 0.2660
vn 0.1310 -0.9786 0.1586
vn 0.1265 -0.9556 0.2660
vn 0.1338 -0.9902 0.0411
vn 0.1337 -0.9900 0.0450
vn 0.1338 -0.9902 0.0412
vn 0.1337 -0.9900 0.0449
vn 0.1337 -0.9898 0.0488
vn 0.1342 -0.9909 0.0099
vn 0.1337 -0.9898 0.0489
vn 0.1345 -0.9905 -0.0291
vn 0.1345 -0.9848 -0.1098
vn 0.1346 -0.9905 -0.0291
vn 0.1345 -0.9844 -0.1132
vn 0.1337 -0.9720 -0.1933
vn 0.1256 -0.9506 -0.2837
vn 0.1294 -0.9795 -0.1547
vn 0.1243 -0.9408 -0.3153
vn 0.1257 -0.9506 -0.2838
vn 0.1242 -0.9395 -0.3193
vn 0.1293 -0.9783 -0.1618
vn 0.1227 -0.9285 -0.3505
vn 0.1201 -0.9087 0.3998
vn 0.1201 -0.9087 0.3999
vn 0.1264 -0.9569 0.2616
vn 0.1261 -0.9542 0.2712
vn 0.1300 -0.9833 0.1277
vn 0.1299 -0.9833 0.1277
vn 0.1309 -0.9902 0.0479
vn 0.1308 -0.9902 0.0498
vn 0.1310 -0.9909 -0.0303
vn 0.9895 -0.1447 0.0051
vn 0.9900 -0.1411 0.0038
vn -0.9900 0.1412 -0.0038
vn -0.9895 0.1447 -0.0051
vn 0.9925 -0.1219 -0.0076
vn -0.9926 0.1212 0.0073
vn 0.9934 -0.1148 -0.0070
vn -0.9922 0.1244 0.0035
vn 0.9947 -0.1030 0.0018
vn -0.9934 0.1149 -0.0047
vn 0.9975 -0.0707 -0.0001
vn -0.9975 0.0706 -0.0001
vn 0.9963 -0.0859 0.0008
vn -0.9977 0.0648 -0.0224
vn 0.9257 -0.2347 0.2966
vn -0.9200 0.2563 -0.2965
vn 0.9480 -0.3097 0.0732
vn -0.9613 0.2645 -0.0765
vn 0.9635 -0.2550 -0.0811
vn -0.9851 0.1712 0.0157
vn 0.9497 -0.2734 -0.1530
vn -0.9601 0.2458 0.1336
vn 0.9583 -0.2303 -0.1694
vn -0.8823 0.3178 0.3473
vn 0.9829 -0.1611 -0.0891
vn -0.9833 0.1596 0.0877
vn 0.9905 -0.1372 -0.0004
vn -0.9905 0.1373 -0.0004
vn 0.9833 -0.1596 0.0877
vn -0.9829 0.1612 -0.0891
vn 0.9596 -0.2264 0.1671
vn -0.8787 0.3227 -0.3518
vn 0.9511 -0.2688 0.1524
vn -0.9602 0.2461 -0.1318
vn 0.9677 -0.2399 0.0768
vn -0.9833 0.1810 -0.0187
vn 0.9439 -0.3272 -0.0457
vn -0.9509 0.3013 0.0710
vn 0.9370 -0.2811 -0.2073
vn -0.9485 0.2392 0.2075
vn 0.9969 -0.0771 -0.0129
vn -0.9965 0.0839 0.0011
vn 0.9987 -0.0515 -0.0004
vn -0.9987 0.0516 -0.0002
vn 0.9971 -0.0756 0.0029
vn -0.9966 0.0823 -0.0025
vn 0.9946 -0.1029 0.0098
vn -0.9938 0.1109 -0.0084
vn 0.9920 -0.1265 0.0050
vn -0.9919 0.1267 -0.0051
vn 0.9914 -0.1303 0.0082
vn -0.9898 0.1425 0.0082
vn 0.9913 -0.1307 0.0128
vn 0.9914 -0.1304 0.0121
vn -0.9913 0.1308 -0.0129
vn -0.9913 0.1308 -0.0128
vn 0.0583 -0.4933 0.8679
vn -0.0583 0.4932 -0.8680
vn -0.9914 0.1304 -0.0121
vn 0.9913 -0.1310 0.0126
vn 0.9916 -0.1280 0.0177
vn -0.9920 0.1247 -0.0221
vn -0.9920 0.1247 -0.0220
vn 0.0729 -0.4749 -0.8770
vn -0.9908 0.1352 0.0062
vn 0.9889 -0.1473 -0.0206
vn 0.9915 -0.1299 0.0108
vn -0.9915 0.1297 -0.0122
vn -0.9915 0.1298 -0.0121
vn 0.0209 -0.0816 -0.9964
vn -0.9915 0.1300 -0.0108
vn 0.9915 -0.1298 0.0121
vn 0.9915 -0.1299 0.0107
vn -0.9915 0.1300 -0.0095
vn -0.9915 0.1300 -0.0094
vn 0.0229 -0.0967 -0.9951
vn -0.9915 0.1300 -0.0107
vn 0.9915 -0.1300 0.0093
vn 0.9914 -0.1303 0.0117
vn -0.9914 0.1301 -0.0121
vn -0.9914 0.1301 -0.0120
vn 0.0023 0.0555 -0.9985
vn -0.9914 0.1300 -0.0118
vn 0.9914 -0.1301 0.0120
vn -0.9914 0.1302 -0.0114
vn -0.9914 0.1301 -0.0114
vn -0.0395 0.3588 -0.9326
vn 0.9915 -0.1300 0.0115
vn 0.9903 -0.1391 0.0034
vn 0.9905 -0.1377 0.0015
vn -0.9898 0.1422 -0.0091
vn -0.9898 0.1422 -0.0089
vn -0.0661 0.4997 -0.8637
vn -0.9905 0.1376 -0.0017
vn -0.9903 0.1390 -0.0033
vn 0.9898 -0.1420 0.0090
vn -0.9906 0.1366 0.0007
vn -0.0779 0.5889 -0.8045
vn 0.9906 -0.1365 -0.0007
vn 0.9916 -0.1281 0.0170
vn 0.9931 -0.1133 0.0287
vn -0.9932 0.1130 -0.0293
vn -0.9932 0.1130 -0.0292
vn 0.0854 -0.6466 -0.7580
vn -0.9931 0.1134 -0.0294
vn -0.9916 0.1283 -0.0167
vn 0.9932 -0.1130 0.0292
vn 0.9905 -0.1375 -0.0057
vn -0.9904 0.1378 0.0036
vn -0.9904 0.1379 0.0037
vn 0.0322 -0.2441 -0.9692
vn -0.9905 0.1372 0.0057
vn 0.9904 -0.1379 -0.0037
vn -0.9906 0.1366 0.0081
vn -0.9906 0.1366 0.0082
vn -0.0079 0.0593 -0.9982
vn 0.9906 -0.1365 -0.0082
vn -0.0432 0.9991 0.0001
vn -0.0076 0.1751 -0.9845
vn 0.0075 -0.1752 -0.9845
vn 0.0076 -0.1751 -0.9845
vn -0.0075 0.1752 -0.9845
vn -0.0122 0.2818 0.9594
vn 0.0121 -0.2818 0.9594
vn 0.0122 -0.2818 0.9594
vn -0.0121 0.2818 0.9594
vn 0.9991 0.0432 -0.0000
vn -0.9991 -0.0430 -0.0000
vn -0.0604 -0.4656 -0.8829
vn -0.0603 -0.4656 -0.8830
vn -0.0602 -0.4656 -0.8830
vn -0.9969 -0.0165 0.0767
vn -0.9969 -0.0164 0.0767
vn -0.9969 -0.0165 0.0768
vn -0.0503 0.8849 -0.4631
vn -0.0503 0.8849 -0.4632
vn -0.0502 0.8848 -0.4632
vn -0.0602 -0.4656 -0.8829
vn -0.0603 -0.4655 -0.8830
vn 0.0604 0.4657 0.8829
vn 0.0604 0.4656 0.8829
vn 0.0603 0.4656 0.8829
vn 0.0603 0.4656 0.8830
vn 0.0601 0.4656 0.8830
vn 0.0602 0.4656 0.8829
vn -0.0603 -0.4656 -0.8829
vn 0.0503 -0.8849 0.4631
vn 0.0502 -0.8849 0.4631
vn 0.0503 -0.8848 0.4632
vn 0.9969 0.0164 -0.0767
vn 0.9969 0.0165 -0.0767
vn 0.0602 0.4655 0.8830
vn 0.0605 0.4656 0.8829
vn 0.0603 0.4655 0.8830
vn 0.9969 0.0164 -0.0768
vn 0.9969 0.0165 -0.0768
vn -0.0502 0.8849 -0.4632
vn -0.0503 0.8848 -0.4632
vt 0.174024 0.822647
vt 0.098174 0.822647
vt 0.098174 0.773252
vt 0.182634 0.773252
vt 0.183173 0.929210
vt 0.099112 0.929210
vt 0.099112 0.915798
vt 0.183173 0.915798
vt 0.991649 0.825726
vt 0.986338 0.824078
vt 0.986338 0.805924
vt 0.991649 0.824856
vt 0.991649 0.828168
vt 0.991649 0.828520
vt 0.986338 0.882400
vt 0.986338 0.875059
vt 0.982301 0.823588
vt 0.977242 0.823258
vt 0.977242 0.796501
vt 0.982301 0.800288
vt 0.982301 0.889018
vt 0.982301 0.898439
vt 0.977242 0.909216
vt 0.977242 0.898397
vt 0.971196 0.822981
vt 0.963468 0.822776
vt 0.963468 0.790963
vt 0.971196 0.793311
vt 0.971196 0.906297
vt 0.971196 0.918293
vt 0.963468 0.924976
vt 0.963468 0.912112
vt 0.952945 0.822714
vt 0.940989 0.822647
vt 0.940989 0.789475
vt 0.952945 0.790248
vt 0.952945 0.913884
vt 0.952945 0.927011
vt 0.940989 0.929211
vt 0.940989 0.915798
vt 0.924729 0.822647
vt 0.919465 0.822647
vt 0.919463 0.789475
vt 0.924728 0.789475
vt 0.924728 0.915798
vt 0.924728 0.929211
vt 0.903927 0.929210
vt 0.903927 0.915798
vt 0.854729 0.822647
vt 0.854729 0.789475
vt 0.851111 0.929211
vt 0.851111 0.915798
vt 0.000758 0.929211
vt 0.000758 0.915798
vt 0.000845 0.822647
vt 0.000845 0.789475
vt 0.098174 0.915798
vt 0.000845 0.865269
vt 0.098174 0.887614
vt 0.098174 0.879272
vt 0.182634 0.879272
vt 0.854729 0.865269
vt 0.919463 0.865269
vt 0.854729 0.915798
vt 0.924728 0.865269
vt 0.940989 0.865269
vt 0.952945 0.864430
vt 0.963468 0.863653
vt 0.971196 0.861103
vt 0.977242 0.857638
vt 0.982301 0.853526
vt 0.986338 0.847405
vt 0.991649 0.826843
vt 0.099112 0.734134
vt 0.000758 0.734134
vt 0.000758 0.722407
vt 0.099112 0.722407
vt 0.183173 0.734134
vt 0.183173 0.722407
vt 0.903927 0.734133
vt 0.851111 0.734133
vt 0.851111 0.722406
vt 0.903927 0.722407
vt 0.924728 0.734133
vt 0.924728 0.722407
vt 0.952945 0.736084
vt 0.940989 0.734134
vt 0.940989 0.722407
vt 0.952945 0.724606
vt 0.971196 0.743813
vt 0.963468 0.737888
vt 0.963468 0.726641
vt 0.971196 0.733324
vt 0.982301 0.761415
vt 0.977242 0.751861
vt 0.977242 0.742401
vt 0.982301 0.753178
vt 0.991649 0.823405
vt 0.986338 0.775636
vt 0.986338 0.769217
vt 0.991649 0.823097
vt 0.000845 0.777444
vt 0.098174 0.755099
vt 0.182610 0.773365
vt 0.125113 0.773406
vt 0.125113 0.763595
vt 0.182422 0.763656
vt 0.851111 0.789475
vt 0.851111 0.777444
vt 0.919463 0.777444
vt 0.924728 0.777444
vt 0.940989 0.777444
vt 0.952945 0.778473
vt 0.963468 0.779425
vt 0.971196 0.782551
vt 0.977242 0.786796
vt 0.982301 0.791837
vt 0.986338 0.799339
vt 0.991649 0.824540
vt 0.098174 0.865831
vt 0.000845 0.850832
vt 0.182634 0.865831
vt 0.919463 0.850832
vt 0.854729 0.850832
vt 0.924728 0.850832
vt 0.952945 0.850300
vt 0.940989 0.850832
vt 0.971196 0.848190
vt 0.963468 0.849807
vt 0.982301 0.843385
vt 0.977242 0.845993
vt 0.991649 0.826465
vt 0.986338 0.839504
vt 0.182477 0.879108
vt 0.125113 0.879160
vt 0.125113 0.865718
vt 0.182609 0.865732
vt 0.851111 0.850832
vt 0.851111 0.865269
vt 0.098174 0.734134
vt 0.182634 0.763441
vt 0.098174 0.763441
vt 0.854729 0.777444
vt 0.854729 0.734134
vt 0.698336 0.734134
vt 0.698336 0.722407
vt 0.698336 0.777444
vt 0.698336 0.789475
vt 0.698336 0.822647
vt 0.698336 0.789361
vt 0.698336 0.850832
vt 0.698336 0.865269
vt 0.698336 0.915798
vt 0.698336 0.929211
vt 0.497065 0.734134
vt 0.497065 0.722407
vt 0.497065 0.777444
vt 0.497065 0.789475
vt 0.497065 0.822647
vt 0.497065 0.789411
vt 0.497065 0.850832
vt 0.497065 0.865269
vt 0.497065 0.915798
vt 0.497065 0.929210
vt 0.296951 0.734134
vt 0.296951 0.722407
vt 0.497065 0.777330
vt 0.296951 0.777444
vt 0.296951 0.734069
vt 0.296951 0.789475
vt 0.296951 0.777380
vt 0.296951 0.822647
vt 0.296951 0.850832
vt 0.296951 0.865269
vt 0.296951 0.850718
vt 0.497065 0.915684
vt 0.296951 0.915798
vt 0.296951 0.929211
vt 0.182634 0.929211
vt 0.098174 0.929211
vt 0.182634 0.865717
vt 0.854729 0.929211
vt 0.497065 0.929096
vt 0.098174 0.722407
vt 0.182634 0.722407
vt 0.698336 0.722342
vt 0.854729 0.722407
vt 0.296951 0.722342
vt 0.191935 0.722407
vt 0.191437 0.722407
vt 0.191935 0.734134
vt 0.191437 0.777444
vt 0.190998 0.777721
vt 0.191186 0.789650
vt 0.182763 0.822641
vt 0.173959 0.822641
vt 0.191239 0.850681
vt 0.191107 0.865052
vt 0.191437 0.865269
vt 0.191935 0.915798
vt 0.191935 0.929211
vt 0.191437 0.929211
vt 0.191437 0.789475
vt 0.182827 0.822647
vt 0.191437 0.850832
vt 0.001142 0.717622
vt 0.098174 0.722023
vt 0.000715 0.734105
vt 1.000000 0.823097
vt 1.000000 0.823405
vt 0.098174 0.929087
vt 0.001142 0.933489
vt 0.999999 0.825726
vt 0.999999 0.826465
vt 0.000008 0.850832
vt 0.000008 0.822647
vt 0.994569 0.769217
vt 1.000000 0.828520
vt 0.994569 0.882400
vt 0.985156 0.742401
vt 0.990372 0.753178
vt 0.990371 0.898439
vt 0.985156 0.909216
vt 0.970732 0.726641
vt 0.978786 0.733324
vt 0.978786 0.918293
vt 0.970732 0.924976
vt 0.947339 0.722407
vt 0.959770 0.724606
vt 0.959771 0.927011
vt 0.947340 0.929211
vt 0.906872 0.719921
vt 0.929455 0.721221
vt 0.929456 0.930396
vt 0.906873 0.931696
vt 0.854729 0.722023
vt 0.854729 0.929087
vt 0.182634 0.929087
vt 0.182634 0.722023
vt 0.000716 0.915823
vt 1.000000 0.828168
vt -0.000000 0.777415
vt 1.000000 0.824541
vt 0.000008 0.789475
vt 1.000000 0.824856
vt 0.000000 0.865294
vt 0.999999 0.826843
vt 0.698336 0.722023
vt 0.698336 0.929087
vt 0.497065 0.722023
vt 0.497065 0.929087
vt 0.296951 0.722023
vt 0.296951 0.929087
vt 0.191437 0.722023
vt 0.191437 0.929087
vt 0.990371 0.825809
vt 0.985156 0.825809
vt 0.994569 0.825809
vt 0.978786 0.825809
vt 0.970732 0.825809
vt 0.959770 0.825809
vt 0.947339 0.825809
vt 0.929455 0.825809
vt 0.906872 0.825809
vt 0.854729 0.825555
vt 0.698336 0.825555
vt 0.497065 0.825555
vt 0.296951 0.825555
vt 0.191437 0.825555
vt 0.182634 0.825555
vt 0.098174 0.825555
vt 0.231921 0.438727
vt 0.244422 0.405077
vt 0.302919 0.405077
vt 0.290418 0.438727
vt 0.216368 0.462907
vt 0.274864 0.462907
vt 0.201064 0.483939
vt 0.259561 0.483939
vt 0.184457 0.496891
vt 0.242954 0.496891
vt 0.167188 0.501264
vt 0.225685 0.501264
vt 0.149918 0.496891
vt 0.208415 0.496891
vt 0.133311 0.483939
vt 0.191808 0.483939
vt 0.118007 0.462908
vt 0.176504 0.462908
vt 0.104592 0.434603
vt 0.163090 0.434603
vt 0.093585 0.400113
vt 0.152081 0.400113
vt 0.085404 0.360765
vt 0.143901 0.360765
vt 0.080366 0.318070
vt 0.138862 0.318070
vt 0.078666 0.273668
vt 0.137162 0.273668
vt 0.080366 0.229266
vt 0.138862 0.229266
vt 0.085404 0.186571
vt 0.143901 0.186571
vt 0.093584 0.147222
vt 0.152081 0.147222
vt 0.104593 0.112733
vt 0.163090 0.112733
vt 0.118007 0.084428
vt 0.176504 0.084428
vt 0.133311 0.063396
vt 0.191808 0.063396
vt 0.149918 0.050445
vt 0.208414 0.050445
vt 0.167188 0.046072
vt 0.225684 0.046072
vt 0.184457 0.050445
vt 0.242954 0.050445
vt 0.201064 0.063396
vt 0.259561 0.063396
vt 0.216368 0.084428
vt 0.274864 0.084428
vt 0.229782 0.112733
vt 0.288279 0.112733
vt 0.240879 0.147728
vt 0.299375 0.147724
vt 0.281323 0.384843
vt 0.284679 0.365375
vt 0.299300 0.356493
vt 0.292948 0.393431
vt 0.251277 0.384593
vt 0.236729 0.392963
vt 0.254632 0.365126
vt 0.243080 0.356026
vt 0.289984 0.179267
vt 0.287443 0.158062
vt 0.304515 0.190051
vt 0.259938 0.179022
vt 0.248297 0.189587
vt 0.256180 0.158066
vt 0.291752 0.222657
vt 0.291592 0.200841
vt 0.304908 0.232219
vt 0.261707 0.222407
vt 0.248690 0.231752
vt 0.261547 0.200591
vt 0.292280 0.263034
vt 0.291960 0.241458
vt 0.305502 0.273042
vt 0.262235 0.262784
vt 0.249283 0.272575
vt 0.261915 0.241208
vt 0.291458 0.304874
vt 0.292122 0.282975
vt 0.304179 0.315561
vt 0.261413 0.304625
vt 0.247959 0.315093
vt 0.262076 0.282725
vt 0.287389 0.346706
vt 0.289916 0.325658
vt 0.257342 0.346456
vt 0.259869 0.325408
vt 0.299125 0.356043
vt 0.303102 0.333268
vt 0.318586 0.321782
vt 0.310941 0.366337
vt 0.267861 0.356043
vt 0.252444 0.366336
vt 0.271839 0.333268
vt 0.260089 0.321781
vt 0.291482 0.395092
vt 0.295504 0.375322
vt 0.260219 0.395092
vt 0.264241 0.375322
vt 0.297624 0.188267
vt 0.293371 0.165832
vt 0.305136 0.156060
vt 0.313327 0.199621
vt 0.266362 0.188267
vt 0.254831 0.199621
vt 0.262108 0.165832
vt 0.246639 0.156060
vt 0.304090 0.256554
vt 0.301203 0.217997
vt 0.318991 0.274361
vt 0.272827 0.256554
vt 0.260494 0.274360
vt 0.269940 0.217997
vt 0.305173 0.309776
vt 0.305332 0.285811
vt 0.273911 0.309776
vt 0.274069 0.285811
vt 0.229637 0.431665
vt 0.288133 0.431665
vt 0.300186 0.399428
vt 0.241690 0.399428
vt 0.214393 0.455306
vt 0.272889 0.455306
vt 0.199703 0.475494
vt 0.258200 0.475494
vt 0.183764 0.487925
vt 0.242261 0.487925
vt 0.167188 0.492122
vt 0.225684 0.492122
vt 0.150611 0.487925
vt 0.209108 0.487925
vt 0.134672 0.475494
vt 0.193169 0.475494
vt 0.119983 0.455306
vt 0.178480 0.455306
vt 0.107107 0.428139
vt 0.165604 0.428139
vt 0.096541 0.395035
vt 0.155037 0.395035
vt 0.088689 0.357267
vt 0.147185 0.357267
vt 0.083853 0.316286
vt 0.142350 0.316286
vt 0.082221 0.273668
vt 0.140717 0.273668
vt 0.083853 0.231049
vt 0.142350 0.231049
vt 0.088688 0.190069
vt 0.147185 0.190069
vt 0.096540 0.152301
vt 0.155037 0.152301
vt 0.107107 0.119197
vt 0.165604 0.119197
vt 0.119983 0.092029
vt 0.178479 0.092029
vt 0.134672 0.071842
vt 0.193169 0.071842
vt 0.150611 0.059411
vt 0.209108 0.059411
vt 0.167188 0.055213
vt 0.225684 0.055213
vt 0.183764 0.059411
vt 0.242261 0.059411
vt 0.199703 0.071842
vt 0.258200 0.071842
vt 0.214393 0.092029
vt 0.272889 0.092029
vt 0.227268 0.119197
vt 0.285765 0.119197
vt 0.237835 0.152301
vt 0.296332 0.152301
vt 0.278118 0.381366
vt 0.289743 0.389954
vt 0.296021 0.353528
vt 0.281474 0.361898
vt 0.248072 0.381116
vt 0.233524 0.389487
vt 0.251427 0.361649
vt 0.239802 0.353061
vt 0.286660 0.182591
vt 0.301095 0.191979
vt 0.284115 0.161386
vt 0.256615 0.182342
vt 0.244876 0.191512
vt 0.252852 0.161386
vt 0.288238 0.223188
vt 0.301394 0.232799
vt 0.288078 0.201372
vt 0.258192 0.222938
vt 0.245175 0.232332
vt 0.258032 0.201122
vt 0.288766 0.263663
vt 0.301993 0.273169
vt 0.288446 0.242088
vt 0.258720 0.263413
vt 0.245774 0.272702
vt 0.258401 0.241838
vt 0.287953 0.304499
vt 0.300750 0.314146
vt 0.288616 0.282599
vt 0.257907 0.304249
vt 0.244531 0.313679
vt 0.258570 0.282349
vt 0.284036 0.344252
vt 0.286562 0.323205
vt 0.253989 0.344003
vt 0.256517 0.322955
vt 0.295826 0.352517
vt 0.307710 0.362437
vt 0.315151 0.319824
vt 0.299802 0.329743
vt 0.264562 0.352517
vt 0.249214 0.362437
vt 0.268540 0.329743
vt 0.256655 0.319824
vt 0.288321 0.390818
vt 0.292341 0.371048
vt 0.257057 0.390818
vt 0.261079 0.371048
vt 0.294577 0.193066
vt 0.310046 0.202838
vt 0.302089 0.160859
vt 0.290325 0.170631
vt 0.263314 0.193066
vt 0.251550 0.202838
vt 0.259062 0.170631
vt 0.243593 0.160859
vt 0.300574 0.258189
vt 0.315448 0.274982
vt 0.297687 0.219631
vt 0.269312 0.258189
vt 0.256952 0.274982
vt 0.266424 0.219631
vt 0.301603 0.309385
vt 0.301762 0.285420
vt 0.270341 0.309385
vt 0.270499 0.285420
vt 0.289404 0.435594
vt 0.301707 0.402571
vt 0.243210 0.402571
vt 0.230907 0.435594
vt 0.273989 0.459535
vt 0.215492 0.459535
vt 0.258957 0.480193
vt 0.200461 0.480193
vt 0.242647 0.492913
vt 0.184150 0.492913
vt 0.225685 0.497209
vt 0.167188 0.497209
vt 0.208722 0.492913
vt 0.150226 0.492913
vt 0.192412 0.480193
vt 0.133915 0.480193
vt 0.177380 0.459535
vt 0.118884 0.459535
vt 0.164205 0.431735
vt 0.105708 0.431735
vt 0.153392 0.397860
vt 0.094896 0.397860
vt 0.145357 0.359213
vt 0.086862 0.359213
vt 0.140410 0.317279
vt 0.081913 0.317279
vt 0.138739 0.273668
vt 0.080243 0.273668
vt 0.140410 0.230057
vt 0.081913 0.230057
vt 0.145357 0.188123
vt 0.086861 0.188123
vt 0.153392 0.149475
vt 0.094896 0.149475
vt 0.164205 0.115601
vt 0.105709 0.115601
vt 0.177380 0.087800
vt 0.118884 0.087800
vt 0.192412 0.067143
vt 0.133915 0.067143
vt 0.208722 0.054422
vt 0.150225 0.054422
vt 0.225684 0.050127
vt 0.167188 0.050127
vt 0.242647 0.054422
vt 0.184150 0.054422
vt 0.258957 0.067143
vt 0.200461 0.067143
vt 0.273989 0.087800
vt 0.215492 0.087800
vt 0.287163 0.115600
vt 0.228667 0.115600
vt 0.298025 0.149754
vt 0.239529 0.149757
vt 0.291526 0.391888
vt 0.297845 0.355178
vt 0.283306 0.363885
vt 0.279949 0.383353
vt 0.235307 0.391421
vt 0.249904 0.383103
vt 0.241626 0.354711
vt 0.253258 0.363636
vt 0.302998 0.190906
vt 0.285607 0.159896
vt 0.288151 0.181101
vt 0.258105 0.180853
vt 0.246779 0.190441
vt 0.254344 0.159897
vt 0.303348 0.232476
vt 0.289784 0.201115
vt 0.289944 0.222931
vt 0.259899 0.222681
vt 0.247130 0.232009
vt 0.259739 0.200865
vt 0.303945 0.273099
vt 0.289955 0.241817
vt 0.290274 0.263393
vt 0.260229 0.263143
vt 0.247726 0.272631
vt 0.259909 0.241568
vt 0.302658 0.314933
vt 0.290135 0.282762
vt 0.289471 0.304662
vt 0.259425 0.304412
vt 0.246439 0.314466
vt 0.260089 0.282512
vt 0.288204 0.324406
vt 0.285678 0.345454
vt 0.255631 0.345205
vt 0.258159 0.324157
vt 0.309508 0.364606
vt 0.317062 0.320913
vt 0.301532 0.331591
vt 0.297555 0.354366
vt 0.266292 0.354366
vt 0.258565 0.320913
vt 0.251011 0.364606
vt 0.270269 0.331591
vt 0.293783 0.372996
vt 0.289762 0.392766
vt 0.258499 0.392766
vt 0.262520 0.372996
vt 0.311871 0.201048
vt 0.303785 0.158189
vt 0.291785 0.168330
vt 0.296038 0.190765
vt 0.264776 0.190765
vt 0.245288 0.158189
vt 0.253375 0.201048
vt 0.260523 0.168330
vt 0.317419 0.274636
vt 0.299532 0.218774
vt 0.302419 0.257331
vt 0.271156 0.257331
vt 0.258922 0.274636
vt 0.268268 0.218774
vt 0.303544 0.285615
vt 0.303386 0.309581
vt 0.272123 0.309581
vt 0.272281 0.285615
vt 0.301187 0.382204
vt 0.234163 0.382204
vt 0.220518 0.375894
vt 0.314831 0.375894
vt 0.300622 0.433737
vt 0.315396 0.449883
vt 0.234728 0.433737
vt 0.219954 0.449883
vt 0.230601 0.382204
vt 0.297625 0.382204
vt 0.311269 0.375894
vt 0.216957 0.375894
vt 0.297060 0.433737
vt 0.311835 0.449883
vt 0.231166 0.433737
vt 0.216392 0.449883
vt 0.315975 0.375118
vt 0.218306 0.375118
vt 0.215812 0.375118
vt 0.313482 0.375118
vt 0.235307 0.382981
vt 0.298974 0.382981
vt 0.296481 0.382981
vt 0.232813 0.382981
vt 0.315976 0.451100
vt 0.313482 0.451100
vt 0.298975 0.432521
vt 0.296481 0.432521
vt 0.218306 0.451100
vt 0.215812 0.451100
vt 0.235308 0.432521
vt 0.232813 0.432521
vt 0.310992 0.168049
vt 0.304712 0.177552
vt 0.306347 0.178206
vt 0.313662 0.167135
vt 0.308149 0.192771
vt 0.303729 0.178375
vt 0.309580 0.169522
vt 0.313999 0.183917
vt 0.240826 0.182704
vt 0.301841 0.179021
vt 0.306261 0.193417
vt 0.245245 0.197099
vt 0.303677 0.179119
vt 0.302042 0.178465
vt 0.239244 0.182255
vt 0.236573 0.183169
vt 0.244312 0.198764
vt 0.307110 0.194974
vt 0.308745 0.195628
vt 0.241641 0.199678
vt 0.311414 0.194714
vt 0.309780 0.194060
vt 0.316060 0.184557
vt 0.318730 0.183643
vt 0.246559 0.171185
vt 0.309358 0.167395
vt 0.312028 0.166481
vt 0.244924 0.170530
vt 0.312844 0.183455
vt 0.308424 0.169059
vt 0.247409 0.172742
vt 0.251828 0.187137
vt 0.317097 0.182989
vt 0.314426 0.183903
vt 0.251627 0.187693
vt 0.249992 0.187039
vt 0.237610 0.181601
vt 0.243889 0.172098
vt 0.242255 0.171444
vt 0.234939 0.182515
vt 0.249940 0.187783
vt 0.245521 0.173388
vt 0.239670 0.182242
vt 0.244089 0.196637
vt 0.247323 0.187953
vt 0.248957 0.188607
vt 0.242678 0.198110
vt 0.240007 0.199024
vt 0.310206 0.194996
vt 0.305787 0.180600
vt 0.234379 0.184910
vt 0.238799 0.199305
vt 0.316026 0.167316
vt 0.307674 0.179954
vt 0.312093 0.194350
vt 0.320445 0.181711
vt 0.314870 0.166853
vt 0.319290 0.181249
vt 0.247883 0.185558
vt 0.243463 0.171163
vt 0.241575 0.171809
vt 0.245995 0.186204
vt 0.237643 0.198843
vt 0.233224 0.184448
vt 0.461597 0.467011
vt 0.466814 0.429655
vt 0.539939 0.429655
vt 0.534723 0.467011
vt 0.455377 0.496633
vt 0.528503 0.496633
vt 0.450851 0.511619
vt 0.523977 0.511619
vt 0.444762 0.517669
vt 0.518159 0.519780
vt 0.439667 0.522699
vt 0.513070 0.524898
vt 0.435619 0.520261
vt 0.509022 0.522389
vt 0.428973 0.510095
vt 0.501373 0.508268
vt 0.422260 0.494534
vt 0.494699 0.490461
vt 0.415730 0.454421
vt 0.489100 0.450963
vt 0.411980 0.412329
vt 0.480732 0.424145
vt 0.396611 0.380465
vt 0.469737 0.380465
vt 0.389258 0.333068
vt 0.462382 0.333068
vt 0.386877 0.283776
vt 0.460003 0.283776
vt 0.389258 0.234485
vt 0.462382 0.234485
vt 0.396611 0.187088
vt 0.469737 0.187088
vt 0.411980 0.155188
vt 0.480732 0.143407
vt 0.415731 0.112912
vt 0.489100 0.116460
vt 0.422260 0.072574
vt 0.494699 0.076738
vt 0.431570 0.056486
vt 0.502967 0.055127
vt 0.438243 0.043609
vt 0.511646 0.041392
vt 0.441136 0.039817
vt 0.514539 0.037528
vt 0.444968 0.045191
vt 0.518365 0.042991
vt 0.449960 0.054021
vt 0.523085 0.054021
vt 0.454973 0.073698
vt 0.528098 0.073698
vt 0.460147 0.105120
vt 0.533274 0.105120
vt 0.464426 0.143969
vt 0.537552 0.143964
vt 0.515948 0.407193
vt 0.517466 0.385582
vt 0.534501 0.375722
vt 0.531628 0.416727
vt 0.478428 0.406916
vt 0.461425 0.416208
vt 0.479945 0.385305
vt 0.464297 0.375203
vt 0.521612 0.178981
vt 0.521205 0.155440
vt 0.538448 0.190952
vt 0.484092 0.178708
vt 0.468245 0.190437
vt 0.482124 0.155444
vt 0.521800 0.227149
vt 0.522025 0.202931
vt 0.538044 0.237763
vt 0.484281 0.226871
vt 0.467842 0.237244
vt 0.484506 0.202653
vt 0.521562 0.271971
vt 0.521660 0.248020
vt 0.537854 0.283082
vt 0.484042 0.271694
vt 0.467650 0.282563
vt 0.484141 0.247743
vt 0.520746 0.318419
vt 0.521275 0.294108
vt 0.536817 0.330282
vt 0.483226 0.318142
vt 0.466613 0.329764
vt 0.483755 0.293831
vt 0.518715 0.364857
vt 0.519913 0.341492
vt 0.481194 0.364580
vt 0.482392 0.341214
vt 0.526785 0.375222
vt 0.528573 0.349940
vt 0.546427 0.337188
vt 0.543000 0.386649
vt 0.487702 0.375222
vt 0.469874 0.386649
vt 0.489492 0.349939
vt 0.473300 0.337188
vt 0.523750 0.418571
vt 0.525284 0.396624
vt 0.484668 0.418571
vt 0.486202 0.396624
vt 0.526314 0.188972
vt 0.525619 0.164066
vt 0.542338 0.153218
vt 0.543729 0.201576
vt 0.487233 0.188972
vt 0.470604 0.201576
vt 0.486537 0.164066
vt 0.469212 0.153218
vt 0.528615 0.264778
vt 0.527349 0.221975
vt 0.546197 0.284545
vt 0.489532 0.264778
vt 0.473072 0.284545
vt 0.488267 0.221975
vt 0.529394 0.323861
vt 0.529249 0.297257
vt 0.490313 0.323861
vt 0.490167 0.297257
vt 0.460716 0.459172
vt 0.533841 0.459172
vt 0.538885 0.423385
vt 0.465760 0.423385
vt 0.454616 0.488195
vt 0.527741 0.488195
vt 0.450326 0.502243
vt 0.523452 0.502243
vt 0.444523 0.507937
vt 0.517927 0.510005
vt 0.439666 0.512265
vt 0.513069 0.514374
vt 0.435851 0.509624
vt 0.509254 0.511664
vt 0.433584 0.501635
vt 0.505915 0.499987
vt 0.424225 0.487484
vt 0.496665 0.483576
vt 0.416588 0.449101
vt 0.489958 0.445784
vt 0.412987 0.408581
vt 0.481873 0.418507
vt 0.397879 0.376581
vt 0.471004 0.376581
vt 0.390603 0.331088
vt 0.463728 0.331088
vt 0.388248 0.283776
vt 0.461374 0.283776
vt 0.390603 0.236465
vt 0.463728 0.236465
vt 0.397878 0.190972
vt 0.471004 0.190972
vt 0.412987 0.158886
vt 0.481873 0.149045
vt 0.416588 0.118190
vt 0.489958 0.121598
vt 0.424225 0.079591
vt 0.496664 0.083590
vt 0.434884 0.065245
vt 0.506244 0.063704
vt 0.438475 0.054257
vt 0.511879 0.052128
vt 0.441136 0.050251
vt 0.514539 0.048051
vt 0.444729 0.054913
vt 0.518133 0.052755
vt 0.449435 0.063397
vt 0.522560 0.063397
vt 0.454211 0.082137
vt 0.527337 0.082137
vt 0.459177 0.112296
vt 0.532303 0.112296
vt 0.463254 0.149045
vt 0.536380 0.149045
vt 0.514799 0.403334
vt 0.530480 0.412867
vt 0.533319 0.372431
vt 0.516317 0.381722
vt 0.477279 0.403056
vt 0.460276 0.412349
vt 0.478796 0.381445
vt 0.463115 0.371912
vt 0.520337 0.182671
vt 0.537154 0.193092
vt 0.519923 0.159130
vt 0.482817 0.182394
vt 0.466950 0.192574
vt 0.480841 0.159130
vt 0.520489 0.227738
vt 0.536734 0.238407
vt 0.520714 0.203520
vt 0.482970 0.227461
vt 0.466529 0.237888
vt 0.483194 0.203242
vt 0.520251 0.272670
vt 0.536550 0.283223
vt 0.520348 0.248719
vt 0.482731 0.272393
vt 0.466346 0.282704
vt 0.482829 0.248442
vt 0.519449 0.318003
vt 0.535561 0.328712
vt 0.519977 0.293691
vt 0.481930 0.317725
vt 0.465357 0.328193
vt 0.482457 0.293414
vt 0.517500 0.362133
vt 0.518697 0.338768
vt 0.479979 0.361856
vt 0.481177 0.338491
vt 0.525511 0.371308
vt 0.541754 0.382320
vt 0.545101 0.335014
vt 0.527300 0.346026
vt 0.486429 0.371308
vt 0.468628 0.382320
vt 0.488219 0.346026
vt 0.471976 0.335014
vt 0.522531 0.413826
vt 0.524063 0.391879
vt 0.483449 0.413826
vt 0.484982 0.391879
vt 0.525139 0.194299
vt 0.542463 0.205147
vt 0.541163 0.158546
vt 0.524444 0.169393
vt 0.486057 0.194299
vt 0.469338 0.205147
vt 0.485362 0.169393
vt 0.468038 0.158546
vt 0.527258 0.266593
vt 0.544830 0.285235
vt 0.525993 0.223790
vt 0.488177 0.266593
vt 0.471705 0.285235
vt 0.486910 0.223790
vt 0.528016 0.323427
vt 0.527871 0.296822
vt 0.488935 0.323427
vt 0.488790 0.296822
vt 0.534332 0.463533
vt 0.539472 0.426874
vt 0.466346 0.426874
vt 0.461205 0.463533
vt 0.528165 0.492890
vt 0.455039 0.492890
vt 0.523743 0.507460
vt 0.450619 0.507460
vt 0.518055 0.515446
vt 0.444652 0.513330
vt 0.513070 0.520229
vt 0.439667 0.518070
vt 0.509125 0.517628
vt 0.435722 0.515539
vt 0.503384 0.504605
vt 0.431014 0.506353
vt 0.495571 0.487422
vt 0.423131 0.491422
vt 0.489480 0.448681
vt 0.416110 0.452077
vt 0.481238 0.421644
vt 0.412426 0.410681
vt 0.470299 0.378742
vt 0.397174 0.378742
vt 0.462980 0.332189
vt 0.389854 0.332189
vt 0.460611 0.283776
vt 0.387485 0.283776
vt 0.462980 0.235364
vt 0.389854 0.235364
vt 0.470299 0.188811
vt 0.397173 0.188811
vt 0.481238 0.145908
vt 0.412427 0.156814
vt 0.489481 0.118723
vt 0.416110 0.115238
vt 0.495570 0.079763
vt 0.423133 0.075672
vt 0.504419 0.058921
vt 0.433037 0.060361
vt 0.511749 0.046158
vt 0.438345 0.048336
vt 0.514539 0.042197
vt 0.441136 0.044446
vt 0.518262 0.047320
vt 0.444859 0.049527
vt 0.522852 0.058181
vt 0.449728 0.058181
vt 0.527761 0.077442
vt 0.454634 0.077442
vt 0.532843 0.108303
vt 0.459717 0.108303
vt 0.537032 0.146218
vt 0.463906 0.146220
vt 0.531118 0.415015
vt 0.533978 0.374262
vt 0.516974 0.383928
vt 0.515455 0.405539
vt 0.460915 0.414496
vt 0.477935 0.405262
vt 0.463772 0.373743
vt 0.479452 0.383651
vt 0.537874 0.191902
vt 0.520498 0.157476
vt 0.520909 0.181017
vt 0.483388 0.180741
vt 0.467670 0.191385
vt 0.481416 0.157478
vt 0.537462 0.238049
vt 0.521350 0.203234
vt 0.521126 0.227452
vt 0.483606 0.227175
vt 0.467260 0.237530
vt 0.483831 0.202956
vt 0.537275 0.283144
vt 0.520912 0.248418
vt 0.520814 0.272370
vt 0.483295 0.272093
vt 0.467071 0.282626
vt 0.483392 0.248142
vt 0.536260 0.329585
vt 0.520540 0.293872
vt 0.520011 0.318183
vt 0.482491 0.317906
vt 0.466055 0.329067
vt 0.483019 0.293594
vt 0.519292 0.340102
vt 0.518096 0.363467
vt 0.480575 0.363190
vt 0.481772 0.339825
vt 0.542448 0.384729
vt 0.545839 0.336224
vt 0.527967 0.348078
vt 0.526178 0.373360
vt 0.487097 0.373360
vt 0.472713 0.336224
vt 0.469322 0.384728
vt 0.488886 0.348078
vt 0.524619 0.394042
vt 0.523087 0.415989
vt 0.484005 0.415989
vt 0.485538 0.394042
vt 0.543168 0.203160
vt 0.541817 0.155582
vt 0.525006 0.166839
vt 0.525702 0.191745
vt 0.486622 0.191745
vt 0.468691 0.155582
vt 0.470042 0.203160
vt 0.485926 0.166839
vt 0.545591 0.284851
vt 0.526705 0.222838
vt 0.527969 0.265640
vt 0.488888 0.265640
vt 0.472465 0.284851
vt 0.487622 0.222838
vt 0.528559 0.297039
vt 0.528704 0.323644
vt 0.489623 0.323644
vt 0.489478 0.297039
vt 0.533884 0.392313
vt 0.464306 0.392313
vt 0.450142 0.386003
vt 0.548048 0.386003
vt 0.533298 0.443846
vt 0.548635 0.459992
vt 0.464893 0.443846
vt 0.449555 0.459992
vt 0.464872 0.392313
vt 0.534450 0.392313
vt 0.548614 0.386003
vt 0.450708 0.386003
vt 0.533864 0.443846
vt 0.549201 0.459992
vt 0.465459 0.443846
vt 0.450121 0.459992
vt 0.549876 0.385226
vt 0.448485 0.385226
vt 0.448880 0.385226
vt 0.550271 0.385226
vt 0.466133 0.393089
vt 0.532226 0.393089
vt 0.532623 0.393089
vt 0.466530 0.393089
vt 0.549876 0.461208
vt 0.550271 0.461208
vt 0.532227 0.442629
vt 0.532623 0.442629
vt 0.448485 0.461208
vt 0.448880 0.461208
vt 0.466134 0.442629
vt 0.466530 0.442629
vt 0.535482 0.157184
vt 0.536859 0.166688
vt 0.539227 0.167342
vt 0.537623 0.156271
vt 0.536628 0.181907
vt 0.535316 0.167511
vt 0.534032 0.158658
vt 0.535345 0.173053
vt 0.469908 0.171840
vt 0.533803 0.168157
vt 0.535115 0.182553
vt 0.471221 0.186235
vt 0.537088 0.168255
vt 0.534720 0.167601
vt 0.468958 0.171391
vt 0.466818 0.172305
vt 0.470464 0.187900
vt 0.536226 0.184110
vt 0.538593 0.184764
vt 0.468323 0.188814
vt 0.540732 0.183850
vt 0.538365 0.183196
vt 0.536988 0.173693
vt 0.539129 0.172779
vt 0.467354 0.160321
vt 0.533115 0.156531
vt 0.535256 0.155617
vt 0.464987 0.159666
vt 0.533672 0.172591
vt 0.532359 0.158195
vt 0.468464 0.161878
vt 0.469777 0.176273
vt 0.536762 0.172125
vt 0.534621 0.173039
vt 0.468860 0.176829
vt 0.466492 0.176175
vt 0.466591 0.170737
vt 0.465215 0.161234
vt 0.462847 0.160580
vt 0.464451 0.171651
vt 0.468264 0.176919
vt 0.466951 0.162524
vt 0.468235 0.171378
vt 0.469547 0.185773
vt 0.464352 0.177089
vt 0.466720 0.177743
vt 0.468098 0.187246
vt 0.465957 0.188160
vt 0.540831 0.184132
vt 0.539517 0.169736
vt 0.464741 0.174046
vt 0.466054 0.188441
vt 0.539199 0.156452
vt 0.541030 0.169090
vt 0.542343 0.183486
vt 0.540511 0.170847
vt 0.537525 0.155989
vt 0.538838 0.170385
vt 0.464062 0.174694
vt 0.462749 0.160299
vt 0.461236 0.160945
vt 0.462549 0.175340
vt 0.464380 0.187979
vt 0.463068 0.173583
s 1
usemtl Material.012
f 155/1/1 26/2/2 47/3/2 154/4/2
f 160/5/3 112/6/4 109/7/5 159/8/6
f 5/9/7 8/10/8 53/11/8 54/12/9
f 36/13/9 4/14/9 9/15/10 35/16/8
f 238/17/11 11/18/12 52/19/12 237/20/11
f 241/21/11 242/22/13 12/23/13 34/24/12
f 249/25/14 14/26/15 51/27/15 248/28/14
f 252/29/14 253/30/16 15/31/16 33/32/15
f 260/33/17 17/34/18 50/35/19 259/36/17
f 263/37/17 264/38/20 18/39/20 32/40/21
f 271/41/22 20/42/23 49/43/24 270/44/25
f 274/45/26 275/46/27 21/47/28 31/48/29
f 20/42/23 23/49/30 48/50/31 49/43/24
f 31/48/29 21/47/28 114/51/32 113/52/33
f 112/6/4 3/53/34 28/54/35 109/7/5
f 26/2/2 6/55/36 46/56/37 47/3/2
f 29/57/36 28/54/35 64/58/36 65/59/36
f 159/8/6 109/7/5 115/60/38 158/61/39
f 66/62/40 67/63/41 31/48/29 30/64/42
f 67/63/41 273/65/43 274/45/26 31/48/29
f 68/66/21 262/67/17 263/37/17 32/40/21
f 69/68/15 251/69/14 252/29/14 33/32/15
f 70/70/12 240/71/11 241/21/11 34/24/12
f 71/72/8 72/73/44 36/13/9 35/16/8
f 130/74/45 37/75/46 1/76/46 129/77/47
f 151/78/3 130/74/45 129/77/47 150/79/3
f 40/80/48 134/81/32 133/82/33 19/83/48
f 268/84/49 40/80/48 19/83/48 267/85/27
f 257/86/17 41/87/21 16/88/20 256/89/50
f 246/90/14 42/91/15 13/92/16 245/93/51
f 235/94/11 43/95/12 10/96/52 234/97/13
f 45/98/53 44/99/8 7/100/44 2/101/9
f 47/3/2 46/56/37 73/102/36 74/103/54
f 179/104/55 180/105/56 177/106/57 178/107/58
f 49/43/24 140/108/59 139/109/59 76/110/59
f 270/44/25 49/43/24 76/110/59 269/111/60
f 259/36/17 50/35/19 77/112/21 258/113/17
f 248/28/14 51/27/15 78/114/15 247/115/14
f 237/20/11 52/19/12 79/116/12 236/117/11
f 54/12/9 53/11/8 80/118/8 81/119/9
f 56/120/61 55/121/36 6/55/36 26/2/2
f 156/122/62 56/120/61 26/2/2 155/1/1
f 23/49/30 20/42/23 58/123/63 57/124/63
f 20/42/23 271/41/22 272/125/64 58/123/63
f 17/34/18 260/33/17 261/126/17 59/127/65
f 14/26/15 249/25/14 250/128/14 60/129/15
f 11/18/12 238/17/11 239/130/11 61/131/12
f 8/10/8 5/9/7 63/132/9 62/133/8
f 65/59/36 64/58/36 55/121/36 56/120/61
f 183/134/66 184/135/2 181/136/67 182/137/68
f 120/138/59 58/123/63 67/63/41 119/139/59
f 58/123/63 272/125/64 273/65/43 67/63/41
f 59/127/65 261/126/17 262/67/17 68/66/21
f 60/129/15 250/128/14 251/69/14 69/68/15
f 61/131/12 239/130/11 240/71/11 70/70/12
f 62/133/8 63/132/9 72/73/44 71/72/8
f 74/103/54 73/102/36 37/75/46 38/140/69
f 152/141/70 135/142/71 130/74/45 151/78/3
f 76/110/59 75/143/72 39/144/73 40/80/48
f 269/111/60 76/110/59 40/80/48 268/84/49
f 258/113/17 77/112/21 41/87/21 257/86/17
f 247/115/14 78/114/15 42/91/15 246/90/14
f 236/117/11 79/116/12 43/95/12 235/94/11
f 81/119/9 80/118/8 44/99/8 45/98/53
f 134/81/32 142/145/74 141/146/74 133/82/33
f 39/144/73 75/143/72 84/147/2 83/145/2
f 139/109/59 140/108/59 144/148/75 143/147/76
f 48/50/31 23/49/30 86/149/2 85/150/77
f 23/49/30 57/124/63 87/151/78 86/149/2
f 120/138/59 119/139/59 122/152/74 121/151/74
f 66/62/40 30/64/42 89/153/2 88/152/2
f 113/52/33 114/51/32 124/154/75 123/153/76
f 142/145/74 146/155/2 145/156/62 141/146/74
f 142/145/74 143/147/76 147/157/2 146/155/2
f 143/147/76 144/148/75 148/158/77 147/157/2
f 85/150/77 86/149/2 95/159/2 94/160/77
f 86/149/2 87/151/78 96/161/78 95/159/2
f 121/151/74 122/152/74 126/162/2 125/161/62
f 122/152/74 123/153/76 127/163/2 126/162/2
f 123/153/76 124/154/75 128/164/77 127/163/2
f 146/155/2 132/165/2 131/166/62 145/156/62
f 92/155/2 93/167/2 102/168/2 101/169/2
f 147/157/2 148/158/77 137/170/79 136/171/2
f 94/160/77 95/159/2 104/172/2 103/170/2
f 95/159/2 96/161/78 105/173/78 104/172/2
f 125/161/62 126/162/2 116/174/2 118/175/62
f 97/162/2 98/176/2 107/177/2 106/174/2
f 127/163/2 128/164/77 111/178/79 110/177/2
f 112/6/4 160/5/3 161/179/80 25/180/80
f 110/177/2 116/174/2 106/174/2 107/177/2
f 115/60/38 109/7/5 29/57/36 65/59/36
f 157/181/81 117/120/81 56/120/61 156/122/62
f 117/120/81 115/60/38 65/59/36 56/120/61
f 120/138/59 121/151/74 87/151/78 57/124/63
f 122/152/74 119/139/59 66/62/40 88/152/2
f 113/52/33 123/153/76 89/153/2 30/64/42
f 124/154/75 114/51/32 24/182/80 90/154/80
f 121/151/74 125/161/62 96/161/78 87/151/78
f 126/162/2 127/163/2 98/176/2 97/162/2
f 123/153/76 122/152/74 88/152/2 89/153/2
f 128/164/77 124/154/75 90/154/80 99/183/80
f 125/161/62 118/175/62 105/173/78 96/161/78
f 116/174/2 126/162/2 97/162/2 106/174/2
f 127/163/2 110/177/2 107/177/2 98/176/2
f 111/178/79 128/164/77 99/183/80 108/178/80
f 150/79/3 129/77/47 27/184/82 149/185/82
f 138/3/83 153/4/80 154/4/2 47/3/2
f 135/142/71 138/3/83 47/3/2 74/103/54
f 136/171/2 132/165/2 101/169/2 102/168/2
f 130/74/45 135/142/71 74/103/54 38/140/69
f 133/82/33 141/146/74 82/186/82 22/187/82
f 142/145/74 134/81/32 39/144/73 83/145/2
f 139/109/59 143/147/76 84/147/2 75/143/72
f 144/148/75 140/108/59 48/50/31 85/150/77
f 141/146/74 145/156/62 91/156/82 82/186/82
f 146/155/2 147/157/2 93/167/2 92/155/2
f 143/147/76 142/145/74 83/145/2 84/147/2
f 148/158/77 144/148/75 85/150/77 94/160/77
f 145/156/62 131/166/62 100/188/82 91/156/82
f 132/165/2 146/155/2 92/155/2 101/169/2
f 147/157/2 136/171/2 102/168/2 93/167/2
f 137/170/79 148/158/77 94/160/77 103/170/2
f 163/189/82 150/79/3 149/185/82 162/190/82
f 163/189/82 164/191/3 151/78/3 150/79/3
f 164/191/3 165/192/84 152/141/70 151/78/3
f 185/193/85 186/194/86 179/104/55 178/107/58
f 186/194/86 188/195/87 187/196/88 179/104/55
f 188/195/87 189/197/89 182/137/68 187/196/88
f 189/197/89 190/198/90 183/134/66 182/137/68
f 171/199/91 172/200/92 159/8/6 158/61/39
f 172/200/92 173/201/3 160/5/3 159/8/6
f 160/5/3 173/201/3 174/202/80 161/179/80
f 131/166/62 163/189/82 162/190/82 100/188/82
f 131/166/62 132/165/2 164/191/3 163/189/82
f 132/165/2 136/171/2 165/192/84 164/191/3
f 136/171/2 137/170/79 166/203/93 165/192/84
f 166/203/93 137/170/79 103/170/2 167/203/94
f 103/170/2 104/172/2 168/204/2 167/203/94
f 104/172/2 105/173/78 169/205/62 168/204/2
f 105/173/78 118/175/62 170/205/82 169/205/62
f 118/175/62 116/174/2 171/199/91 170/205/82
f 116/174/2 110/177/2 172/200/92 171/199/91
f 110/177/2 111/178/79 173/201/3 172/200/92
f 173/201/3 111/178/79 108/178/80 174/202/80
f 153/4/80 175/1/95 155/1/1 154/4/2
f 176/204/96 166/203/93 167/203/94 168/204/2
f 175/1/95 157/181/81 156/122/62 155/1/1
f 170/205/82 176/204/96 168/204/2 169/205/62
f 178/107/58 177/106/57 135/142/71 152/141/70
f 180/105/56 179/104/55 153/4/80 138/3/83
f 177/106/57 180/105/56 138/3/83 135/142/71
f 182/137/68 181/136/67 117/120/81 157/181/81
f 184/135/2 183/134/66 158/61/39 115/60/38
f 181/136/67 184/135/2 115/60/38 117/120/81
f 185/193/85 178/107/58 152/141/70 165/192/84
f 186/194/86 185/193/85 165/192/84 166/203/93
f 179/104/55 187/196/88 175/1/95 153/4/80
f 188/195/87 186/194/86 166/203/93 176/204/96
f 187/196/88 182/137/68 157/181/81 175/1/95
f 189/197/89 188/195/87 176/204/96 170/205/82
f 190/198/90 189/197/89 170/205/82 171/199/91
f 183/134/66 190/198/90 171/199/91 158/61/39
f 191/206/97 192/207/98 27/184/82 1/76/46
f 193/208/99 191/206/97 1/76/46 37/75/46
f 194/209/100 195/210/101 45/98/53 2/101/9
f 197/211/102 196/212/103 3/53/34 25/180/80
f 198/213/104 199/214/105 63/132/9 5/9/7
f 201/215/106 200/216/107 6/55/36 55/121/36
f 202/217/108 194/209/100 2/101/9 7/100/44
f 204/218/109 203/219/110 9/15/10 4/14/9
f 205/220/111 233/221/112 234/97/13 10/96/52
f 243/222/113 206/223/114 12/23/13 242/22/13
f 207/224/115 244/225/116 245/93/51 13/92/16
f 254/226/117 208/227/118 15/31/16 253/30/16
f 209/228/119 255/229/120 256/89/50 16/88/20
f 265/230/121 210/231/122 18/39/20 264/38/20
f 211/232/123 266/233/124 267/85/27 19/83/48
f 276/234/125 212/235/126 21/47/28 275/46/27
f 213/236/127 211/232/123 19/83/48 22/187/82
f 212/235/126 214/237/128 24/182/80 21/47/28
f 215/238/129 197/211/102 25/180/80 161/179/80
f 192/207/98 216/239/130 149/185/82 27/184/82
f 196/212/103 217/240/131 28/54/35 3/53/34
f 218/241/132 204/218/109 4/14/9 36/13/9
f 219/242/133 193/208/99 37/75/46 73/102/36
f 195/210/101 220/243/134 81/119/9 45/98/53
f 200/216/107 221/244/135 46/56/37 6/55/36
f 222/245/136 198/213/104 5/9/7 54/12/9
f 223/246/137 201/215/106 55/121/36 64/58/36
f 199/214/105 224/247/138 72/73/44 63/132/9
f 217/240/131 223/246/137 64/58/36 28/54/35
f 224/247/138 218/241/132 36/13/9 72/73/44
f 221/244/135 219/242/133 73/102/36 46/56/37
f 220/243/134 222/245/136 54/12/9 81/119/9
f 225/248/130 213/236/127 22/187/82 82/186/82
f 214/237/128 226/249/129 90/154/80 24/182/80
f 227/250/130 225/248/130 82/186/82 91/156/82
f 226/249/129 228/251/129 99/183/80 90/154/80
f 229/252/130 227/250/130 91/156/82 100/188/82
f 228/251/129 230/253/129 108/178/80 99/183/80
f 216/239/130 231/254/130 162/190/82 149/185/82
f 232/255/129 215/238/129 161/179/80 174/202/80
f 231/254/130 229/252/130 100/188/82 162/190/82
f 230/253/129 232/255/129 174/202/80 108/178/80
f 233/221/112 202/217/108 7/100/44 234/97/13
f 7/100/44 44/99/8 235/94/11 234/97/13
f 44/99/8 80/118/8 236/117/11 235/94/11
f 80/118/8 53/11/8 237/20/11 236/117/11
f 53/11/8 8/10/8 238/17/11 237/20/11
f 238/17/11 8/10/8 62/133/8 239/130/11
f 239/130/11 62/133/8 71/72/8 240/71/11
f 240/71/11 71/72/8 35/16/8 241/21/11
f 35/16/8 9/15/10 242/22/13 241/21/11
f 9/15/10 203/219/110 243/222/113 242/22/13
f 244/225/116 205/220/111 10/96/52 245/93/51
f 10/96/52 43/95/12 246/90/14 245/93/51
f 43/95/12 79/116/12 247/115/14 246/90/14
f 79/116/12 52/19/12 248/28/14 247/115/14
f 52/19/12 11/18/12 249/25/14 248/28/14
f 249/25/14 11/18/12 61/131/12 250/128/14
f 250/128/14 61/131/12 70/70/12 251/69/14
f 251/69/14 70/70/12 34/24/12 252/29/14
f 34/24/12 12/23/13 253/30/16 252/29/14
f 12/23/13 206/223/114 254/226/117 253/30/16
f 255/229/120 207/224/115 13/92/16 256/89/50
f 13/92/16 42/91/15 257/86/17 256/89/50
f 42/91/15 78/114/15 258/113/17 257/86/17
f 78/114/15 51/27/15 259/36/17 258/113/17
f 51/27/15 14/26/15 260/33/17 259/36/17
f 260/33/17 14/26/15 60/129/15 261/126/17
f 261/126/17 60/129/15 69/68/15 262/67/17
f 262/67/17 69/68/15 33/32/15 263/37/17
f 33/32/15 15/31/16 264/38/20 263/37/17
f 15/31/16 208/227/118 265/230/121 264/38/20
f 266/233/124 209/228/119 16/88/20 267/85/27
f 16/88/20 41/87/21 268/84/49 267/85/27
f 41/87/21 77/112/21 269/111/60 268/84/49
f 77/112/21 50/35/19 270/44/25 269/111/60
f 50/35/19 17/34/18 271/41/22 270/44/25
f 271/41/22 17/34/18 59/127/65 272/125/64
f 272/125/64 59/127/65 68/66/21 273/65/43
f 273/65/43 68/66/21 32/40/21 274/45/26
f 32/40/21 18/39/20 275/46/27 274/45/26
f 18/39/20 210/231/122 276/234/125 275/46/27
f 243/222/113 278/256/139 279/257/140 206/223/114
f 204/218/109 218/241/132 277/258/141 203/219/110
f 203/219/110 277/258/141 278/256/139 243/222/113
f 206/223/114 279/257/140 280/259/142 254/226/117
f 254/226/117 280/259/142 281/260/143 208/227/118
f 265/230/121 282/261/144 283/262/145 210/231/122
f 208/227/118 281/260/143 282/261/144 265/230/121
f 276/234/125 284/263/146 285/264/147 212/235/126
f 210/231/122 283/262/145 284/263/146 276/234/125
f 214/237/128 286/265/148 287/266/149 226/249/129
f 212/235/126 285/264/147 286/265/148 214/237/128
f 226/249/129 287/266/149 288/267/149 228/251/129
f 228/251/129 288/267/149 289/268/149 230/253/129
f 232/255/129 290/269/149 291/270/149 215/238/129
f 230/253/129 289/268/149 290/269/149 232/255/129
f 201/215/106 223/246/137 292/271/150 200/216/107
f 217/240/131 196/212/103 292/271/150 223/246/137
f 215/238/129 291/270/149 292/271/150 197/211/102
f 277/258/141 202/217/108 233/221/112 278/256/139
f 278/256/139 233/221/112 205/220/111 279/257/140
f 279/257/140 205/220/111 244/225/116 280/259/142
f 280/259/142 244/225/116 207/224/115 281/260/143
f 281/260/143 207/224/115 255/229/120 282/261/144
f 282/261/144 255/229/120 209/228/119 283/262/145
f 283/262/145 209/228/119 266/233/124 284/263/146
f 284/263/146 266/233/124 211/232/123 285/264/147
f 285/264/147 211/232/123 213/236/127 286/265/148
f 286/265/148 213/236/127 225/248/130 287/266/149
f 287/266/149 225/248/130 227/250/130 288/267/149
f 288/267/149 227/250/130 229/252/130 289/268/149
f 289/268/149 229/252/130 231/254/130 290/269/149
f 290/269/149 231/254/130 216/239/130 291/270/149
f 291/270/149 216/239/130 192/207/98 292/271/150
f 193/208/99 219/242/133 192/207/98 191/206/97
f 221/244/135 200/216/107 192/207/98 219/242/133
f 195/210/101 194/209/100 202/217/108 277/258/141
f 415/272/151 416/273/152 413/274/153 414/275/154
f 418/276/155 415/272/151 414/275/154 417/277/156
f 420/278/157 418/276/155 417/277/156 419/279/158
f 422/280/159 420/278/157 419/279/158 421/281/160
f 424/282/83 422/280/159 421/281/160 423/283/161
f 426/284/162 424/282/83 423/283/161 425/285/163
f 428/286/164 426/284/162 425/285/163 427/287/165
f 430/288/166 428/286/164 427/287/165 429/289/167
f 432/290/168 430/288/166 429/289/167 431/291/169
f 434/292/170 432/290/168 431/291/169 433/293/171
f 436/294/172 434/292/170 433/293/171 435/295/173
f 438/296/174 436/294/172 435/295/173 437/297/175
f 440/298/176 438/296/174 437/297/175 439/299/177
f 442/300/178 440/298/176 439/299/177 441/301/179
f 444/302/180 442/300/178 441/301/179 443/303/181
f 446/304/182 444/302/180 443/303/181 445/305/183
f 448/306/184 446/304/182 445/305/183 447/307/184
f 450/308/185 448/306/184 447/307/184 449/309/186
f 452/310/187 450/308/185 449/309/186 451/311/188
f 454/312/189 452/310/187 451/311/188 453/313/190
f 456/314/81 454/312/189 453/313/190 455/315/191
f 458/316/192 456/314/81 455/315/191 457/317/192
f 460/318/193 458/316/192 457/317/192 459/319/194
f 462/320/195 460/318/193 459/319/194 461/321/196
f 464/322/197 462/320/195 461/321/196 463/323/198
f 466/324/199 464/322/197 463/323/198 465/325/200
f 469/326/201 470/327/202 467/328/203 468/329/204
f 472/330/205 469/326/201 468/329/204 471/331/206
f 474/332/207 472/330/205 471/331/206 473/333/208
f 470/327/202 474/332/207 473/333/208 467/328/203
f 476/334/209 477/335/210 465/325/200 475/336/211
f 479/337/212 476/334/209 475/336/211 478/338/213
f 480/339/214 479/337/212 478/338/213 466/324/199
f 477/335/210 480/339/214 466/324/199 465/325/200
f 482/340/215 483/341/216 475/336/211 481/342/217
f 485/343/218 482/340/215 481/342/217 484/344/219
f 486/345/220 485/343/218 484/344/219 478/338/213
f 483/341/216 486/345/220 478/338/213 475/336/211
f 488/346/221 489/347/222 481/342/217 487/348/223
f 491/349/224 488/346/221 487/348/223 490/350/225
f 492/351/226 491/349/224 490/350/225 484/344/219
f 489/347/222 492/351/226 484/344/219 481/342/217
f 494/352/227 495/353/228 487/348/223 493/354/229
f 497/355/230 494/352/227 493/354/229 496/356/231
f 498/357/232 497/355/230 496/356/231 490/350/225
f 495/353/228 498/357/232 490/350/225 487/348/223
f 499/358/233 500/359/234 493/354/229 467/328/203
f 501/360/235 499/358/233 467/328/203 473/333/208
f 502/361/236 501/360/235 473/333/208 496/356/231
f 500/359/234 502/361/236 496/356/231 493/354/229
f 505/362/237 506/363/238 503/364/239 504/365/240
f 508/366/241 505/362/237 504/365/240 507/367/242
f 510/368/243 508/366/241 507/367/242 509/369/244
f 506/363/238 510/368/243 509/369/244 503/364/239
f 511/370/245 512/371/246 504/365/240 413/274/153
f 513/372/247 511/370/245 413/274/153 416/273/152
f 514/373/248 513/372/247 416/273/152 507/367/242
f 512/371/246 514/373/248 507/367/242 504/365/240
f 517/374/249 518/375/250 515/376/251 516/377/252
f 520/378/253 517/374/249 516/377/252 519/379/254
f 522/380/255 520/378/253 519/379/254 521/381/256
f 518/375/250 522/380/255 521/381/256 515/376/251
f 524/382/257 525/383/258 516/377/252 523/384/259
f 527/385/260 524/382/257 523/384/259 526/386/261
f 528/387/262 527/385/260 526/386/261 519/379/254
f 525/383/258 528/387/262 519/379/254 516/377/252
f 529/388/263 530/389/264 523/384/259 503/364/239
f 531/390/265 529/388/263 503/364/239 509/369/244
f 532/391/266 531/390/265 509/369/244 526/386/261
f 530/389/264 532/391/266 526/386/261 523/384/259
f 341/392/267 310/393/268 309/394/269 340/395/270
f 342/396/271 311/397/272 310/393/268 341/392/267
f 343/398/273 312/399/274 311/397/272 342/396/271
f 344/400/275 313/401/276 312/399/274 343/398/273
f 345/402/277 314/403/278 313/401/276 344/400/275
f 346/404/192 315/405/192 314/403/278 345/402/277
f 347/406/279 316/407/280 315/405/192 346/404/192
f 348/408/281 317/409/196 316/407/280 347/406/279
f 349/410/282 318/411/283 317/409/196 348/408/281
f 350/412/284 319/413/285 318/411/283 349/410/282
f 351/414/286 320/415/287 319/413/285 350/412/284
f 352/416/288 321/417/289 320/415/287 351/414/286
f 353/418/290 322/419/291 321/417/289 352/416/288
f 354/420/292 323/421/293 322/419/291 353/418/290
f 355/422/294 324/423/295 323/421/293 354/420/292
f 356/424/296 325/425/297 324/423/295 355/422/294
f 357/426/298 326/427/299 325/425/297 356/424/296
f 358/428/300 327/429/301 326/427/299 357/426/298
f 359/430/157 328/431/302 327/429/301 358/428/300
f 360/432/303 329/433/160 328/431/302 359/430/157
f 361/434/80 330/435/304 329/433/160 360/432/303
f 362/436/162 331/437/305 330/435/304 361/434/80
f 363/438/164 332/439/306 331/437/305 362/436/162
f 364/440/167 333/441/307 332/439/306 363/438/164
f 365/442/308 334/443/309 333/441/307 364/440/167
f 302/444/310 295/445/311 334/443/309 365/442/308
f 370/446/312 294/447/313 293/448/314 369/449/312
f 371/450/312 301/451/315 294/447/313 370/446/312
f 372/452/312 300/453/316 301/451/315 371/450/312
f 369/449/312 293/448/314 300/453/316 372/452/312
f 374/454/317 296/455/318 295/445/311 373/456/319
f 375/457/320 303/458/321 296/455/318 374/454/317
f 376/459/322 302/444/310 303/458/321 375/457/320
f 373/456/319 295/445/311 302/444/310 376/459/322
f 378/460/323 297/461/324 296/455/318 377/462/323
f 379/463/323 304/464/325 297/461/324 378/460/323
f 380/465/323 303/458/321 304/464/325 379/463/323
f 377/462/323 296/455/318 303/458/321 380/465/323
f 382/466/326 298/467/327 297/461/324 381/468/326
f 383/469/326 305/470/328 298/467/327 382/466/326
f 384/471/326 304/464/325 305/470/328 383/469/326
f 381/468/326 297/461/324 304/464/325 384/471/326
f 386/472/329 299/473/330 298/467/327 385/474/331
f 387/475/329 306/476/332 299/473/330 386/472/329
f 388/477/329 305/470/328 306/476/332 387/475/329
f 385/474/331 298/467/327 305/470/328 388/477/329
f 390/478/333 293/448/314 299/473/330 389/479/334
f 391/480/333 300/453/316 293/448/314 390/478/333
f 392/481/335 306/476/332 300/453/316 391/480/333
f 389/479/334 299/473/330 306/476/332 392/481/335
f 394/482/336 308/483/337 307/484/338 393/485/339
f 395/486/340 339/487/341 308/483/337 394/482/336
f 396/488/342 338/489/343 339/487/341 395/486/340
f 393/485/339 307/484/338 338/489/343 396/488/342
f 398/490/344 309/394/269 308/483/337 397/491/344
f 399/492/345 340/395/270 309/394/269 398/490/344
f 400/493/345 339/487/341 340/395/270 399/492/345
f 397/491/344 308/483/337 339/487/341 400/493/345
f 402/494/346 336/495/347 335/496/348 401/497/346
f 403/498/346 367/499/349 336/495/347 402/494/346
f 404/500/346 366/501/346 367/499/349 403/498/346
f 401/497/346 335/496/348 366/501/346 404/500/346
f 406/502/350 337/503/351 336/495/347 405/504/350
f 407/505/352 368/506/353 337/503/351 406/502/350
f 408/507/354 367/499/349 368/506/353 407/505/352
f 405/504/350 336/495/347 367/499/349 408/507/354
f 410/508/355 307/484/338 337/503/351 409/509/356
f 411/510/357 338/489/343 307/484/338 410/508/355
f 412/511/358 368/506/353 338/489/343 411/510/357
f 409/509/356 337/503/351 368/506/353 412/511/358
f 565/512/359 566/513/360 309/394/269 310/393/268
f 577/514/361 578/515/362 341/392/267 340/395/270
f 564/516/363 565/512/359 310/393/268 311/397/272
f 578/515/362 579/517/364 342/396/271 341/392/267
f 563/518/365 564/516/363 311/397/272 312/399/274
f 579/517/364 580/519/366 343/398/273 342/396/271
f 562/520/365 563/518/365 312/399/274 313/401/276
f 580/519/366 581/521/366 344/400/275 343/398/273
f 561/522/365 562/520/365 313/401/276 314/403/278
f 581/521/366 582/523/366 345/402/277 344/400/275
f 560/524/365 561/522/365 314/403/278 315/405/192
f 582/523/366 583/525/366 346/404/192 345/402/277
f 559/526/365 560/524/365 315/405/192 316/407/280
f 583/525/366 584/527/366 347/406/279 346/404/192
f 558/528/365 559/526/365 316/407/280 317/409/196
f 584/527/366 585/529/366 348/408/281 347/406/279
f 557/530/365 558/528/365 317/409/196 318/411/283
f 585/529/366 586/531/366 349/410/282 348/408/281
f 556/532/365 557/530/365 318/411/283 319/413/285
f 586/531/366 587/533/366 350/412/284 349/410/282
f 555/534/365 556/532/365 319/413/285 320/415/287
f 587/533/366 588/535/366 351/414/286 350/412/284
f 554/536/365 555/534/365 320/415/287 321/417/289
f 588/535/366 589/537/366 352/416/288 351/414/286
f 553/538/365 554/536/365 321/417/289 322/419/291
f 589/537/366 590/539/366 353/418/290 352/416/288
f 552/540/365 553/538/365 322/419/291 323/421/293
f 590/539/366 591/541/366 354/420/292 353/418/290
f 551/542/365 552/540/365 323/421/293 324/423/295
f 591/541/366 592/543/366 355/422/294 354/420/292
f 550/544/365 551/542/365 324/423/295 325/425/297
f 592/543/366 593/545/366 356/424/296 355/422/294
f 549/546/365 550/544/365 325/425/297 326/427/299
f 593/545/366 594/547/366 357/426/298 356/424/296
f 548/548/365 549/546/365 326/427/299 327/429/301
f 594/547/366 595/549/366 358/428/300 357/426/298
f 547/550/365 548/548/365 327/429/301 328/431/302
f 595/549/366 596/551/366 359/430/157 358/428/300
f 546/552/365 547/550/365 328/431/302 329/433/160
f 596/551/366 597/553/366 360/432/303 359/430/157
f 545/554/365 546/552/365 329/433/160 330/435/304
f 597/553/366 598/555/366 361/434/80 360/432/303
f 544/556/365 545/554/365 330/435/304 331/437/305
f 598/555/366 599/557/366 362/436/162 361/434/80
f 543/558/365 544/556/365 331/437/305 332/439/306
f 599/557/366 600/559/366 363/438/164 362/436/162
f 542/560/365 543/558/365 332/439/306 333/441/307
f 600/559/366 601/561/366 364/440/167 363/438/164
f 541/562/367 542/560/365 333/441/307 334/443/309
f 601/561/366 602/563/366 365/442/308 364/440/167
f 540/564/368 541/562/367 334/443/309 295/445/311
f 602/563/366 603/565/369 302/444/310 365/442/308
f 534/566/370 535/567/371 293/448/314 294/447/313
f 630/568/372 631/569/373 370/446/312 369/449/312
f 533/570/374 534/566/370 294/447/313 301/451/315
f 631/569/373 632/571/375 371/450/312 370/446/312
f 608/572/376 533/570/374 301/451/315 300/453/316
f 632/571/375 629/573/377 372/452/312 371/450/312
f 629/573/377 630/568/372 369/449/312 372/452/312
f 539/574/378 540/564/368 295/445/311 296/455/318
f 651/575/379 652/576/380 374/454/317 373/456/319
f 652/576/380 649/577/381 375/457/320 374/454/317
f 603/565/369 604/578/382 303/458/321 302/444/310
f 649/577/381 650/579/383 376/459/322 375/457/320
f 650/579/383 651/575/379 373/456/319 376/459/322
f 538/580/384 539/574/378 296/455/318 297/461/324
f 646/581/385 647/582/386 378/460/323 377/462/323
f 647/582/386 648/583/387 379/463/323 378/460/323
f 604/578/382 605/584/388 304/464/325 303/458/321
f 648/583/387 645/585/389 380/465/323 379/463/323
f 645/585/389 646/581/385 377/462/323 380/465/323
f 537/586/390 538/580/384 297/461/324 298/467/327
f 642/587/391 643/588/392 382/466/326 381/468/326
f 643/588/392 644/589/393 383/469/326 382/466/326
f 605/584/388 606/590/394 305/470/328 304/464/325
f 644/589/393 641/591/395 384/471/326 383/469/326
f 641/591/395 642/587/391 381/468/326 384/471/326
f 536/592/396 537/586/390 298/467/327 299/473/330
f 638/593/397 639/594/398 386/472/329 385/474/331
f 639/594/398 640/595/399 387/475/329 386/472/329
f 606/590/394 607/596/400 306/476/332 305/470/328
f 640/595/399 637/597/401 388/477/329 387/475/329
f 637/597/401 638/593/397 385/474/331 388/477/329
f 535/567/371 536/592/396 299/473/330 293/448/314
f 634/598/402 635/599/403 390/478/333 389/479/334
f 635/599/403 636/600/404 391/480/333 390/478/333
f 607/596/400 608/572/376 300/453/316 306/476/332
f 636/600/404 633/601/405 392/481/335 391/480/333
f 633/601/405 634/598/402 389/479/334 392/481/335
f 567/602/406 568/603/407 307/484/338 308/483/337
f 622/604/408 623/605/409 394/482/336 393/485/339
f 623/605/409 624/606/410 395/486/340 394/482/336
f 575/607/411 576/608/412 339/487/341 338/489/343
f 624/606/410 621/609/413 396/488/342 395/486/340
f 621/609/413 622/604/408 393/485/339 396/488/342
f 566/513/360 567/602/406 308/483/337 309/394/269
f 626/610/414 627/611/415 398/490/344 397/491/344
f 627/611/415 628/612/416 399/492/345 398/490/344
f 576/608/412 577/514/361 340/395/270 339/487/341
f 628/612/416 625/613/417 400/493/345 399/492/345
f 625/613/417 626/610/414 397/491/344 400/493/345
f 570/614/418 571/615/419 335/496/348 336/495/347
f 610/616/420 611/617/421 402/494/346 401/497/346
f 611/617/421 612/618/422 403/498/346 402/494/346
f 572/619/423 573/620/424 367/499/349 366/501/346
f 612/618/422 609/621/425 404/500/346 403/498/346
f 571/615/419 572/619/423 366/501/346 335/496/348
f 609/621/425 610/616/420 401/497/346 404/500/346
f 569/622/426 570/614/418 336/495/347 337/503/351
f 615/623/427 616/624/428 406/502/350 405/504/350
f 616/624/428 613/625/429 407/505/352 406/502/350
f 573/620/424 574/626/430 368/506/353 367/499/349
f 613/625/429 614/627/431 408/507/354 407/505/352
f 614/627/431 615/623/427 405/504/350 408/507/354
f 568/603/407 569/622/426 337/503/351 307/484/338
f 618/628/432 619/629/433 410/508/355 409/509/356
f 619/629/433 620/630/434 411/510/357 410/508/355
f 574/626/430 575/607/411 338/489/343 368/506/353
f 620/630/434 617/631/435 412/511/358 411/510/357
f 617/631/435 618/628/432 409/509/356 412/511/358
f 471/331/206 468/329/204 534/566/370 533/570/374
f 468/329/204 467/328/203 535/567/371 534/566/370
f 467/328/203 493/354/229 536/592/396 535/567/371
f 493/354/229 487/348/223 537/586/390 536/592/396
f 487/348/223 481/342/217 538/580/384 537/586/390
f 481/342/217 475/336/211 539/574/378 538/580/384
f 475/336/211 465/325/200 540/564/368 539/574/378
f 465/325/200 463/323/198 541/562/367 540/564/368
f 463/323/198 461/321/196 542/560/365 541/562/367
f 461/321/196 459/319/194 543/558/365 542/560/365
f 459/319/194 457/317/192 544/556/365 543/558/365
f 457/317/192 455/315/191 545/554/365 544/556/365
f 455/315/191 453/313/190 546/552/365 545/554/365
f 453/313/190 451/311/188 547/550/365 546/552/365
f 451/311/188 449/309/186 548/548/365 547/550/365
f 449/309/186 447/307/184 549/546/365 548/548/365
f 447/307/184 445/305/183 550/544/365 549/546/365
f 445/305/183 443/303/181 551/542/365 550/544/365
f 443/303/181 441/301/179 552/540/365 551/542/365
f 441/301/179 439/299/177 553/538/365 552/540/365
f 439/299/177 437/297/175 554/536/365 553/538/365
f 437/297/175 435/295/173 555/534/365 554/536/365
f 435/295/173 433/293/171 556/532/365 555/534/365
f 433/293/171 431/291/169 557/530/365 556/532/365
f 431/291/169 429/289/167 558/528/365 557/530/365
f 429/289/167 427/287/165 559/526/365 558/528/365
f 427/287/165 425/285/163 560/524/365 559/526/365
f 425/285/163 423/283/161 561/522/365 560/524/365
f 423/283/161 421/281/160 562/520/365 561/522/365
f 421/281/160 419/279/158 563/518/365 562/520/365
f 419/279/158 417/277/156 564/516/363 563/518/365
f 417/277/156 414/275/154 565/512/359 564/516/363
f 414/275/154 413/274/153 566/513/360 565/512/359
f 413/274/153 504/365/240 567/602/406 566/513/360
f 504/365/240 503/364/239 568/603/407 567/602/406
f 503/364/239 523/384/259 569/622/426 568/603/407
f 523/384/259 516/377/252 570/614/418 569/622/426
f 516/377/252 515/376/251 571/615/419 570/614/418
f 515/376/251 521/381/256 572/619/423 571/615/419
f 521/381/256 519/379/254 573/620/424 572/619/423
f 519/379/254 526/386/261 574/626/430 573/620/424
f 526/386/261 509/369/244 575/607/411 574/626/430
f 509/369/244 507/367/242 576/608/412 575/607/411
f 507/367/242 416/273/152 577/514/361 576/608/412
f 416/273/152 415/272/151 578/515/362 577/514/361
f 415/272/151 418/276/155 579/517/364 578/515/362
f 418/276/155 420/278/157 580/519/366 579/517/364
f 420/278/157 422/280/159 581/521/366 580/519/366
f 422/280/159 424/282/83 582/523/366 581/521/366
f 424/282/83 426/284/162 583/525/366 582/523/366
f 426/284/162 428/286/164 584/527/366 583/525/366
f 428/286/164 430/288/166 585/529/366 584/527/366
f 430/288/166 432/290/168 586/531/366 585/529/366
f 432/290/168 434/292/170 587/533/366 586/531/366
f 434/292/170 436/294/172 588/535/366 587/533/366
f 436/294/172 438/296/174 589/537/366 588/535/366
f 438/296/174 440/298/176 590/539/366 589/537/366
f 440/298/176 442/300/178 591/541/366 590/539/366
f 442/300/178 444/302/180 592/543/366 591/541/366
f 444/302/180 446/304/182 593/545/366 592/543/366
f 446/304/182 448/306/184 594/547/366 593/545/366
f 448/306/184 450/308/185 595/549/366 594/547/366
f 450/308/185 452/310/187 596/551/366 595/549/366
f 452/310/187 454/312/189 597/553/366 596/551/366
f 454/312/189 456/314/81 598/555/366 597/553/366
f 456/314/81 458/316/192 599/557/366 598/555/366
f 458/316/192 460/318/193 600/559/366 599/557/366
f 460/318/193 462/320/195 601/561/366 600/559/366
f 462/320/195 464/322/197 602/563/366 601/561/366
f 464/322/197 466/324/199 603/565/369 602/563/366
f 466/324/199 478/338/213 604/578/382 603/565/369
f 478/338/213 484/344/219 605/584/388 604/578/382
f 484/344/219 490/350/225 606/590/394 605/584/388
f 490/350/225 496/356/231 607/596/400 606/590/394
f 496/356/231 473/333/208 608/572/376 607/596/400
f 473/333/208 471/331/206 533/570/374 608/572/376
f 522/380/255 518/375/250 610/616/420 609/621/425
f 518/375/250 517/374/249 611/617/421 610/616/420
f 517/374/249 520/378/253 612/618/422 611/617/421
f 520/378/253 522/380/255 609/621/425 612/618/422
f 527/385/260 528/387/262 614/627/431 613/625/429
f 528/387/262 525/383/258 615/623/427 614/627/431
f 525/383/258 524/382/257 616/624/428 615/623/427
f 524/382/257 527/385/260 613/625/429 616/624/428
f 532/391/266 530/389/264 618/628/432 617/631/435
f 530/389/264 529/388/263 619/629/433 618/628/432
f 529/388/263 531/390/265 620/630/434 619/629/433
f 531/390/265 532/391/266 617/631/435 620/630/434
f 510/368/243 506/363/238 622/604/408 621/609/413
f 506/363/238 505/362/237 623/605/409 622/604/408
f 505/362/237 508/366/241 624/606/410 623/605/409
f 508/366/241 510/368/243 621/609/413 624/606/410
f 514/373/248 512/371/246 626/610/414 625/613/417
f 512/371/246 511/370/245 627/611/415 626/610/414
f 511/370/245 513/372/247 628/612/416 627/611/415
f 513/372/247 514/373/248 625/613/417 628/612/416
f 474/332/207 470/327/202 630/568/372 629/573/377
f 470/327/202 469/326/201 631/569/373 630/568/372
f 469/326/201 472/330/205 632/571/375 631/569/373
f 472/330/205 474/332/207 629/573/377 632/571/375
f 502/361/236 500/359/234 634/598/402 633/601/405
f 500/359/234 499/358/233 635/599/403 634/598/402
f 499/358/233 501/360/235 636/600/404 635/599/403
f 501/360/235 502/361/236 633/601/405 636/600/404
f 498/357/232 495/353/228 638/593/397 637/597/401
f 495/353/228 494/352/227 639/594/398 638/593/397
f 494/352/227 497/355/230 640/595/399 639/594/398
f 497/355/230 498/357/232 637/597/401 640/595/399
f 492/351/226 489/347/222 642/587/391 641/591/395
f 489/347/222 488/346/221 643/588/392 642/587/391
f 488/346/221 491/349/224 644/589/393 643/588/392
f 491/349/224 492/351/226 641/591/395 644/589/393
f 486/345/220 483/341/216 646/581/385 645/585/389
f 483/341/216 482/340/215 647/582/386 646/581/385
f 482/340/215 485/343/218 648/583/387 647/582/386
f 485/343/218 486/345/220 645/585/389 648/583/387
f 479/337/212 480/339/214 650/579/383 649/577/381
f 480/339/214 477/335/210 651/575/379 650/579/383
f 477/335/210 476/334/209 652/576/380 651/575/379
f 476/334/209 479/337/212 649/577/381 652/576/380
f 674/632/436 675/633/436 670/634/436 671/635/436
f 680/636/436 674/632/436 671/635/436 677/637/437
f 684/638/437 680/636/436 677/637/437 681/639/437
f 675/633/436 684/638/437 681/639/437 670/634/436
f 662/640/438 664/641/439 656/642/440 654/643/438
f 664/641/439 666/644/439 660/645/439 656/642/440
f 666/644/439 668/646/438 658/647/438 660/645/439
f 668/646/438 662/640/438 654/643/438 658/647/438
f 672/648/441 669/649/442 653/650/443 655/651/444
f 676/652/445 673/653/446 663/654/447 661/655/448
f 678/656/449 672/648/441 655/651/444 659/657/450
f 673/653/446 679/658/451 665/659/451 663/654/447
f 682/660/94 678/656/449 659/657/450 657/661/304
f 679/658/451 683/662/81 667/663/82 665/659/451
f 669/649/442 682/660/94 657/661/304 653/650/443
f 683/662/81 676/652/445 661/655/448 667/663/82
f 657/661/304 658/647/438 654/643/438 653/650/443
f 656/642/440 655/651/444 653/650/443 654/643/438
f 660/645/439 659/657/450 655/651/444 656/642/440
f 659/657/450 660/645/439 658/647/438 657/661/304
f 663/654/447 664/641/439 662/640/438 661/655/448
f 668/646/438 667/663/82 661/655/448 662/640/438
f 665/659/451 666/644/439 664/641/439 663/654/447
f 667/663/82 668/646/438 666/644/439 665/659/451
f 681/639/437 682/660/94 669/649/442 670/634/436
f 672/648/441 671/635/436 670/634/436 669/649/442
f 678/656/449 677/637/437 671/635/436 672/648/441
f 680/636/436 679/658/451 673/653/446 674/632/436
f 676/652/445 675/633/436 674/632/436 673/653/446
f 683/662/81 684/638/437 675/633/436 676/652/445
f 682/660/94 681/639/437 677/637/437 678/656/449
f 684/638/437 683/662/81 679/658/451 680/636/436
f 693/664/452 686/665/453 720/666/454 731/667/454
f 692/668/455 687/669/456 696/670/457 699/671/457
f 711/672/458 688/673/459 691/674/460 716/675/461
f 717/676/454 685/677/453 710/678/453 746/679/462
f 713/680/463 690/681/464 722/682/465 741/683/466
f 723/684/467 689/685/468 698/686/469 728/687/470
f 701/688/454 694/689/471 730/690/471 739/691/472
f 700/692/473 695/693/474 704/694/474 707/695/475
f 725/696/465 697/697/465 706/698/465 736/699/466
f 709/700/476 702/701/477 738/702/453 747/703/454
f 708/704/478 703/705/479 712/706/480 715/707/479
f 733/708/464 705/709/467 714/710/481 744/711/482
f 721/712/483 718/713/475 745/714/474 742/715/483
f 732/716/479 719/717/479 724/718/484 727/719/480
f 729/720/485 726/721/461 735/722/459 740/723/461
f 737/724/486 734/725/455 743/726/455 748/727/455
f 717/676/454 720/666/454 686/665/453 685/677/453
f 693/664/452 696/670/457 687/669/456 686/665/453
f 692/668/455 691/674/460 688/673/459 687/669/456
f 711/672/458 710/678/453 685/677/453 688/673/459
f 723/684/467 722/682/465 690/681/464 689/685/468
f 713/680/463 716/675/461 691/674/460 690/681/464
f 699/671/457 698/686/469 689/685/468 692/668/455
f 731/667/454 730/690/471 694/689/471 693/664/452
f 701/688/454 704/694/474 695/693/474 694/689/471
f 700/692/473 699/671/457 696/670/457 695/693/474
f 725/696/465 728/687/470 698/686/469 697/697/465
f 707/695/475 706/698/465 697/697/465 700/692/473
f 739/691/472 738/702/453 702/701/477 701/688/454
f 709/700/476 712/706/480 703/705/479 702/701/477
f 708/704/478 707/695/475 704/694/474 703/705/479
f 733/708/464 736/699/466 706/698/465 705/709/467
f 715/707/479 714/710/481 705/709/467 708/704/478
f 747/703/454 746/679/462 710/678/453 709/700/476
f 716/675/461 715/707/479 712/706/480 711/672/458
f 741/683/466 744/711/482 714/710/481 713/680/463
f 746/679/462 745/714/474 718/713/475 717/676/454
f 721/712/483 724/718/484 719/717/479 718/713/475
f 732/716/479 731/667/454 720/666/454 719/717/479
f 742/715/483 741/683/466 722/682/465 721/712/483
f 728/687/470 727/719/480 724/718/484 723/684/467
f 736/699/466 735/722/459 726/721/461 725/696/465
f 729/720/485 732/716/479 727/719/480 726/721/461
f 740/723/461 739/691/472 730/690/471 729/720/485
f 744/711/482 743/726/455 734/725/455 733/708/464
f 737/724/486 740/723/461 735/722/459 734/725/455
f 748/727/455 747/703/454 738/702/453 737/724/486
f 745/714/474 748/727/455 743/726/455 742/715/483
f 687/669/456 688/673/459 685/677/453 686/665/453
f 691/674/460 692/668/455 689/685/468 690/681/464
f 695/693/474 696/670/457 693/664/452 694/689/471
f 699/671/457 700/692/473 697/697/465 698/686/469
f 703/705/479 704/694/474 701/688/454 702/701/477
f 707/695/475 708/704/478 705/709/467 706/698/465
f 711/672/458 712/706/480 709/700/476 710/678/453
f 715/707/479 716/675/461 713/680/463 714/710/481
f 719/717/479 720/666/454 717/676/454 718/713/475
f 723/684/467 724/718/484 721/712/483 722/682/465
f 727/719/480 728/687/470 725/696/465 726/721/461
f 731/667/454 732/716/479 729/720/485 730/690/471
f 735/722/459 736/699/466 733/708/464 734/725/455
f 739/691/472 740/723/461 737/724/486 738/702/453
f 743/726/455 744/711/482 741/683/466 742/715/483
f 747/703/454 748/727/455 745/714/474 746/679/462
f 871/728/487 872/729/488 869/730/489 870/731/490
f 874/732/491 871/728/487 870/731/490 873/733/492
f 876/734/493 874/732/491 873/733/492 875/735/494
f 878/736/495 876/734/493 875/735/494 877/737/496
f 880/738/497 878/736/495 877/737/496 879/739/498
f 882/740/499 880/738/497 879/739/498 881/741/500
f 884/742/501 882/740/499 881/741/500 883/743/502
f 886/744/503 884/742/501 883/743/502 885/745/504
f 888/746/505 886/744/503 885/745/504 887/747/506
f 890/748/507 888/746/505 887/747/506 889/749/508
f 892/750/509 890/748/507 889/749/508 891/751/510
f 894/752/511 892/750/509 891/751/510 893/753/512
f 896/754/513 894/752/511 893/753/512 895/755/513
f 898/756/514 896/754/513 895/755/513 897/757/515
f 900/758/516 898/756/514 897/757/515 899/759/517
f 902/760/518 900/758/516 899/759/517 901/761/519
f 904/762/520 902/760/518 901/761/519 903/763/521
f 906/764/522 904/762/520 903/763/521 905/765/523
f 908/766/524 906/764/522 905/765/523 907/767/525
f 910/768/526 908/766/524 907/767/525 909/769/527
f 912/770/528 910/768/526 909/769/527 911/771/529
f 914/772/530 912/770/528 911/771/529 913/773/531
f 916/774/532 914/772/530 913/773/531 915/775/533
f 918/776/534 916/774/532 915/775/533 917/777/535
f 920/778/536 918/776/534 917/777/535 919/779/537
f 922/780/538 920/778/536 919/779/537 921/781/539
f 925/782/540 926/783/541 923/784/542 924/785/540
f 928/786/543 925/782/540 924/785/540 927/787/544
f 930/788/545 928/786/543 927/787/544 929/789/546
f 926/783/541 930/788/545 929/789/546 923/784/542
f 932/790/547 933/791/548 921/781/539 931/792/549
f 935/793/550 932/790/547 931/792/549 934/794/551
f 936/795/552 935/793/550 934/794/551 922/780/538
f 933/791/548 936/795/552 922/780/538 921/781/539
f 938/796/553 939/797/554 931/792/549 937/798/555
f 941/799/556 938/796/553 937/798/555 940/800/557
f 942/801/558 941/799/556 940/800/557 934/794/551
f 939/797/554 942/801/558 934/794/551 931/792/549
f 944/802/559 945/803/560 937/798/555 943/804/561
f 947/805/562 944/802/559 943/804/561 946/806/563
f 948/807/564 947/805/562 946/806/563 940/800/557
f 945/803/560 948/807/564 940/800/557 937/798/555
f 950/808/565 951/809/566 943/804/561 949/810/567
f 953/811/568 950/808/565 949/810/567 952/812/569
f 954/813/570 953/811/568 952/812/569 946/806/563
f 951/809/566 954/813/570 946/806/563 943/804/561
f 955/814/571 956/815/572 949/810/567 923/784/542
f 957/816/573 955/814/571 923/784/542 929/789/546
f 958/817/574 957/816/573 929/789/546 952/812/569
f 956/815/572 958/817/574 952/812/569 949/810/567
f 961/818/575 962/819/576 959/820/577 960/821/578
f 964/822/579 961/818/575 960/821/578 963/823/580
f 966/824/581 964/822/579 963/823/580 965/825/582
f 962/819/576 966/824/581 965/825/582 959/820/577
f 967/826/583 968/827/584 960/821/578 869/730/489
f 969/828/585 967/826/583 869/730/489 872/729/488
f 970/829/586 969/828/585 872/729/488 963/823/580
f 968/827/584 970/829/586 963/823/580 960/821/578
f 973/830/587 974/831/588 971/832/589 972/833/590
f 976/834/591 973/830/587 972/833/590 975/835/592
f 978/836/593 976/834/591 975/835/592 977/837/594
f 974/831/588 978/836/593 977/837/594 971/832/589
f 980/838/595 981/839/596 972/833/590 979/840/597
f 983/841/598 980/838/595 979/840/597 982/842/599
f 984/843/600 983/841/598 982/842/599 975/835/592
f 981/839/596 984/843/600 975/835/592 972/833/590
f 985/844/601 986/845/602 979/840/597 959/820/577
f 987/846/603 985/844/601 959/820/577 965/825/582
f 988/847/604 987/846/603 965/825/582 982/842/599
f 986/845/602 988/847/604 982/842/599 979/840/597
f 797/848/605 766/849/606 765/850/607 796/851/608
f 798/852/609 767/853/610 766/849/606 797/848/605
f 799/854/611 768/855/612 767/853/610 798/852/609
f 800/856/613 769/857/614 768/855/612 799/854/611
f 801/858/615 770/859/616 769/857/614 800/856/613
f 802/860/617 771/861/618 770/859/616 801/858/615
f 803/862/619 772/863/620 771/861/618 802/860/617
f 804/864/621 773/865/622 772/863/620 803/862/619
f 805/866/623 774/867/624 773/865/622 804/864/621
f 806/868/625 775/869/626 774/867/624 805/866/623
f 807/870/627 776/871/628 775/869/626 806/868/625
f 808/872/629 777/873/630 776/871/628 807/870/627
f 809/874/631 778/875/631 777/873/630 808/872/629
f 810/876/632 779/877/633 778/875/631 809/874/631
f 811/878/634 780/879/635 779/877/633 810/876/632
f 812/880/636 781/881/637 780/879/635 811/878/634
f 813/882/638 782/883/639 781/881/637 812/880/636
f 814/884/640 783/885/641 782/883/639 813/882/638
f 815/886/642 784/887/643 783/885/641 814/884/640
f 816/888/644 785/889/645 784/887/643 815/886/642
f 817/890/646 786/891/647 785/889/645 816/888/644
f 818/892/648 787/893/649 786/891/647 817/890/646
f 819/894/650 788/895/651 787/893/649 818/892/648
f 820/896/652 789/897/653 788/895/651 819/894/650
f 821/898/654 790/899/655 789/897/653 820/896/652
f 758/900/656 751/901/657 790/899/655 821/898/654
f 826/902/658 750/903/659 749/904/660 825/905/661
f 827/906/659 757/907/658 750/903/659 826/902/658
f 828/908/658 756/909/662 757/907/658 827/906/659
f 825/905/661 749/904/660 756/909/662 828/908/658
f 830/910/663 752/911/664 751/901/657 829/912/665
f 831/913/666 759/914/667 752/911/664 830/910/663
f 832/915/668 758/900/656 759/914/667 831/913/666
f 829/912/665 751/901/657 758/900/656 832/915/668
f 834/916/669 753/917/670 752/911/664 833/918/671
f 835/919/672 760/920/673 753/917/670 834/916/669
f 836/921/674 759/914/667 760/920/673 835/919/672
f 833/918/671 752/911/664 759/914/667 836/921/674
f 838/922/675 754/923/676 753/917/670 837/924/675
f 839/925/675 761/926/677 754/923/676 838/922/675
f 840/927/678 760/920/673 761/926/677 839/925/675
f 837/924/675 753/917/670 760/920/673 840/927/678
f 842/928/679 755/929/680 754/923/676 841/930/681
f 843/931/682 762/932/683 755/929/680 842/928/679
f 844/933/684 761/926/677 762/932/683 843/931/682
f 841/930/681 754/923/676 761/926/677 844/933/684
f 846/934/685 749/904/660 755/929/680 845/935/685
f 847/936/685 756/909/662 749/904/660 846/934/685
f 848/937/686 762/932/683 756/909/662 847/936/685
f 845/935/685 755/929/680 762/932/683 848/937/686
f 850/938/687 764/939/688 763/940/689 849/941/690
f 851/942/687 795/943/691 764/939/688 850/938/687
f 852/944/690 794/945/692 795/943/691 851/942/687
f 849/941/690 763/940/689 794/945/692 852/944/690
f 854/946/693 765/850/607 764/939/688 853/947/694
f 855/948/695 796/851/608 765/850/607 854/946/693
f 856/949/695 795/943/691 796/851/608 855/948/695
f 853/947/694 764/939/688 795/943/691 856/949/695
f 858/950/696 792/951/697 791/952/698 857/953/696
f 859/954/696 823/955/699 792/951/697 858/950/696
f 860/956/696 822/957/698 823/955/699 859/954/696
f 857/953/696 791/952/698 822/957/698 860/956/696
f 862/958/700 793/959/701 792/951/697 861/960/700
f 863/961/700 824/962/702 793/959/701 862/958/700
f 864/963/703 823/955/699 824/962/702 863/961/700
f 861/960/700 792/951/697 823/955/699 864/963/703
f 866/964/704 763/940/689 793/959/701 865/965/705
f 867/966/705 794/945/692 763/940/689 866/964/704
f 868/967/705 824/962/702 794/945/692 867/966/705
f 865/965/705 793/959/701 824/962/702 868/967/705
f 1021/968/706 1022/969/707 765/850/607 766/849/606
f 1033/970/708 1034/971/709 797/848/605 796/851/608
f 1020/972/710 1021/968/706 766/849/606 767/853/610
f 1034/971/709 1035/973/711 798/852/609 797/848/605
f 1019/974/712 1020/972/710 767/853/610 768/855/612
f 1035/973/711 1036/975/713 799/854/611 798/852/609
f 1018/976/714 1019/974/712 768/855/612 769/857/614
f 1036/975/713 1037/977/715 800/856/613 799/854/611
f 1017/978/716 1018/976/714 769/857/614 770/859/616
f 1037/977/715 1038/979/717 801/858/615 800/856/613
f 1016/980/718 1017/978/716 770/859/616 771/861/618
f 1038/979/717 1039/981/719 802/860/617 801/858/615
f 1015/982/720 1016/980/718 771/861/618 772/863/620
f 1039/981/719 1040/983/721 803/862/619 802/860/617
f 1014/984/722 1015/982/720 772/863/620 773/865/622
f 1040/983/721 1041/985/723 804/864/621 803/862/619
f 1013/986/724 1014/984/722 773/865/622 774/867/624
f 1041/985/723 1042/987/725 805/866/623 804/864/621
f 1012/988/726 1013/986/724 774/867/624 775/869/626
f 1042/987/725 1043/989/727 806/868/625 805/866/623
f 1011/990/728 1012/988/726 775/869/626 776/871/628
f 1043/989/727 1044/991/729 807/870/627 806/868/625
f 1010/992/730 1011/990/728 776/871/628 777/873/630
f 1044/991/729 1045/993/731 808/872/629 807/870/627
f 1009/994/732 1010/992/730 777/873/630 778/875/631
f 1045/993/731 1046/995/733 809/874/631 808/872/629
f 1008/996/734 1009/994/732 778/875/631 779/877/633
f 1046/995/733 1047/997/735 810/876/632 809/874/631
f 1007/998/736 1008/996/734 779/877/633 780/879/635
f 1047/997/735 1048/999/737 811/878/634 810/876/632
f 1006/1000/738 1007/998/736 780/879/635 781/881/637
f 1048/999/737 1049/1001/739 812/880/636 811/878/634
f 1005/1002/740 1006/1000/738 781/881/637 782/883/639
f 1049/1001/739 1050/1003/741 813/882/638 812/880/636
f 1004/1004/742 1005/1002/740 782/883/639 783/885/641
f 1050/1003/741 1051/1005/743 814/884/640 813/882/638
f 1003/1006/744 1004/1004/742 783/885/641 784/887/643
f 1051/1005/743 1052/1007/745 815/886/642 814/884/640
f 1002/1008/746 1003/1006/744 784/887/643 785/889/645
f 1052/1007/745 1053/1009/747 816/888/644 815/886/642
f 1001/1010/748 1002/1008/746 785/889/645 786/891/647
f 1053/1009/747 1054/1011/749 817/890/646 816/888/644
f 1000/1012/750 1001/1010/748 786/891/647 787/893/649
f 1054/1011/749 1055/1013/751 818/892/648 817/890/646
f 999/1014/752 1000/1012/750 787/893/649 788/895/651
f 1055/1013/751 1056/1015/753 819/894/650 818/892/648
f 998/1016/754 999/1014/752 788/895/651 789/897/653
f 1056/1015/753 1057/1017/755 820/896/652 819/894/650
f 997/1018/756 998/1016/754 789/897/653 790/899/655
f 1057/1017/755 1058/1019/757 821/898/654 820/896/652
f 996/1020/758 997/1018/756 790/899/655 751/901/657
f 1058/1019/757 1059/1021/759 758/900/656 821/898/654
f 990/1022/760 991/1023/761 749/904/660 750/903/659
f 1086/1024/762 1087/1025/763 826/902/658 825/905/661
f 989/1026/764 990/1022/760 750/903/659 757/907/658
f 1087/1025/763 1088/1027/765 827/906/659 826/902/658
f 1064/1028/766 989/1026/764 757/907/658 756/909/662
f 1088/1027/765 1085/1029/767 828/908/658 827/906/659
f 1085/1029/767 1086/1024/762 825/905/661 828/908/658
f 995/1030/768 996/1020/758 751/901/657 752/911/664
f 1107/1031/769 1108/1032/770 830/910/663 829/912/665
f 1108/1032/770 1105/1033/771 831/913/666 830/910/663
f 1059/1021/759 1060/1034/772 759/914/667 758/900/656
f 1105/1033/771 1106/1035/773 832/915/668 831/913/666
f 1106/1035/773 1107/1031/769 829/912/665 832/915/668
f 994/1036/774 995/1030/768 752/911/664 753/917/670
f 1102/1037/775 1103/1038/776 834/916/669 833/918/671
f 1103/1038/776 1104/1039/777 835/919/672 834/916/669
f 1060/1034/772 1061/1040/778 760/920/673 759/914/667
f 1104/1039/777 1101/1041/779 836/921/674 835/919/672
f 1101/1041/779 1102/1037/775 833/918/671 836/921/674
f 993/1042/780 994/1036/774 753/917/670 754/923/676
f 1098/1043/781 1099/1044/782 838/922/675 837/924/675
f 1099/1044/782 1100/1045/783 839/925/675 838/922/675
f 1061/1040/778 1062/1046/784 761/926/677 760/920/673
f 1100/1045/783 1097/1047/785 840/927/678 839/925/675
f 1097/1047/785 1098/1043/781 837/924/675 840/927/678
f 992/1048/786 993/1042/780 754/923/676 755/929/680
f 1094/1049/787 1095/1050/788 842/928/679 841/930/681
f 1095/1050/788 1096/1051/789 843/931/682 842/928/679
f 1062/1046/784 1063/1052/790 762/932/683 761/926/677
f 1096/1051/789 1093/1053/791 844/933/684 843/931/682
f 1093/1053/791 1094/1049/787 841/930/681 844/933/684
f 991/1023/761 992/1048/786 755/929/680 749/904/660
f 1090/1054/792 1091/1055/793 846/934/685 845/935/685
f 1091/1055/793 1092/1056/794 847/936/685 846/934/685
f 1063/1052/790 1064/1028/766 756/909/662 762/932/683
f 1092/1056/794 1089/1057/795 848/937/686 847/936/685
f 1089/1057/795 1090/1054/792 845/935/685 848/937/686
f 1023/1058/796 1024/1059/797 763/940/689 764/939/688
f 1078/1060/798 1079/1061/799 850/938/687 849/941/690
f 1079/1061/799 1080/1062/800 851/942/687 850/938/687
f 1031/1063/801 1032/1064/802 795/943/691 794/945/692
f 1080/1062/800 1077/1065/803 852/944/690 851/942/687
f 1077/1065/803 1078/1060/798 849/941/690 852/944/690
f 1022/969/707 1023/1058/796 764/939/688 765/850/607
f 1082/1066/804 1083/1067/805 854/946/693 853/947/694
f 1083/1067/805 1084/1068/806 855/948/695 854/946/693
f 1032/1064/802 1033/970/708 796/851/608 795/943/691
f 1084/1068/806 1081/1069/807 856/949/695 855/948/695
f 1081/1069/807 1082/1066/804 853/947/694 856/949/695
f 1026/1070/808 1027/1071/809 791/952/698 792/951/697
f 1066/1072/810 1067/1073/811 858/950/696 857/953/696
f 1067/1073/811 1068/1074/812 859/954/696 858/950/696
f 1028/1075/813 1029/1076/814 823/955/699 822/957/698
f 1068/1074/812 1065/1077/815 860/956/696 859/954/696
f 1027/1071/809 1028/1075/813 822/957/698 791/952/698
f 1065/1077/815 1066/1072/810 857/953/696 860/956/696
f 1025/1078/816 1026/1070/808 792/951/697 793/959/701
f 1071/1079/817 1072/1080/818 862/958/700 861/960/700
f 1072/1080/818 1069/1081/819 863/961/700 862/958/700
f 1029/1076/814 1030/1082/820 824/962/702 823/955/699
f 1069/1081/819 1070/1083/821 864/963/703 863/961/700
f 1070/1083/821 1071/1079/817 861/960/700 864/963/703
f 1024/1059/797 1025/1078/816 793/959/701 763/940/689
f 1074/1084/822 1075/1085/823 866/964/704 865/965/705
f 1075/1085/823 1076/1086/824 867/966/705 866/964/704
f 1030/1082/820 1031/1063/801 794/945/692 824/962/702
f 1076/1086/824 1073/1087/825 868/967/705 867/966/705
f 1073/1087/825 1074/1084/822 865/965/705 868/967/705
f 927/787/544 924/785/540 990/1022/760 989/1026/764
f 924/785/540 923/784/542 991/1023/761 990/1022/760
f 923/784/542 949/810/567 992/1048/786 991/1023/761
f 949/810/567 943/804/561 993/1042/780 992/1048/786
f 943/804/561 937/798/555 994/1036/774 993/1042/780
f 937/798/555 931/792/549 995/1030/768 994/1036/774
f 931/792/549 921/781/539 996/1020/758 995/1030/768
f 921/781/539 919/779/537 997/1018/756 996/1020/758
f 919/779/537 917/777/535 998/1016/754 997/1018/756
f 917/777/535 915/775/533 999/1014/752 998/1016/754
f 915/775/533 913/773/531 1000/1012/750 999/1014/752
f 913/773/531 911/771/529 1001/1010/748 1000/1012/750
f 911/771/529 909/769/527 1002/1008/746 1001/1010/748
f 909/769/527 907/767/525 1003/1006/744 1002/1008/746
f 907/767/525 905/765/523 1004/1004/742 1003/1006/744
f 905/765/523 903/763/521 1005/1002/740 1004/1004/742
f 903/763/521 901/761/519 1006/1000/738 1005/1002/740
f 901/761/519 899/759/517 1007/998/736 1006/1000/738
f 899/759/517 897/757/515 1008/996/734 1007/998/736
f 897/757/515 895/755/513 1009/994/732 1008/996/734
f 895/755/513 893/753/512 1010/992/730 1009/994/732
f 893/753/512 891/751/510 1011/990/728 1010/992/730
f 891/751/510 889/749/508 1012/988/726 1011/990/728
f 889/749/508 887/747/506 1013/986/724 1012/988/726
f 887/747/506 885/745/504 1014/984/722 1013/986/724
f 885/745/504 883/743/502 1015/982/720 1014/984/722
f 883/743/502 881/741/500 1016/980/718 1015/982/720
f 881/741/500 879/739/498 1017/978/716 1016/980/718
f 879/739/498 877/737/496 1018/976/714 1017/978/716
f 877/737/496 875/735/494 1019/974/712 1018/976/714
f 875/735/494 873/733/492 1020/972/710 1019/974/712
f 873/733/492 870/731/490 1021/968/706 1020/972/710
f 870/731/490 869/730/489 1022/969/707 1021/968/706
f 869/730/489 960/821/578 1023/1058/796 1022/969/707
f 960/821/578 959/820/577 1024/1059/797 1023/1058/796
f 959/820/577 979/840/597 1025/1078/816 1024/1059/797
f 979/840/597 972/833/590 1026/1070/808 1025/1078/816
f 972/833/590 971/832/589 1027/1071/809 1026/1070/808
f 971/832/589 977/837/594 1028/1075/813 1027/1071/809
f 977/837/594 975/835/592 1029/1076/814 1028/1075/813
f 975/835/592 982/842/599 1030/1082/820 1029/1076/814
f 982/842/599 965/825/582 1031/1063/801 1030/1082/820
f 965/825/582 963/823/580 1032/1064/802 1031/1063/801
f 963/823/580 872/729/488 1033/970/708 1032/1064/802
f 872/729/488 871/728/487 1034/971/709 1033/970/708
f 871/728/487 874/732/491 1035/973/711 1034/971/709
f 874/732/491 876/734/493 1036/975/713 1035/973/711
f 876/734/493 878/736/495 1037/977/715 1036/975/713
f 878/736/495 880/738/497 1038/979/717 1037/977/715
f 880/738/497 882/740/499 1039/981/719 1038/979/717
f 882/740/499 884/742/501 1040/983/721 1039/981/719
f 884/742/501 886/744/503 1041/985/723 1040/983/721
f 886/744/503 888/746/505 1042/987/725 1041/985/723
f 888/746/505 890/748/507 1043/989/727 1042/987/725
f 890/748/507 892/750/509 1044/991/729 1043/989/727
f 892/750/509 894/752/511 1045/993/731 1044/991/729
f 894/752/511 896/754/513 1046/995/733 1045/993/731
f 896/754/513 898/756/514 1047/997/735 1046/995/733
f 898/756/514 900/758/516 1048/999/737 1047/997/735
f 900/758/516 902/760/518 1049/1001/739 1048/999/737
f 902/760/518 904/762/520 1050/1003/741 1049/1001/739
f 904/762/520 906/764/522 1051/1005/743 1050/1003/741
f 906/764/522 908/766/524 1052/1007/745 1051/1005/743
f 908/766/524 910/768/526 1053/1009/747 1052/1007/745
f 910/768/526 912/770/528 1054/1011/749 1053/1009/747
f 912/770/528 914/772/530 1055/1013/751 1054/1011/749
f 914/772/530 916/774/532 1056/1015/753 1055/1013/751
f 916/774/532 918/776/534 1057/1017/755 1056/1015/753
f 918/776/534 920/778/536 1058/1019/757 1057/1017/755
f 920/778/536 922/780/538 1059/1021/759 1058/1019/757
f 922/780/538 934/794/551 1060/1034/772 1059/1021/759
f 934/794/551 940/800/557 1061/1040/778 1060/1034/772
f 940/800/557 946/806/563 1062/1046/784 1061/1040/778
f 946/806/563 952/812/569 1063/1052/790 1062/1046/784
f 952/812/569 929/789/546 1064/1028/766 1063/1052/790
f 929/789/546 927/787/544 989/1026/764 1064/1028/766
f 978/836/593 974/831/588 1066/1072/810 1065/1077/815
f 974/831/588 973/830/587 1067/1073/811 1066/1072/810
f 973/830/587 976/834/591 1068/1074/812 1067/1073/811
f 976/834/591 978/836/593 1065/1077/815 1068/1074/812
f 983/841/598 984/843/600 1070/1083/821 1069/1081/819
f 984/843/600 981/839/596 1071/1079/817 1070/1083/821
f 981/839/596 980/838/595 1072/1080/818 1071/1079/817
f 980/838/595 983/841/598 1069/1081/819 1072/1080/818
f 988/847/604 986/845/602 1074/1084/822 1073/1087/825
f 986/845/602 985/844/601 1075/1085/823 1074/1084/822
f 985/844/601 987/846/603 1076/1086/824 1075/1085/823
f 987/846/603 988/847/604 1073/1087/825 1076/1086/824
f 966/824/581 962/819/576 1078/1060/798 1077/1065/803
f 962/819/576 961/818/575 1079/1061/799 1078/1060/798
f 961/818/575 964/822/579 1080/1062/800 1079/1061/799
f 964/822/579 966/824/581 1077/1065/803 1080/1062/800
f 970/829/586 968/827/584 1082/1066/804 1081/1069/807
f 968/827/584 967/826/583 1083/1067/805 1082/1066/804
f 967/826/583 969/828/585 1084/1068/806 1083/1067/805
f 969/828/585 970/829/586 1081/1069/807 1084/1068/806
f 930/788/545 926/783/541 1086/1024/762 1085/1029/767
f 926/783/541 925/782/540 1087/1025/763 1086/1024/762
f 925/782/540 928/786/543 1088/1027/765 1087/1025/763
f 928/786/543 930/788/545 1085/1029/767 1088/1027/765
f 958/817/574 956/815/572 1090/1054/792 1089/1057/795
f 956/815/572 955/814/571 1091/1055/793 1090/1054/792
f 955/814/571 957/816/573 1092/1056/794 1091/1055/793
f 957/816/573 958/817/574 1089/1057/795 1092/1056/794
f 954/813/570 951/809/566 1094/1049/787 1093/1053/791
f 951/809/566 950/808/565 1095/1050/788 1094/1049/787
f 950/808/565 953/811/568 1096/1051/789 1095/1050/788
f 953/811/568 954/813/570 1093/1053/791 1096/1051/789
f 948/807/564 945/803/560 1098/1043/781 1097/1047/785
f 945/803/560 944/802/559 1099/1044/782 1098/1043/781
f 944/802/559 947/805/562 1100/1045/783 1099/1044/782
f 947/805/562 948/807/564 1097/1047/785 1100/1045/783
f 942/801/558 939/797/554 1102/1037/775 1101/1041/779
f 939/797/554 938/796/553 1103/1038/776 1102/1037/775
f 938/796/553 941/799/556 1104/1039/777 1103/1038/776
f 941/799/556 942/801/558 1101/1041/779 1104/1039/777
f 935/793/550 936/795/552 1106/1035/773 1105/1033/771
f 936/795/552 933/791/548 1107/1031/769 1106/1035/773
f 933/791/548 932/790/547 1108/1032/770 1107/1031/769
f 932/790/547 935/793/550 1105/1033/771 1108/1032/770
f 1130/1088/826 1131/1089/827 1126/1090/826 1127/1091/827
f 1136/1092/827 1130/1088/826 1127/1091/827 1133/1093/827
f 1140/1094/827 1136/1092/827 1133/1093/827 1137/1095/826
f 1131/1089/827 1140/1094/827 1137/1095/826 1126/1090/826
f 1118/1096/828 1120/1097/829 1112/1098/829 1110/1099/830
f 1120/1097/829 1122/1100/829 1116/1101/829 1112/1098/829
f 1122/1100/829 1124/1102/828 1114/1103/829 1116/1101/829
f 1124/1102/828 1118/1096/828 1110/1099/830 1114/1103/829
f 1128/1104/831 1125/1105/832 1109/1106/833 1111/1107/834
f 1132/1108/835 1129/1109/836 1119/1110/837 1117/1111/838
f 1134/1112/839 1128/1104/831 1111/1107/834 1115/1113/840
f 1129/1109/836 1135/1114/841 1121/1115/841 1119/1110/837
f 1138/1116/94 1134/1112/839 1115/1113/840 1113/1117/304
f 1135/1114/841 1139/1118/82 1123/1119/82 1121/1115/841
f 1125/1105/832 1138/1116/94 1113/1117/304 1109/1106/833
f 1139/1118/82 1132/1108/835 1117/1111/838 1123/1119/82
f 1113/1117/304 1114/1103/829 1110/1099/830 1109/1106/833
f 1112/1098/829 1111/1107/834 1109/1106/833 1110/1099/830
f 1116/1101/829 1115/1113/840 1111/1107/834 1112/1098/829
f 1115/1113/840 1116/1101/829 1114/1103/829 1113/1117/304
f 1119/1110/837 1120/1097/829 1118/1096/828 1117/1111/838
f 1124/1102/828 1123/1119/82 1117/1111/838 1118/1096/828
f 1121/1115/841 1122/1100/829 1120/1097/829 1119/1110/837
f 1123/1119/82 1124/1102/828 1122/1100/829 1121/1115/841
f 1137/1095/826 1138/1116/94 1125/1105/832 1126/1090/826
f 1128/1104/831 1127/1091/827 1126/1090/826 1125/1105/832
f 1134/1112/839 1133/1093/827 1127/1091/827 1128/1104/831
f 1136/1092/827 1135/1114/841 1129/1109/836 1130/1088/826
f 1132/1108/835 1131/1089/827 1130/1088/826 1129/1109/836
f 1139/1118/82 1140/1094/827 1131/1089/827 1132/1108/835
f 1138/1116/94 1137/1095/826 1133/1093/827 1134/1112/839
f 1140/1094/827 1139/1118/82 1135/1114/841 1136/1092/827
f 1149/1120/842 1142/1121/843 1176/1122/844 1187/1123/845
f 1148/1124/846 1143/1125/847 1152/1126/848 1155/1127/849
f 1167/1128/850 1144/1129/851 1147/1130/852 1172/1131/850
f 1173/1132/844 1141/1133/845 1166/1134/845 1202/1135/853
f 1169/1136/854 1146/1137/855 1178/1138/856 1197/1139/857
f 1179/1140/858 1145/1141/856 1154/1142/859 1184/1143/859
f 1157/1144/843 1150/1145/853 1186/1146/845 1195/1147/845
f 1156/1148/860 1151/1149/861 1160/1150/860 1163/1151/860
f 1181/1152/862 1153/1153/863 1162/1154/858 1192/1155/862
f 1165/1156/844 1158/1157/843 1194/1158/853 1203/1159/853
f 1164/1160/864 1159/1161/865 1168/1162/866 1171/1163/864
f 1189/1164/856 1161/1165/867 1170/1166/868 1200/1167/857
f 1177/1168/860 1174/1169/869 1201/1170/870 1198/1171/870
f 1188/1172/866 1175/1173/866 1180/1174/866 1183/1175/865
f 1185/1176/871 1182/1177/871 1191/1178/850 1196/1179/872
f 1193/1180/847 1190/1181/846 1199/1182/849 1204/1183/849
f 1173/1132/844 1176/1122/844 1142/1121/843 1141/1133/845
f 1149/1120/842 1152/1126/848 1143/1125/847 1142/1121/843
f 1148/1124/846 1147/1130/852 1144/1129/851 1143/1125/847
f 1167/1128/850 1166/1134/845 1141/1133/845 1144/1129/851
f 1179/1140/858 1178/1138/856 1146/1137/855 1145/1141/856
f 1169/1136/854 1172/1131/850 1147/1130/852 1146/1137/855
f 1155/1127/849 1154/1142/859 1145/1141/856 1148/1124/846
f 1187/1123/845 1186/1146/845 1150/1145/853 1149/1120/842
f 1157/1144/843 1160/1150/860 1151/1149/861 1150/1145/853
f 1156/1148/860 1155/1127/849 1152/1126/848 1151/1149/861
f 1181/1152/862 1184/1143/859 1154/1142/859 1153/1153/863
f 1163/1151/860 1162/1154/858 1153/1153/863 1156/1148/860
f 1195/1147/845 1194/1158/853 1158/1157/843 1157/1144/843
f 1165/1156/844 1168/1162/866 1159/1161/865 1158/1157/843
f 1164/1160/864 1163/1151/860 1160/1150/860 1159/1161/865
f 1189/1164/856 1192/1155/862 1162/1154/858 1161/1165/867
f 1171/1163/864 1170/1166/868 1161/1165/867 1164/1160/864
f 1203/1159/853 1202/1135/853 1166/1134/845 1165/1156/844
f 1172/1131/850 1171/1163/864 1168/1162/866 1167/1128/850
f 1197/1139/857 1200/1167/857 1170/1166/868 1169/1136/854
f 1202/1135/853 1201/1170/870 1174/1169/869 1173/1132/844
f 1177/1168/860 1180/1174/866 1175/1173/866 1174/1169/869
f 1188/1172/866 1187/1123/845 1176/1122/844 1175/1173/866
f 1198/1171/870 1197/1139/857 1178/1138/856 1177/1168/860
f 1184/1143/859 1183/1175/865 1180/1174/866 1179/1140/858
f 1192/1155/862 1191/1178/850 1182/1177/871 1181/1152/862
f 1185/1176/871 1188/1172/866 1183/1175/865 1182/1177/871
f 1196/1179/872 1195/1147/845 1186/1146/845 1185/1176/871
f 1200/1167/857 1199/1182/849 1190/1181/846 1189/1164/856
f 1193/1180/847 1196/1179/872 1191/1178/850 1190/1181/846
f 1204/1183/849 1203/1159/853 1194/1158/853 1193/1180/847
f 1201/1170/870 1204/1183/849 1199/1182/849 1198/1171/870
f 1143/1125/847 1144/1129/851 1141/1133/845 1142/1121/843
f 1147/1130/852 1148/1124/846 1145/1141/856 1146/1137/855
f 1151/1149/861 1152/1126/848 1149/1120/842 1150/1145/853
f 1155/1127/849 1156/1148/860 1153/1153/863 1154/1142/859
f 1159/1161/865 1160/1150/860 1157/1144/843 1158/1157/843
f 1163/1151/860 1164/1160/864 1161/1165/867 1162/1154/858
f 1167/1128/850 1168/1162/866 1165/1156/844 1166/1134/845
f 1171/1163/864 1172/1131/850 1169/1136/854 1170/1166/868
f 1175/1173/866 1176/1122/844 1173/1132/844 1174/1169/869
f 1179/1140/858 1180/1174/866 1177/1168/860 1178/1138/856
f 1183/1175/865 1184/1143/859 1181/1152/862 1182/1177/871
f 1187/1123/845 1188/1172/866 1185/1176/871 1186/1146/845
f 1191/1178/850 1192/1155/862 1189/1164/856 1190/1181/846
f 1195/1147/845 1196/1179/872 1193/1180/847 1194/1158/853
f 1199/1182/849 1200/1167/857 1197/1139/857 1198/1171/870
f 1203/1159/853 1204/1183/849 1201/1170/870 1202/1135/853
f 1359/1/1 1358/4/2 1251/3/2 1230/2/2
f 1364/5/3 1363/8/873 1313/7/3 1316/6/6
f 1209/9/53 1258/12/9 1257/11/8 1212/10/8
f 1240/13/10 1239/16/8 1213/15/44 1208/14/44
f 1442/17/11 1441/20/11 1256/19/12 1215/18/12
f 1445/21/11 1238/24/12 1216/23/52 1446/22/13
f 1453/25/14 1452/28/14 1255/27/15 1218/26/15
f 1456/29/14 1237/32/15 1219/31/16 1457/30/51
f 1464/33/17 1463/36/17 1254/35/65 1221/34/18
f 1467/37/17 1236/40/21 1222/39/20 1468/38/50
f 1475/41/874 1474/44/875 1253/43/876 1224/42/877
f 1478/45/878 1235/48/879 1225/47/28 1479/46/27
f 1224/42/877 1253/43/876 1252/50/880 1227/49/30
f 1235/48/879 1317/52/32 1318/51/33 1225/47/28
f 1316/6/6 1313/7/3 1232/54/46 1207/53/46
f 1230/2/2 1251/3/2 1250/56/37 1210/55/36
f 1233/57/881 1269/59/37 1268/58/881 1232/54/46
f 1363/8/873 1362/61/882 1319/60/883 1313/7/3
f 1270/62/884 1234/64/885 1235/48/879 1271/63/884
f 1271/63/884 1235/48/879 1478/45/878 1477/65/43
f 1272/66/21 1236/40/21 1467/37/17 1466/67/17
f 1273/68/15 1237/32/15 1456/29/14 1455/69/14
f 1274/70/12 1238/24/12 1445/21/11 1444/71/11
f 1275/72/8 1239/16/8 1240/13/10 1276/73/9
f 1334/74/35 1333/77/35 1205/76/34 1241/75/46
f 1355/78/3 1354/79/3 1333/77/35 1334/74/35
f 1244/80/48 1223/83/48 1337/82/32 1338/81/33
f 1472/84/49 1471/85/27 1223/83/48 1244/80/48
f 1461/86/17 1460/89/20 1220/88/20 1245/87/21
f 1450/90/14 1449/93/16 1217/92/16 1246/91/15
f 1439/94/11 1438/97/13 1214/96/13 1247/95/12
f 1249/98/7 1206/101/10 1211/100/10 1248/99/8
f 1251/3/2 1278/103/36 1277/102/36 1250/56/37
f 1383/104/886 1382/107/887 1381/106/888 1384/105/889
f 1253/43/876 1280/110/59 1343/109/59 1344/108/59
f 1474/44/875 1473/111/890 1280/110/59 1253/43/876
f 1463/36/17 1462/113/17 1281/112/21 1254/35/65
f 1452/28/14 1451/115/14 1282/114/15 1255/27/15
f 1441/20/11 1440/117/11 1283/116/12 1256/19/12
f 1258/12/9 1285/119/9 1284/118/8 1257/11/8
f 1260/120/61 1230/2/2 1210/55/36 1259/121/36
f 1360/122/891 1359/1/1 1230/2/2 1260/120/61
f 1227/49/30 1261/124/63 1262/123/892 1224/42/877
f 1224/42/877 1262/123/892 1476/125/893 1475/41/874
f 1221/34/18 1263/127/19 1465/126/17 1464/33/17
f 1218/26/15 1264/129/15 1454/128/14 1453/25/14
f 1215/18/12 1265/131/12 1443/130/11 1442/17/11
f 1212/10/8 1266/133/8 1267/132/44 1209/9/53
f 1269/59/37 1260/120/61 1259/121/36 1268/58/881
f 1387/134/78 1386/137/894 1385/136/891 1388/135/891
f 1324/138/59 1323/139/59 1271/63/884 1262/123/892
f 1262/123/892 1271/63/884 1477/65/43 1476/125/893
f 1263/127/19 1272/66/21 1466/67/17 1465/126/17
f 1264/129/15 1273/68/15 1455/69/14 1454/128/14
f 1265/131/12 1274/70/12 1444/71/11 1443/130/11
f 1266/133/8 1275/72/8 1276/73/9 1267/132/44
f 1278/103/36 1242/140/895 1241/75/46 1277/102/36
f 1356/141/896 1355/78/3 1334/74/35 1339/142/897
f 1280/110/59 1244/80/48 1243/144/63 1279/143/898
f 1473/111/890 1472/84/49 1244/80/48 1280/110/59
f 1462/113/17 1461/86/17 1245/87/21 1281/112/21
f 1451/115/14 1450/90/14 1246/91/15 1282/114/15
f 1440/117/11 1439/94/11 1247/95/12 1283/116/12
f 1285/119/9 1249/98/7 1248/99/8 1284/118/8
f 1338/81/33 1337/82/32 1345/146/75 1346/145/76
f 1243/144/63 1287/145/2 1288/147/2 1279/143/898
f 1343/109/59 1347/147/74 1348/148/74 1344/108/59
f 1252/50/880 1289/150/899 1290/149/2 1227/49/30
f 1227/49/30 1290/149/2 1291/151/2 1261/124/63
f 1324/138/59 1325/151/75 1326/152/76 1323/139/59
f 1270/62/884 1292/152/2 1293/153/2 1234/64/885
f 1317/52/32 1327/153/74 1328/154/74 1318/51/33
f 1346/145/76 1345/146/75 1349/156/77 1350/155/2
f 1346/145/76 1350/155/2 1351/157/2 1347/147/74
f 1347/147/74 1351/157/2 1352/158/62 1348/148/74
f 1289/150/899 1298/160/900 1299/159/2 1290/149/2
f 1290/149/2 1299/159/2 1300/161/2 1291/151/2
f 1325/151/75 1329/161/77 1330/162/2 1326/152/76
f 1326/152/76 1330/162/2 1331/163/2 1327/153/74
f 1327/153/74 1331/163/2 1332/164/62 1328/154/74
f 1350/155/2 1349/156/77 1335/166/79 1336/165/2
f 1296/155/2 1305/169/2 1306/168/2 1297/167/2
f 1351/157/2 1340/171/62 1341/170/62 1352/158/62
f 1298/160/900 1307/170/3 1308/172/2 1299/159/2
f 1299/159/2 1308/172/2 1309/173/2 1300/161/2
f 1329/161/77 1322/175/79 1320/174/2 1330/162/2
f 1301/162/2 1310/174/2 1311/177/2 1302/176/2
f 1331/163/2 1314/177/2 1315/178/62 1332/164/62
f 1316/6/6 1229/180/82 1365/179/82 1364/5/3
f 1314/177/2 1311/177/2 1310/174/2 1320/174/2
f 1319/60/883 1269/59/37 1233/57/881 1313/7/3
f 1361/181/80 1360/122/891 1260/120/61 1321/120/80
f 1321/120/80 1260/120/61 1269/59/37 1319/60/883
f 1324/138/59 1261/124/63 1291/151/2 1325/151/75
f 1326/152/76 1292/152/2 1270/62/884 1323/139/59
f 1317/52/32 1234/64/885 1293/153/2 1327/153/74
f 1328/154/74 1294/154/82 1228/182/82 1318/51/33
f 1325/151/75 1291/151/2 1300/161/2 1329/161/77
f 1330/162/2 1301/162/2 1302/176/2 1331/163/2
f 1327/153/74 1293/153/2 1292/152/2 1326/152/76
f 1332/164/62 1303/183/82 1294/154/82 1328/154/74
f 1329/161/77 1300/161/2 1309/173/2 1322/175/79
f 1320/174/2 1310/174/2 1301/162/2 1330/162/2
f 1331/163/2 1302/176/2 1311/177/2 1314/177/2
f 1315/178/62 1312/178/82 1303/183/82 1332/164/62
f 1354/79/3 1353/185/80 1231/184/80 1333/77/35
f 1342/3/82 1251/3/2 1358/4/2 1357/4/82
f 1339/142/897 1278/103/36 1251/3/2 1342/3/82
f 1340/171/62 1306/168/2 1305/169/2 1336/165/2
f 1334/74/35 1242/140/895 1278/103/36 1339/142/897
f 1337/82/32 1226/187/80 1286/186/80 1345/146/75
f 1346/145/76 1287/145/2 1243/144/63 1338/81/33
f 1343/109/59 1279/143/898 1288/147/2 1347/147/74
f 1348/148/74 1289/150/899 1252/50/880 1344/108/59
f 1345/146/75 1286/186/80 1295/156/80 1349/156/77
f 1350/155/2 1296/155/2 1297/167/2 1351/157/2
f 1347/147/74 1288/147/2 1287/145/2 1346/145/76
f 1352/158/62 1298/160/900 1289/150/899 1348/148/74
f 1349/156/77 1295/156/80 1304/188/80 1335/166/79
f 1336/165/2 1305/169/2 1296/155/2 1350/155/2
f 1351/157/2 1297/167/2 1306/168/2 1340/171/62
f 1341/170/62 1307/170/3 1298/160/900 1352/158/62
f 1367/189/161 1366/190/80 1353/185/80 1354/79/3
f 1367/189/161 1354/79/3 1355/78/3 1368/191/901
f 1368/191/901 1355/78/3 1356/141/896 1369/192/902
f 1389/193/903 1382/107/887 1383/104/886 1390/194/904
f 1390/194/904 1383/104/886 1391/196/905 1392/195/906
f 1392/195/906 1391/196/905 1386/137/894 1393/197/907
f 1393/197/907 1386/137/894 1387/134/78 1394/198/908
f 1375/199/909 1362/61/882 1363/8/873 1376/200/910
f 1376/200/910 1363/8/873 1364/5/3 1377/201/3
f 1364/5/3 1365/179/82 1378/202/82 1377/201/3
f 1335/166/79 1304/188/80 1366/190/80 1367/189/161
f 1335/166/79 1367/189/161 1368/191/901 1336/165/2
f 1336/165/2 1368/191/901 1369/192/902 1340/171/62
f 1340/171/62 1369/192/902 1370/203/911 1341/170/62
f 1370/203/911 1371/203/82 1307/170/3 1341/170/62
f 1307/170/3 1371/203/82 1372/204/2 1308/172/2
f 1308/172/2 1372/204/2 1373/205/78 1309/173/2
f 1309/173/2 1373/205/78 1374/205/80 1322/175/79
f 1322/175/79 1374/205/80 1375/199/909 1320/174/2
f 1320/174/2 1375/199/909 1376/200/910 1314/177/2
f 1314/177/2 1376/200/910 1377/201/3 1315/178/62
f 1377/201/3 1378/202/82 1312/178/82 1315/178/62
f 1357/4/82 1358/4/2 1359/1/1 1379/1/912
f 1380/204/913 1372/204/2 1371/203/82 1370/203/911
f 1379/1/912 1359/1/1 1360/122/891 1361/181/80
f 1374/205/80 1373/205/78 1372/204/2 1380/204/913
f 1382/107/887 1356/141/896 1339/142/897 1381/106/888
f 1384/105/889 1342/3/82 1357/4/82 1383/104/886
f 1381/106/888 1339/142/897 1342/3/82 1384/105/889
f 1386/137/894 1361/181/80 1321/120/80 1385/136/891
f 1388/135/891 1319/60/883 1362/61/882 1387/134/78
f 1385/136/891 1321/120/80 1319/60/883 1388/135/891
f 1389/193/903 1369/192/902 1356/141/896 1382/107/887
f 1390/194/904 1370/203/911 1369/192/902 1389/193/903
f 1383/104/886 1357/4/82 1379/1/912 1391/196/905
f 1392/195/906 1380/204/913 1370/203/911 1390/194/904
f 1391/196/905 1379/1/912 1361/181/80 1386/137/894
f 1393/197/907 1374/205/80 1380/204/913 1392/195/906
f 1394/198/908 1375/199/909 1374/205/80 1393/197/907
f 1387/134/78 1362/61/882 1375/199/909 1394/198/908
f 1395/206/914 1205/76/34 1231/184/80 1396/207/915
f 1397/208/916 1241/75/46 1205/76/34 1395/206/914
f 1398/209/917 1206/101/10 1249/98/7 1399/210/918
f 1401/211/919 1229/180/82 1207/53/46 1400/212/920
f 1402/213/138 1209/9/53 1267/132/44 1403/214/921
f 1405/215/922 1259/121/36 1210/55/36 1404/216/923
f 1406/217/924 1211/100/10 1206/101/10 1398/209/917
f 1408/218/925 1208/14/44 1213/15/44 1407/219/926
f 1409/220/927 1214/96/13 1438/97/13 1437/221/928
f 1447/222/929 1446/22/13 1216/23/52 1410/223/930
f 1411/224/931 1217/92/16 1449/93/16 1448/225/932
f 1458/226/933 1457/30/51 1219/31/16 1412/227/934
f 1413/228/935 1220/88/20 1460/89/20 1459/229/936
f 1469/230/937 1468/38/50 1222/39/20 1414/231/938
f 1415/232/939 1223/83/48 1471/85/27 1470/233/940
f 1480/234/941 1479/46/27 1225/47/28 1416/235/942
f 1417/236/943 1226/187/80 1223/83/48 1415/232/939
f 1416/235/942 1225/47/28 1228/182/82 1418/237/944
f 1419/238/945 1365/179/82 1229/180/82 1401/211/919
f 1396/207/915 1231/184/80 1353/185/80 1420/239/946
f 1400/212/920 1207/53/46 1232/54/46 1421/240/947
f 1422/241/948 1240/13/10 1208/14/44 1408/218/925
f 1423/242/949 1277/102/36 1241/75/46 1397/208/916
f 1399/210/918 1249/98/7 1285/119/9 1424/243/918
f 1404/216/923 1210/55/36 1250/56/37 1425/244/950
f 1426/245/132 1258/12/9 1209/9/53 1402/213/138
f 1427/246/951 1268/58/881 1259/121/36 1405/215/922
f 1403/214/921 1267/132/44 1276/73/9 1428/247/104
f 1421/240/947 1232/54/46 1268/58/881 1427/246/951
f 1428/247/104 1276/73/9 1240/13/10 1422/241/948
f 1425/244/950 1250/56/37 1277/102/36 1423/242/949
f 1424/243/918 1285/119/9 1258/12/9 1426/245/132
f 1429/248/946 1286/186/80 1226/187/80 1417/236/943
f 1418/237/944 1228/182/82 1294/154/82 1430/249/945
f 1431/250/946 1295/156/80 1286/186/80 1429/248/946
f 1430/249/945 1294/154/82 1303/183/82 1432/251/945
f 1433/252/946 1304/188/80 1295/156/80 1431/250/946
f 1432/251/945 1303/183/82 1312/178/82 1434/253/945
f 1420/239/946 1353/185/80 1366/190/80 1435/254/946
f 1436/255/945 1378/202/82 1365/179/82 1419/238/945
f 1435/254/946 1366/190/80 1304/188/80 1433/252/946
f 1434/253/945 1312/178/82 1378/202/82 1436/255/945
f 1437/221/928 1438/97/13 1211/100/10 1406/217/924
f 1211/100/10 1438/97/13 1439/94/11 1248/99/8
f 1248/99/8 1439/94/11 1440/117/11 1284/118/8
f 1284/118/8 1440/117/11 1441/20/11 1257/11/8
f 1257/11/8 1441/20/11 1442/17/11 1212/10/8
f 1442/17/11 1443/130/11 1266/133/8 1212/10/8
f 1443/130/11 1444/71/11 1275/72/8 1266/133/8
f 1444/71/11 1445/21/11 1239/16/8 1275/72/8
f 1239/16/8 1445/21/11 1446/22/13 1213/15/44
f 1213/15/44 1446/22/13 1447/222/929 1407/219/926
f 1448/225/932 1449/93/16 1214/96/13 1409/220/927
f 1214/96/13 1449/93/16 1450/90/14 1247/95/12
f 1247/95/12 1450/90/14 1451/115/14 1283/116/12
f 1283/116/12 1451/115/14 1452/28/14 1256/19/12
f 1256/19/12 1452/28/14 1453/25/14 1215/18/12
f 1453/25/14 1454/128/14 1265/131/12 1215/18/12
f 1454/128/14 1455/69/14 1274/70/12 1265/131/12
f 1455/69/14 1456/29/14 1238/24/12 1274/70/12
f 1238/24/12 1456/29/14 1457/30/51 1216/23/52
f 1216/23/52 1457/30/51 1458/226/933 1410/223/930
f 1459/229/936 1460/89/20 1217/92/16 1411/224/931
f 1217/92/16 1460/89/20 1461/86/17 1246/91/15
f 1246/91/15 1461/86/17 1462/113/17 1282/114/15
f 1282/114/15 1462/113/17 1463/36/17 1255/27/15
f 1255/27/15 1463/36/17 1464/33/17 1218/26/15
f 1464/33/17 1465/126/17 1264/129/15 1218/26/15
f 1465/126/17 1466/67/17 1273/68/15 1264/129/15
f 1466/67/17 1467/37/17 1237/32/15 1273/68/15
f 1237/32/15 1467/37/17 1468/38/50 1219/31/16
f 1219/31/16 1468/38/50 1469/230/937 1412/227/934
f 1470/233/940 1471/85/27 1220/88/20 1413/228/935
f 1220/88/20 1471/85/27 1472/84/49 1245/87/21
f 1245/87/21 1472/84/49 1473/111/890 1281/112/21
f 1281/112/21 1473/111/890 1474/44/875 1254/35/65
f 1254/35/65 1474/44/875 1475/41/874 1221/34/18
f 1475/41/874 1476/125/893 1263/127/19 1221/34/18
f 1476/125/893 1477/65/43 1272/66/21 1263/127/19
f 1477/65/43 1478/45/878 1236/40/21 1272/66/21
f 1236/40/21 1478/45/878 1479/46/27 1222/39/20
f 1222/39/20 1479/46/27 1480/234/941 1414/231/938
f 1447/222/929 1410/223/930 1483/257/140 1482/256/139
f 1408/218/925 1407/219/926 1481/258/141 1422/241/948
f 1407/219/926 1447/222/929 1482/256/139 1481/258/141
f 1410/223/930 1458/226/933 1484/259/142 1483/257/140
f 1458/226/933 1412/227/934 1485/260/143 1484/259/142
f 1469/230/937 1414/231/938 1487/262/145 1486/261/144
f 1412/227/934 1469/230/937 1486/261/144 1485/260/143
f 1480/234/941 1416/235/942 1489/264/952 1488/263/146
f 1414/231/938 1480/234/941 1488/263/146 1487/262/145
f 1418/237/944 1430/249/945 1491/266/953 1490/265/953
f 1416/235/942 1418/237/944 1490/265/953 1489/264/952
f 1430/249/945 1432/251/945 1492/267/953 1491/266/953
f 1432/251/945 1434/253/945 1493/268/953 1492/267/953
f 1436/255/945 1419/238/945 1495/270/953 1494/269/953
f 1434/253/945 1436/255/945 1494/269/953 1493/268/953
f 1400/212/920 1421/240/947 1496/271/954 1401/211/919
f 1427/246/951 1405/215/922 1496/271/954 1421/240/947
f 1419/238/945 1401/211/919 1496/271/954 1495/270/953
f 1481/258/141 1482/256/139 1437/221/928 1406/217/924
f 1482/256/139 1483/257/140 1409/220/927 1437/221/928
f 1483/257/140 1484/259/142 1448/225/932 1409/220/927
f 1484/259/142 1485/260/143 1411/224/931 1448/225/932
f 1485/260/143 1486/261/144 1459/229/936 1411/224/931
f 1486/261/144 1487/262/145 1413/228/935 1459/229/936
f 1487/262/145 1488/263/146 1470/233/940 1413/228/935
f 1488/263/146 1489/264/952 1415/232/939 1470/233/940
f 1489/264/952 1490/265/953 1417/236/943 1415/232/939
f 1490/265/953 1491/266/953 1429/248/946 1417/236/943
f 1491/266/953 1492/267/953 1431/250/946 1429/248/946
f 1492/267/953 1493/268/953 1433/252/946 1431/250/946
f 1493/268/953 1494/269/953 1435/254/946 1433/252/946
f 1494/269/953 1495/270/953 1420/239/946 1435/254/946
f 1495/270/953 1496/271/954 1396/207/915 1420/239/946
f 1404/216/923 1425/244/950 1396/207/915 1496/271/954
f 1423/242/949 1397/208/916 1396/207/915 1425/244/950
f 1399/210/918 1481/258/141 1406/217/924 1398/209/917
f 1619/272/955 1618/275/956 1617/274/957 1620/273/958
f 1622/276/959 1621/277/960 1618/275/956 1619/272/955
f 1624/278/279 1623/279/961 1621/277/960 1622/276/959
f 1626/280/962 1625/281/963 1623/279/961 1624/278/279
f 1628/282/277 1627/283/964 1625/281/963 1626/280/962
f 1630/284/275 1629/285/965 1627/283/964 1628/282/277
f 1632/286/273 1631/287/966 1629/285/965 1630/284/275
f 1634/288/967 1633/289/968 1631/287/966 1632/286/273
f 1636/290/184 1635/291/969 1633/289/968 1634/288/967
f 1638/292/183 1637/293/183 1635/291/969 1636/290/184
f 1640/294/970 1639/295/181 1637/293/183 1638/292/183
f 1642/296/971 1641/297/179 1639/295/181 1640/294/970
f 1644/298/972 1643/299/177 1641/297/179 1642/296/971
f 1646/300/174 1645/301/973 1643/299/177 1644/298/972
f 1648/302/974 1647/303/975 1645/301/973 1646/300/174
f 1650/304/976 1649/305/977 1647/303/975 1648/302/974
f 1652/306/978 1651/307/978 1649/305/977 1650/304/976
f 1654/308/166 1653/309/979 1651/307/978 1652/306/978
f 1656/310/164 1655/311/165 1653/309/979 1654/308/166
f 1658/312/162 1657/313/980 1655/311/165 1656/310/164
f 1660/314/83 1659/315/161 1657/313/980 1658/312/162
f 1662/316/303 1661/317/303 1659/315/161 1660/314/83
f 1664/318/157 1663/319/158 1661/317/303 1662/316/303
f 1666/320/300 1665/321/981 1663/319/158 1664/318/157
f 1668/322/982 1667/323/983 1665/321/981 1666/320/300
f 1670/324/984 1669/325/985 1667/323/983 1668/322/982
f 1673/326/986 1672/329/987 1671/328/988 1674/327/989
f 1676/330/990 1675/331/991 1672/329/987 1673/326/986
f 1678/332/992 1677/333/993 1675/331/991 1676/330/990
f 1674/327/989 1671/328/988 1677/333/993 1678/332/992
f 1680/334/994 1679/336/995 1669/325/985 1681/335/996
f 1683/337/997 1682/338/998 1679/336/995 1680/334/994
f 1684/339/999 1670/324/984 1682/338/998 1683/337/997
f 1681/335/996 1669/325/985 1670/324/984 1684/339/999
f 1686/340/1000 1685/342/1001 1679/336/995 1687/341/1002
f 1689/343/1003 1688/344/1004 1685/342/1001 1686/340/1000
f 1690/345/1005 1682/338/998 1688/344/1004 1689/343/1003
f 1687/341/1002 1679/336/995 1682/338/998 1690/345/1005
f 1692/346/1006 1691/348/1007 1685/342/1001 1693/347/1008
f 1695/349/1009 1694/350/1010 1691/348/1007 1692/346/1006
f 1696/351/1011 1688/344/1004 1694/350/1010 1695/349/1009
f 1693/347/1008 1685/342/1001 1688/344/1004 1696/351/1011
f 1698/352/1012 1697/354/1013 1691/348/1007 1699/353/1014
f 1701/355/1015 1700/356/1016 1697/354/1013 1698/352/1012
f 1702/357/1017 1694/350/1010 1700/356/1016 1701/355/1015
f 1699/353/1014 1691/348/1007 1694/350/1010 1702/357/1017
f 1703/358/1018 1671/328/988 1697/354/1013 1704/359/1019
f 1705/360/1020 1677/333/993 1671/328/988 1703/358/1018
f 1706/361/1021 1700/356/1016 1677/333/993 1705/360/1020
f 1704/359/1019 1697/354/1013 1700/356/1016 1706/361/1021
f 1709/362/1022 1708/365/1023 1707/364/1024 1710/363/1025
f 1712/366/1026 1711/367/1027 1708/365/1023 1709/362/1022
f 1714/368/1028 1713/369/1029 1711/367/1027 1712/366/1026
f 1710/363/1025 1707/364/1024 1713/369/1029 1714/368/1028
f 1715/370/1030 1617/274/957 1708/365/1023 1716/371/1031
f 1717/372/1032 1620/273/958 1617/274/957 1715/370/1030
f 1718/373/1033 1711/367/1027 1620/273/958 1717/372/1032
f 1716/371/1031 1708/365/1023 1711/367/1027 1718/373/1033
f 1721/374/1034 1720/377/1035 1719/376/1036 1722/375/1037
f 1724/378/1038 1723/379/1039 1720/377/1035 1721/374/1034
f 1726/380/1040 1725/381/1041 1723/379/1039 1724/378/1038
f 1722/375/1037 1719/376/1036 1725/381/1041 1726/380/1040
f 1728/382/1042 1727/384/1043 1720/377/1035 1729/383/1044
f 1731/385/1045 1730/386/1046 1727/384/1043 1728/382/1042
f 1732/387/1047 1723/379/1039 1730/386/1046 1731/385/1045
f 1729/383/1044 1720/377/1035 1723/379/1039 1732/387/1047
f 1733/388/1048 1707/364/1024 1727/384/1043 1734/389/1049
f 1735/390/1050 1713/369/1029 1707/364/1024 1733/388/1048
f 1736/391/1051 1730/386/1046 1713/369/1029 1735/390/1050
f 1734/389/1049 1727/384/1043 1730/386/1046 1736/391/1051
f 1545/392/1052 1544/395/1053 1513/394/1054 1514/393/1055
f 1546/396/1056 1545/392/1052 1514/393/1055 1515/397/1057
f 1547/398/1058 1546/396/1056 1515/397/1057 1516/399/165
f 1548/400/1059 1547/398/1058 1516/399/165 1517/401/305
f 1549/402/94 1548/400/1059 1517/401/305 1518/403/80
f 1550/404/303 1549/402/94 1518/403/80 1519/405/303
f 1551/406/1060 1550/404/303 1519/405/303 1520/407/158
f 1552/408/1061 1551/406/1060 1520/407/158 1521/409/981
f 1553/410/1062 1552/408/1061 1521/409/981 1522/411/299
f 1554/412/296 1553/410/1062 1522/411/299 1523/413/1063
f 1555/414/294 1554/412/296 1523/413/1063 1524/415/1064
f 1556/416/1065 1555/414/294 1524/415/1064 1525/417/292
f 1557/418/1066 1556/416/1065 1525/417/292 1526/419/1067
f 1558/420/1068 1557/418/1066 1526/419/1067 1527/421/288
f 1559/422/1069 1558/420/1068 1527/421/288 1528/423/287
f 1560/424/1070 1559/422/1069 1528/423/287 1529/425/285
f 1561/426/1071 1560/424/1070 1529/425/285 1530/427/282
f 1562/428/1072 1561/426/1071 1530/427/282 1531/429/281
f 1563/430/279 1562/428/1072 1531/429/281 1532/431/194
f 1564/432/1073 1563/430/279 1532/431/194 1533/433/192
f 1565/434/964 1564/432/1073 1533/433/192 1534/435/82
f 1566/436/1074 1565/434/964 1534/435/82 1535/437/965
f 1567/438/1075 1566/436/1074 1535/437/965 1536/439/188
f 1568/440/967 1567/438/1075 1536/439/188 1537/441/186
f 1569/442/1076 1568/440/967 1537/441/186 1538/443/969
f 1506/444/1077 1569/442/1076 1538/443/969 1499/445/1078
f 1574/446/1079 1573/449/1080 1497/448/1081 1498/447/1080
f 1575/450/1080 1574/446/1079 1498/447/1080 1505/451/1080
f 1576/452/1080 1575/450/1080 1505/451/1080 1504/453/1082
f 1573/449/1080 1576/452/1080 1504/453/1082 1497/448/1081
f 1578/454/1083 1577/456/1084 1499/445/1078 1500/455/1085
f 1579/457/1086 1578/454/1083 1500/455/1085 1507/458/1087
f 1580/459/1088 1579/457/1086 1507/458/1087 1506/444/1077
f 1577/456/1084 1580/459/1088 1506/444/1077 1499/445/1078
f 1582/460/1089 1581/462/1090 1500/455/1085 1501/461/1091
f 1583/463/1092 1582/460/1089 1501/461/1091 1508/464/1091
f 1584/465/1089 1583/463/1092 1508/464/1091 1507/458/1087
f 1581/462/1090 1584/465/1089 1507/458/1087 1500/455/1085
f 1586/466/1093 1585/468/1094 1501/461/1091 1502/467/1095
f 1587/469/1096 1586/466/1093 1502/467/1095 1509/470/1095
f 1588/471/1097 1587/469/1096 1509/470/1095 1508/464/1091
f 1585/468/1094 1588/471/1097 1508/464/1091 1501/461/1091
f 1590/472/1098 1589/474/1099 1502/467/1095 1503/473/1100
f 1591/475/1101 1590/472/1098 1503/473/1100 1510/476/1102
f 1592/477/1098 1591/475/1101 1510/476/1102 1509/470/1095
f 1589/474/1099 1592/477/1098 1509/470/1095 1502/467/1095
f 1594/478/1103 1593/479/1104 1503/473/1100 1497/448/1081
f 1595/480/1105 1594/478/1103 1497/448/1081 1504/453/1082
f 1596/481/1104 1595/480/1105 1504/453/1082 1510/476/1102
f 1593/479/1104 1596/481/1104 1510/476/1102 1503/473/1100
f 1598/482/1106 1597/485/1107 1511/484/1108 1512/483/1109
f 1599/486/1106 1598/482/1106 1512/483/1109 1543/487/1110
f 1600/488/1106 1599/486/1106 1543/487/1110 1542/489/1111
f 1597/485/1107 1600/488/1106 1542/489/1111 1511/484/1108
f 1602/490/1112 1601/491/1112 1512/483/1109 1513/394/1054
f 1603/492/1113 1602/490/1112 1513/394/1054 1544/395/1053
f 1604/493/1114 1603/492/1113 1544/395/1053 1543/487/1110
f 1601/491/1112 1604/493/1114 1543/487/1110 1512/483/1109
f 1606/494/1115 1605/497/1116 1539/496/1117 1540/495/1118
f 1607/498/1116 1606/494/1115 1540/495/1118 1571/499/1119
f 1608/500/1116 1607/498/1116 1571/499/1119 1570/501/1116
f 1605/497/1116 1608/500/1116 1570/501/1116 1539/496/1117
f 1610/502/1120 1609/504/1120 1540/495/1118 1541/503/1121
f 1611/505/1122 1610/502/1120 1541/503/1121 1572/506/1123
f 1612/507/1122 1611/505/1122 1572/506/1123 1571/499/1119
f 1609/504/1120 1612/507/1122 1571/499/1119 1540/495/1118
f 1614/508/1124 1613/509/1125 1541/503/1121 1511/484/1108
f 1615/510/1124 1614/508/1124 1511/484/1108 1542/489/1111
f 1616/511/1126 1615/510/1124 1542/489/1111 1572/506/1123
f 1613/509/1125 1616/511/1126 1572/506/1123 1541/503/1121
f 1769/512/1127 1514/393/1055 1513/394/1054 1770/513/1128
f 1781/514/1129 1544/395/1053 1545/392/1052 1782/515/1130
f 1768/516/1131 1515/397/1057 1514/393/1055 1769/512/1127
f 1782/515/1130 1545/392/1052 1546/396/1056 1783/517/1132
f 1767/518/365 1516/399/165 1515/397/1057 1768/516/1131
f 1783/517/1132 1546/396/1056 1547/398/1058 1784/519/366
f 1766/520/365 1517/401/305 1516/399/165 1767/518/365
f 1784/519/366 1547/398/1058 1548/400/1059 1785/521/366
f 1765/522/365 1518/403/80 1517/401/305 1766/520/365
f 1785/521/366 1548/400/1059 1549/402/94 1786/523/366
f 1764/524/365 1519/405/303 1518/403/80 1765/522/365
f 1786/523/366 1549/402/94 1550/404/303 1787/525/366
f 1763/526/365 1520/407/158 1519/405/303 1764/524/365
f 1787/525/366 1550/404/303 1551/406/1060 1788/527/366
f 1762/528/365 1521/409/981 1520/407/158 1763/526/365
f 1788/527/366 1551/406/1060 1552/408/1061 1789/529/366
f 1761/530/365 1522/411/299 1521/409/981 1762/528/365
f 1789/529/366 1552/408/1061 1553/410/1062 1790/531/366
f 1760/532/365 1523/413/1063 1522/411/299 1761/530/365
f 1790/531/366 1553/410/1062 1554/412/296 1791/533/366
f 1759/534/365 1524/415/1064 1523/413/1063 1760/532/365
f 1791/533/366 1554/412/296 1555/414/294 1792/535/366
f 1758/536/365 1525/417/292 1524/415/1064 1759/534/365
f 1792/535/366 1555/414/294 1556/416/1065 1793/537/366
f 1757/538/365 1526/419/1067 1525/417/292 1758/536/365
f 1793/537/366 1556/416/1065 1557/418/1066 1794/539/366
f 1756/540/365 1527/421/288 1526/419/1067 1757/538/365
f 1794/539/366 1557/418/1066 1558/420/1068 1795/541/366
f 1755/542/365 1528/423/287 1527/421/288 1756/540/365
f 1795/541/366 1558/420/1068 1559/422/1069 1796/543/366
f 1754/544/365 1529/425/285 1528/423/287 1755/542/365
f 1796/543/366 1559/422/1069 1560/424/1070 1797/545/366
f 1753/546/365 1530/427/282 1529/425/285 1754/544/365
f 1797/545/366 1560/424/1070 1561/426/1071 1798/547/366
f 1752/548/365 1531/429/281 1530/427/282 1753/546/365
f 1798/547/366 1561/426/1071 1562/428/1072 1799/549/366
f 1751/550/365 1532/431/194 1531/429/281 1752/548/365
f 1799/549/366 1562/428/1072 1563/430/279 1800/551/366
f 1750/552/365 1533/433/192 1532/431/194 1751/550/365
f 1800/551/366 1563/430/279 1564/432/1073 1801/553/366
f 1749/554/365 1534/435/82 1533/433/192 1750/552/365
f 1801/553/366 1564/432/1073 1565/434/964 1802/555/366
f 1748/556/365 1535/437/965 1534/435/82 1749/554/365
f 1802/555/366 1565/434/964 1566/436/1074 1803/557/366
f 1747/558/365 1536/439/188 1535/437/965 1748/556/365
f 1803/557/366 1566/436/1074 1567/438/1075 1804/559/366
f 1746/560/365 1537/441/186 1536/439/188 1747/558/365
f 1804/559/366 1567/438/1075 1568/440/967 1805/561/366
f 1745/562/367 1538/443/969 1537/441/186 1746/560/365
f 1805/561/366 1568/440/967 1569/442/1076 1806/563/366
f 1744/564/1133 1499/445/1078 1538/443/969 1745/562/367
f 1806/563/366 1569/442/1076 1506/444/1077 1807/565/1134
f 1738/566/1135 1498/447/1080 1497/448/1081 1739/567/1136
f 1834/568/1137 1573/449/1080 1574/446/1079 1835/569/1138
f 1737/570/1139 1505/451/1080 1498/447/1080 1738/566/1135
f 1835/569/1138 1574/446/1079 1575/450/1080 1836/571/1140
f 1812/572/1141 1504/453/1082 1505/451/1080 1737/570/1139
f 1836/571/1140 1575/450/1080 1576/452/1080 1833/573/1142
f 1833/573/1142 1576/452/1080 1573/449/1080 1834/568/1137
f 1743/574/1143 1500/455/1085 1499/445/1078 1744/564/1133
f 1855/575/1144 1577/456/1084 1578/454/1083 1856/576/1145
f 1856/576/1145 1578/454/1083 1579/457/1086 1853/577/1146
f 1807/565/1134 1506/444/1077 1507/458/1087 1808/578/1147
f 1853/577/1146 1579/457/1086 1580/459/1088 1854/579/1148
f 1854/579/1148 1580/459/1088 1577/456/1084 1855/575/1144
f 1742/580/1149 1501/461/1091 1500/455/1085 1743/574/1143
f 1850/581/1150 1581/462/1090 1582/460/1089 1851/582/1151
f 1851/582/1151 1582/460/1089 1583/463/1092 1852/583/1152
f 1808/578/1147 1507/458/1087 1508/464/1091 1809/584/1153
f 1852/583/1152 1583/463/1092 1584/465/1089 1849/585/1154
f 1849/585/1154 1584/465/1089 1581/462/1090 1850/581/1150
f 1741/586/1155 1502/467/1095 1501/461/1091 1742/580/1149
f 1846/587/1156 1585/468/1094 1586/466/1093 1847/588/1157
f 1847/588/1157 1586/466/1093 1587/469/1096 1848/589/1158
f 1809/584/1153 1508/464/1091 1509/470/1095 1810/590/1159
f 1848/589/1158 1587/469/1096 1588/471/1097 1845/591/1160
f 1845/591/1160 1588/471/1097 1585/468/1094 1846/587/1156
f 1740/592/1161 1503/473/1100 1502/467/1095 1741/586/1155
f 1842/593/1151 1589/474/1099 1590/472/1098 1843/594/1162
f 1843/594/1162 1590/472/1098 1591/475/1101 1844/595/1163
f 1810/590/1159 1509/470/1095 1510/476/1102 1811/596/1164
f 1844/595/1163 1591/475/1101 1592/477/1098 1841/597/1165
f 1841/597/1165 1592/477/1098 1589/474/1099 1842/593/1151
f 1739/567/1136 1497/448/1081 1503/473/1100 1740/592/1161
f 1838/598/1166 1593/479/1104 1594/478/1103 1839/599/1167
f 1839/599/1167 1594/478/1103 1595/480/1105 1840/600/1168
f 1811/596/1164 1510/476/1102 1504/453/1082 1812/572/1141
f 1840/600/1168 1595/480/1105 1596/481/1104 1837/601/1169
f 1837/601/1169 1596/481/1104 1593/479/1104 1838/598/1166
f 1771/602/1170 1512/483/1109 1511/484/1108 1772/603/1171
f 1826/604/1172 1597/485/1107 1598/482/1106 1827/605/1173
f 1827/605/1173 1598/482/1106 1599/486/1106 1828/606/1174
f 1779/607/1175 1542/489/1111 1543/487/1110 1780/608/1176
f 1828/606/1174 1599/486/1106 1600/488/1106 1825/609/1177
f 1825/609/1177 1600/488/1106 1597/485/1107 1826/604/1172
f 1770/513/1128 1513/394/1054 1512/483/1109 1771/602/1170
f 1830/610/1178 1601/491/1112 1602/490/1112 1831/611/1179
f 1831/611/1179 1602/490/1112 1603/492/1113 1832/612/1180
f 1780/608/1176 1543/487/1110 1544/395/1053 1781/514/1129
f 1832/612/1180 1603/492/1113 1604/493/1114 1829/613/1181
f 1829/613/1181 1604/493/1114 1601/491/1112 1830/610/1178
f 1774/614/1182 1540/495/1118 1539/496/1117 1775/615/1183
f 1814/616/1184 1605/497/1116 1606/494/1115 1815/617/1185
f 1815/617/1185 1606/494/1115 1607/498/1116 1816/618/1186
f 1776/619/1187 1570/501/1116 1571/499/1119 1777/620/1188
f 1816/618/1186 1607/498/1116 1608/500/1116 1813/621/1189
f 1775/615/1183 1539/496/1117 1570/501/1116 1776/619/1187
f 1813/621/1189 1608/500/1116 1605/497/1116 1814/616/1184
f 1773/622/1190 1541/503/1121 1540/495/1118 1774/614/1182
f 1819/623/1191 1609/504/1120 1610/502/1120 1820/624/1192
f 1820/624/1192 1610/502/1120 1611/505/1122 1817/625/1193
f 1777/620/1188 1571/499/1119 1572/506/1123 1778/626/1194
f 1817/625/1193 1611/505/1122 1612/507/1122 1818/627/1195
f 1818/627/1195 1612/507/1122 1609/504/1120 1819/623/1191
f 1772/603/1171 1511/484/1108 1541/503/1121 1773/622/1190
f 1822/628/1196 1613/509/1125 1614/508/1124 1823/629/1197
f 1823/629/1197 1614/508/1124 1615/510/1124 1824/630/1198
f 1778/626/1194 1572/506/1123 1542/489/1111 1779/607/1175
f 1824/630/1198 1615/510/1124 1616/511/1126 1821/631/1199
f 1821/631/1199 1616/511/1126 1613/509/1125 1822/628/1196
f 1675/331/991 1737/570/1139 1738/566/1135 1672/329/987
f 1672/329/987 1738/566/1135 1739/567/1136 1671/328/988
f 1671/328/988 1739/567/1136 1740/592/1161 1697/354/1013
f 1697/354/1013 1740/592/1161 1741/586/1155 1691/348/1007
f 1691/348/1007 1741/586/1155 1742/580/1149 1685/342/1001
f 1685/342/1001 1742/580/1149 1743/574/1143 1679/336/995
f 1679/336/995 1743/574/1143 1744/564/1133 1669/325/985
f 1669/325/985 1744/564/1133 1745/562/367 1667/323/983
f 1667/323/983 1745/562/367 1746/560/365 1665/321/981
f 1665/321/981 1746/560/365 1747/558/365 1663/319/158
f 1663/319/158 1747/558/365 1748/556/365 1661/317/303
f 1661/317/303 1748/556/365 1749/554/365 1659/315/161
f 1659/315/161 1749/554/365 1750/552/365 1657/313/980
f 1657/313/980 1750/552/365 1751/550/365 1655/311/165
f 1655/311/165 1751/550/365 1752/548/365 1653/309/979
f 1653/309/979 1752/548/365 1753/546/365 1651/307/978
f 1651/307/978 1753/546/365 1754/544/365 1649/305/977
f 1649/305/977 1754/544/365 1755/542/365 1647/303/975
f 1647/303/975 1755/542/365 1756/540/365 1645/301/973
f 1645/301/973 1756/540/365 1757/538/365 1643/299/177
f 1643/299/177 1757/538/365 1758/536/365 1641/297/179
f 1641/297/179 1758/536/365 1759/534/365 1639/295/181
f 1639/295/181 1759/534/365 1760/532/365 1637/293/183
f 1637/293/183 1760/532/365 1761/530/365 1635/291/969
f 1635/291/969 1761/530/365 1762/528/365 1633/289/968
f 1633/289/968 1762/528/365 1763/526/365 1631/287/966
f 1631/287/966 1763/526/365 1764/524/365 1629/285/965
f 1629/285/965 1764/524/365 1765/522/365 1627/283/964
f 1627/283/964 1765/522/365 1766/520/365 1625/281/963
f 1625/281/963 1766/520/365 1767/518/365 1623/279/961
f 1623/279/961 1767/518/365 1768/516/1131 1621/277/960
f 1621/277/960 1768/516/1131 1769/512/1127 1618/275/956
f 1618/275/956 1769/512/1127 1770/513/1128 1617/274/957
f 1617/274/957 1770/513/1128 1771/602/1170 1708/365/1023
f 1708/365/1023 1771/602/1170 1772/603/1171 1707/364/1024
f 1707/364/1024 1772/603/1171 1773/622/1190 1727/384/1043
f 1727/384/1043 1773/622/1190 1774/614/1182 1720/377/1035
f 1720/377/1035 1774/614/1182 1775/615/1183 1719/376/1036
f 1719/376/1036 1775/615/1183 1776/619/1187 1725/381/1041
f 1725/381/1041 1776/619/1187 1777/620/1188 1723/379/1039
f 1723/379/1039 1777/620/1188 1778/626/1194 1730/386/1046
f 1730/386/1046 1778/626/1194 1779/607/1175 1713/369/1029
f 1713/369/1029 1779/607/1175 1780/608/1176 1711/367/1027
f 1711/367/1027 1780/608/1176 1781/514/1129 1620/273/958
f 1620/273/958 1781/514/1129 1782/515/1130 1619/272/955
f 1619/272/955 1782/515/1130 1783/517/1132 1622/276/959
f 1622/276/959 1783/517/1132 1784/519/366 1624/278/279
f 1624/278/279 1784/519/366 1785/521/366 1626/280/962
f 1626/280/962 1785/521/366 1786/523/366 1628/282/277
f 1628/282/277 1786/523/366 1787/525/366 1630/284/275
f 1630/284/275 1787/525/366 1788/527/366 1632/286/273
f 1632/286/273 1788/527/366 1789/529/366 1634/288/967
f 1634/288/967 1789/529/366 1790/531/366 1636/290/184
f 1636/290/184 1790/531/366 1791/533/366 1638/292/183
f 1638/292/183 1791/533/366 1792/535/366 1640/294/970
f 1640/294/970 1792/535/366 1793/537/366 1642/296/971
f 1642/296/971 1793/537/366 1794/539/366 1644/298/972
f 1644/298/972 1794/539/366 1795/541/366 1646/300/174
f 1646/300/174 1795/541/366 1796/543/366 1648/302/974
f 1648/302/974 1796/543/366 1797/545/366 1650/304/976
f 1650/304/976 1797/545/366 1798/547/366 1652/306/978
f 1652/306/978 1798/547/366 1799/549/366 1654/308/166
f 1654/308/166 1799/549/366 1800/551/366 1656/310/164
f 1656/310/164 1800/551/366 1801/553/366 1658/312/162
f 1658/312/162 1801/553/366 1802/555/366 1660/314/83
f 1660/314/83 1802/555/366 1803/557/366 1662/316/303
f 1662/316/303 1803/557/366 1804/559/366 1664/318/157
f 1664/318/157 1804/559/366 1805/561/366 1666/320/300
f 1666/320/300 1805/561/366 1806/563/366 1668/322/982
f 1668/322/982 1806/563/366 1807/565/1134 1670/324/984
f 1670/324/984 1807/565/1134 1808/578/1147 1682/338/998
f 1682/338/998 1808/578/1147 1809/584/1153 1688/344/1004
f 1688/344/1004 1809/584/1153 1810/590/1159 1694/350/1010
f 1694/350/1010 1810/590/1159 1811/596/1164 1700/356/1016
f 1700/356/1016 1811/596/1164 1812/572/1141 1677/333/993
f 1677/333/993 1812/572/1141 1737/570/1139 1675/331/991
f 1726/380/1040 1813/621/1189 1814/616/1184 1722/375/1037
f 1722/375/1037 1814/616/1184 1815/617/1185 1721/374/1034
f 1721/374/1034 1815/617/1185 1816/618/1186 1724/378/1038
f 1724/378/1038 1816/618/1186 1813/621/1189 1726/380/1040
f 1731/385/1045 1817/625/1193 1818/627/1195 1732/387/1047
f 1732/387/1047 1818/627/1195 1819/623/1191 1729/383/1044
f 1729/383/1044 1819/623/1191 1820/624/1192 1728/382/1042
f 1728/382/1042 1820/624/1192 1817/625/1193 1731/385/1045
f 1736/391/1051 1821/631/1199 1822/628/1196 1734/389/1049
f 1734/389/1049 1822/628/1196 1823/629/1197 1733/388/1048
f 1733/388/1048 1823/629/1197 1824/630/1198 1735/390/1050
f 1735/390/1050 1824/630/1198 1821/631/1199 1736/391/1051
f 1714/368/1028 1825/609/1177 1826/604/1172 1710/363/1025
f 1710/363/1025 1826/604/1172 1827/605/1173 1709/362/1022
f 1709/362/1022 1827/605/1173 1828/606/1174 1712/366/1026
f 1712/366/1026 1828/606/1174 1825/609/1177 1714/368/1028
f 1718/373/1033 1829/613/1181 1830/610/1178 1716/371/1031
f 1716/371/1031 1830/610/1178 1831/611/1179 1715/370/1030
f 1715/370/1030 1831/611/1179 1832/612/1180 1717/372/1032
f 1717/372/1032 1832/612/1180 1829/613/1181 1718/373/1033
f 1678/332/992 1833/573/1142 1834/568/1137 1674/327/989
f 1674/327/989 1834/568/1137 1835/569/1138 1673/326/986
f 1673/326/986 1835/569/1138 1836/571/1140 1676/330/990
f 1676/330/990 1836/571/1140 1833/573/1142 1678/332/992
f 1706/361/1021 1837/601/1169 1838/598/1166 1704/359/1019
f 1704/359/1019 1838/598/1166 1839/599/1167 1703/358/1018
f 1703/358/1018 1839/599/1167 1840/600/1168 1705/360/1020
f 1705/360/1020 1840/600/1168 1837/601/1169 1706/361/1021
f 1702/357/1017 1841/597/1165 1842/593/1151 1699/353/1014
f 1699/353/1014 1842/593/1151 1843/594/1162 1698/352/1012
f 1698/352/1012 1843/594/1162 1844/595/1163 1701/355/1015
f 1701/355/1015 1844/595/1163 1841/597/1165 1702/357/1017
f 1696/351/1011 1845/591/1160 1846/587/1156 1693/347/1008
f 1693/347/1008 1846/587/1156 1847/588/1157 1692/346/1006
f 1692/346/1006 1847/588/1157 1848/589/1158 1695/349/1009
f 1695/349/1009 1848/589/1158 1845/591/1160 1696/351/1011
f 1690/345/1005 1849/585/1154 1850/581/1150 1687/341/1002
f 1687/341/1002 1850/581/1150 1851/582/1151 1686/340/1000
f 1686/340/1000 1851/582/1151 1852/583/1152 1689/343/1003
f 1689/343/1003 1852/583/1152 1849/585/1154 1690/345/1005
f 1683/337/997 1853/577/1146 1854/579/1148 1684/339/999
f 1684/339/999 1854/579/1148 1855/575/1144 1681/335/996
f 1681/335/996 1855/575/1144 1856/576/1145 1680/334/994
f 1680/334/994 1856/576/1145 1853/577/1146 1683/337/997
f 1878/632/436 1875/635/436 1874/634/436 1879/633/437
f 1884/636/436 1881/637/436 1875/635/436 1878/632/436
f 1888/638/437 1885/639/436 1881/637/436 1884/636/436
f 1879/633/437 1874/634/436 1885/639/436 1888/638/437
f 1866/640/1200 1858/643/1200 1860/642/438 1868/641/439
f 1868/641/439 1860/642/438 1864/645/438 1870/644/1201
f 1870/644/1201 1864/645/438 1862/647/438 1872/646/438
f 1872/646/438 1862/647/438 1858/643/1200 1866/640/1200
f 1876/648/1202 1859/651/1203 1857/650/1204 1873/649/1205
f 1880/652/1206 1865/655/1207 1867/654/1208 1877/653/1209
f 1882/656/449 1863/657/450 1859/651/1203 1876/648/1202
f 1877/653/1209 1867/654/1208 1869/659/451 1883/658/1210
f 1886/660/277 1861/661/82 1863/657/450 1882/656/449
f 1883/658/1210 1869/659/451 1871/663/80 1887/662/80
f 1873/649/1205 1857/650/1204 1861/661/82 1886/660/277
f 1887/662/80 1871/663/80 1865/655/1207 1880/652/1206
f 1861/661/82 1857/650/1204 1858/643/1200 1862/647/438
f 1860/642/438 1858/643/1200 1857/650/1204 1859/651/1203
f 1864/645/438 1860/642/438 1859/651/1203 1863/657/450
f 1863/657/450 1861/661/82 1862/647/438 1864/645/438
f 1867/654/1208 1865/655/1207 1866/640/1200 1868/641/439
f 1872/646/438 1866/640/1200 1865/655/1207 1871/663/80
f 1869/659/451 1867/654/1208 1868/641/439 1870/644/1201
f 1871/663/80 1869/659/451 1870/644/1201 1872/646/438
f 1885/639/436 1874/634/436 1873/649/1205 1886/660/277
f 1876/648/1202 1873/649/1205 1874/634/436 1875/635/436
f 1882/656/449 1876/648/1202 1875/635/436 1881/637/436
f 1884/636/436 1878/632/436 1877/653/1209 1883/658/1210
f 1880/652/1206 1877/653/1209 1878/632/436 1879/633/437
f 1887/662/80 1880/652/1206 1879/633/437 1888/638/437
f 1886/660/277 1882/656/449 1881/637/436 1885/639/436
f 1888/638/437 1884/636/436 1883/658/1210 1887/662/80
f 1897/664/1211 1935/667/1212 1924/666/1212 1890/665/1211
f 1896/668/1213 1903/671/1213 1900/670/1214 1891/669/1213
f 1915/672/1215 1920/675/1216 1895/674/1216 1892/673/1217
f 1921/676/1212 1950/679/1218 1914/678/1219 1889/677/1219
f 1917/680/1220 1945/683/1220 1926/682/1221 1894/681/1222
f 1927/684/1221 1932/687/1222 1902/686/1223 1893/685/1224
f 1905/688/1212 1943/691/1219 1934/690/1225 1898/689/1226
f 1904/692/1227 1911/695/1228 1908/694/1227 1899/693/1227
f 1929/696/1224 1940/699/1222 1910/698/1229 1901/697/1229
f 1913/700/1230 1951/703/1218 1942/702/1219 1906/701/1231
f 1912/704/1232 1919/707/1233 1916/706/1234 1907/705/1232
f 1937/708/1229 1948/711/1235 1918/710/1236 1909/709/1221
f 1925/712/1237 1946/715/1237 1949/714/1227 1922/713/1228
f 1936/716/1232 1931/719/1234 1928/718/1238 1923/717/1232
f 1933/720/1239 1944/723/1240 1939/722/1216 1930/721/1217
f 1941/724/1241 1952/727/1242 1947/726/1213 1938/725/1241
f 1921/676/1212 1889/677/1219 1890/665/1211 1924/666/1212
f 1897/664/1211 1890/665/1211 1891/669/1213 1900/670/1214
f 1896/668/1213 1891/669/1213 1892/673/1217 1895/674/1216
f 1915/672/1215 1892/673/1217 1889/677/1219 1914/678/1219
f 1927/684/1221 1893/685/1224 1894/681/1222 1926/682/1221
f 1917/680/1220 1894/681/1222 1895/674/1216 1920/675/1216
f 1903/671/1213 1896/668/1213 1893/685/1224 1902/686/1223
f 1935/667/1212 1897/664/1211 1898/689/1226 1934/690/1225
f 1905/688/1212 1898/689/1226 1899/693/1227 1908/694/1227
f 1904/692/1227 1899/693/1227 1900/670/1214 1903/671/1213
f 1929/696/1224 1901/697/1229 1902/686/1223 1932/687/1222
f 1911/695/1228 1904/692/1227 1901/697/1229 1910/698/1229
f 1943/691/1219 1905/688/1212 1906/701/1231 1942/702/1219
f 1913/700/1230 1906/701/1231 1907/705/1232 1916/706/1234
f 1912/704/1232 1907/705/1232 1908/694/1227 1911/695/1228
f 1937/708/1229 1909/709/1221 1910/698/1229 1940/699/1222
f 1919/707/1233 1912/704/1232 1909/709/1221 1918/710/1236
f 1951/703/1218 1913/700/1230 1914/678/1219 1950/679/1218
f 1920/675/1216 1915/672/1215 1916/706/1234 1919/707/1233
f 1945/683/1220 1917/680/1220 1918/710/1236 1948/711/1235
f 1950/679/1218 1921/676/1212 1922/713/1228 1949/714/1227
f 1925/712/1237 1922/713/1228 1923/717/1232 1928/718/1238
f 1936/716/1232 1923/717/1232 1924/666/1212 1935/667/1212
f 1946/715/1237 1925/712/1237 1926/682/1221 1945/683/1220
f 1932/687/1222 1927/684/1221 1928/718/1238 1931/719/1234
f 1940/699/1222 1929/696/1224 1930/721/1217 1939/722/1216
f 1933/720/1239 1930/721/1217 1931/719/1234 1936/716/1232
f 1944/723/1240 1933/720/1239 1934/690/1225 1943/691/1219
f 1948/711/1235 1937/708/1229 1938/725/1241 1947/726/1213
f 1941/724/1241 1938/725/1241 1939/722/1216 1944/723/1240
f 1952/727/1242 1941/724/1241 1942/702/1219 1951/703/1218
f 1949/714/1227 1946/715/1237 1947/726/1213 1952/727/1242
f 1891/669/1213 1890/665/1211 1889/677/1219 1892/673/1217
f 1895/674/1216 1894/681/1222 1893/685/1224 1896/668/1213
f 1899/693/1227 1898/689/1226 1897/664/1211 1900/670/1214
f 1903/671/1213 1902/686/1223 1901/697/1229 1904/692/1227
f 1907/705/1232 1906/701/1231 1905/688/1212 1908/694/1227
f 1911/695/1228 1910/698/1229 1909/709/1221 1912/704/1232
f 1915/672/1215 1914/678/1219 1913/700/1230 1916/706/1234
f 1919/707/1233 1918/710/1236 1917/680/1220 1920/675/1216
f 1923/717/1232 1922/713/1228 1921/676/1212 1924/666/1212
f 1927/684/1221 1926/682/1221 1925/712/1237 1928/718/1238
f 1931/719/1234 1930/721/1217 1929/696/1224 1932/687/1222
f 1935/667/1212 1934/690/1225 1933/720/1239 1936/716/1232
f 1939/722/1216 1938/725/1241 1937/708/1229 1940/699/1222
f 1943/691/1219 1942/702/1219 1941/724/1241 1944/723/1240
f 1947/726/1213 1946/715/1237 1945/683/1220 1948/711/1235
f 1951/703/1218 1950/679/1218 1949/714/1227 1952/727/1242
f 2075/728/1243 2074/731/1244 2073/730/1245 2076/729/1246
f 2078/732/1247 2077/733/1248 2074/731/1244 2075/728/1243
f 2080/734/1249 2079/735/1250 2077/733/1248 2078/732/1247
f 2082/736/1251 2081/737/1252 2079/735/1250 2080/734/1249
f 2084/738/1253 2083/739/1254 2081/737/1252 2082/736/1251
f 2086/740/1255 2085/741/1256 2083/739/1254 2084/738/1253
f 2088/742/1257 2087/743/1258 2085/741/1256 2086/740/1255
f 2090/744/1259 2089/745/1260 2087/743/1258 2088/742/1257
f 2092/746/1261 2091/747/1262 2089/745/1260 2090/744/1259
f 2094/748/1263 2093/749/1264 2091/747/1262 2092/746/1261
f 2096/750/1265 2095/751/1266 2093/749/1264 2094/748/1263
f 2098/752/1267 2097/753/1268 2095/751/1266 2096/750/1265
f 2100/754/513 2099/755/513 2097/753/1268 2098/752/1267
f 2102/756/1269 2101/757/512 2099/755/513 2100/754/513
f 2104/758/1270 2103/759/1271 2101/757/512 2102/756/1269
f 2106/760/1272 2105/761/1273 2103/759/1271 2104/758/1270
f 2108/762/1274 2107/763/1275 2105/761/1273 2106/760/1272
f 2110/764/1276 2109/765/1277 2107/763/1275 2108/762/1274
f 2112/766/1278 2111/767/1279 2109/765/1277 2110/764/1276
f 2114/768/1280 2113/769/1281 2111/767/1279 2112/766/1278
f 2116/770/1282 2115/771/1283 2113/769/1281 2114/768/1280
f 2118/772/1284 2117/773/1285 2115/771/1283 2116/770/1282
f 2120/774/1286 2119/775/1287 2117/773/1285 2118/772/1284
f 2122/776/1288 2121/777/1289 2119/775/1287 2120/774/1286
f 2124/778/1290 2123/779/1291 2121/777/1289 2122/776/1288
f 2126/780/1292 2125/781/1293 2123/779/1291 2124/778/1290
f 2129/782/1294 2128/785/1294 2127/784/1295 2130/783/1296
f 2132/786/1297 2131/787/1298 2128/785/1294 2129/782/1294
f 2134/788/1299 2133/789/1300 2131/787/1298 2132/786/1297
f 2130/783/1296 2127/784/1295 2133/789/1300 2134/788/1299
f 2136/790/1301 2135/792/1302 2125/781/1293 2137/791/1303
f 2139/793/1304 2138/794/1305 2135/792/1302 2136/790/1301
f 2140/795/1306 2126/780/1292 2138/794/1305 2139/793/1304
f 2137/791/1303 2125/781/1293 2126/780/1292 2140/795/1306
f 2142/796/1307 2141/798/1308 2135/792/1302 2143/797/1309
f 2145/799/1310 2144/800/1311 2141/798/1308 2142/796/1307
f 2146/801/1312 2138/794/1305 2144/800/1311 2145/799/1310
f 2143/797/1309 2135/792/1302 2138/794/1305 2146/801/1312
f 2148/802/1313 2147/804/1314 2141/798/1308 2149/803/1315
f 2151/805/1316 2150/806/1317 2147/804/1314 2148/802/1313
f 2152/807/1318 2144/800/1311 2150/806/1317 2151/805/1316
f 2149/803/1315 2141/798/1308 2144/800/1311 2152/807/1318
f 2154/808/1319 2153/810/1320 2147/804/1314 2155/809/1321
f 2157/811/1322 2156/812/1323 2153/810/1320 2154/808/1319
f 2158/813/1324 2150/806/1317 2156/812/1323 2157/811/1322
f 2155/809/1321 2147/804/1314 2150/806/1317 2158/813/1324
f 2159/814/1325 2127/784/1295 2153/810/1320 2160/815/1326
f 2161/816/1327 2133/789/1300 2127/784/1295 2159/814/1325
f 2162/817/1328 2156/812/1323 2133/789/1300 2161/816/1327
f 2160/815/1326 2153/810/1320 2156/812/1323 2162/817/1328
f 2165/818/1329 2164/821/1330 2163/820/1331 2166/819/1332
f 2168/822/1333 2167/823/1334 2164/821/1330 2165/818/1329
f 2170/824/1335 2169/825/1336 2167/823/1334 2168/822/1333
f 2166/819/1332 2163/820/1331 2169/825/1336 2170/824/1335
f 2171/826/1337 2073/730/1245 2164/821/1330 2172/827/1338
f 2173/828/1339 2076/729/1246 2073/730/1245 2171/826/1337
f 2174/829/1340 2167/823/1334 2076/729/1246 2173/828/1339
f 2172/827/1338 2164/821/1330 2167/823/1334 2174/829/1340
f 2177/830/1341 2176/833/1342 2175/832/1343 2178/831/1344
f 2180/834/1345 2179/835/1346 2176/833/1342 2177/830/1341
f 2182/836/1347 2181/837/1348 2179/835/1346 2180/834/1345
f 2178/831/1344 2175/832/1343 2181/837/1348 2182/836/1347
f 2184/838/1349 2183/840/1309 2176/833/1342 2185/839/1350
f 2187/841/1351 2186/842/1352 2183/840/1309 2184/838/1349
f 2188/843/1353 2179/835/1346 2186/842/1352 2187/841/1351
f 2185/839/1350 2176/833/1342 2179/835/1346 2188/843/1353
f 2189/844/1354 2163/820/1331 2183/840/1309 2190/845/1355
f 2191/846/1356 2169/825/1336 2163/820/1331 2189/844/1354
f 2192/847/1357 2186/842/1352 2169/825/1336 2191/846/1356
f 2190/845/1355 2183/840/1309 2186/842/1352 2192/847/1357
f 2001/848/1358 2000/851/1359 1969/850/1360 1970/849/1361
f 2002/852/1362 2001/848/1358 1970/849/1361 1971/853/1363
f 2003/854/1364 2002/852/1362 1971/853/1363 1972/855/1365
f 2004/856/1366 2003/854/1364 1972/855/1365 1973/857/1367
f 2005/858/1368 2004/856/1366 1973/857/1367 1974/859/1369
f 2006/860/1370 2005/858/1368 1974/859/1369 1975/861/1371
f 2007/862/1372 2006/860/1370 1975/861/1371 1976/863/1373
f 2008/864/1374 2007/862/1372 1976/863/1373 1977/865/1375
f 2009/866/1376 2008/864/1374 1977/865/1375 1978/867/1377
f 2010/868/1378 2009/866/1376 1978/867/1377 1979/869/1379
f 2011/870/1380 2010/868/1378 1979/869/1379 1980/871/1381
f 2012/872/1382 2011/870/1380 1980/871/1381 1981/873/1383
f 2013/874/1384 2012/872/1382 1981/873/1383 1982/875/631
f 2014/876/629 2013/874/1384 1982/875/631 1983/877/630
f 2015/878/1385 2014/876/629 1983/877/630 1984/879/1386
f 2016/880/1387 2015/878/1385 1984/879/1386 1985/881/1388
f 2017/882/1389 2016/880/1387 1985/881/1388 1986/883/1390
f 2018/884/1391 2017/882/1389 1986/883/1390 1987/885/1392
f 2019/886/1393 2018/884/1391 1987/885/1392 1988/887/1394
f 2020/888/1395 2019/886/1393 1988/887/1394 1989/889/1396
f 2021/890/1397 2020/888/1395 1989/889/1396 1990/891/1398
f 2022/892/1399 2021/890/1397 1990/891/1398 1991/893/1400
f 2023/894/1401 2022/892/1399 1991/893/1400 1992/895/1402
f 2024/896/1403 2023/894/1401 1992/895/1402 1993/897/1404
f 2025/898/1405 2024/896/1403 1993/897/1404 1994/899/1406
f 1962/900/1407 2025/898/1405 1994/899/1406 1955/901/1408
f 2030/902/1409 2029/905/1409 1953/904/1410 1954/903/1411
f 2031/906/1409 2030/902/1409 1954/903/1411 1961/907/1412
f 2032/908/1409 2031/906/1409 1961/907/1412 1960/909/1413
f 2029/905/1409 2032/908/1409 1960/909/1413 1953/904/1410
f 2034/910/1414 2033/912/1415 1955/901/1408 1956/911/1416
f 2035/913/1417 2034/910/1414 1956/911/1416 1963/914/1418
f 2036/915/1419 2035/913/1417 1963/914/1418 1962/900/1407
f 2033/912/1415 2036/915/1419 1962/900/1407 1955/901/1408
f 2038/916/1420 2037/918/1420 1956/911/1416 1957/917/1421
f 2039/919/1422 2038/916/1420 1957/917/1421 1964/920/1423
f 2040/921/1422 2039/919/1422 1964/920/1423 1963/914/1418
f 2037/918/1420 2040/921/1422 1963/914/1418 1956/911/1416
f 2042/922/1424 2041/924/1424 1957/917/1421 1958/923/1425
f 2043/925/1424 2042/922/1424 1958/923/1425 1965/926/1425
f 2044/927/1426 2043/925/1424 1965/926/1425 1964/920/1423
f 2041/924/1424 2044/927/1426 1964/920/1423 1957/917/1421
f 2046/928/1427 2045/930/1427 1958/923/1425 1959/929/1428
f 2047/931/1429 2046/928/1427 1959/929/1428 1966/932/1430
f 2048/933/1427 2047/931/1429 1966/932/1430 1965/926/1425
f 2045/930/1427 2048/933/1427 1965/926/1425 1958/923/1425
f 2050/934/1431 2049/935/1431 1959/929/1428 1953/904/1410
f 2051/936/1431 2050/934/1431 1953/904/1410 1960/909/1413
f 2052/937/1431 2051/936/1431 1960/909/1413 1966/932/1430
f 2049/935/1431 2052/937/1431 1966/932/1430 1959/929/1428
f 2054/938/1432 2053/941/1432 1967/940/1433 1968/939/1434
f 2055/942/1435 2054/938/1432 1968/939/1434 1999/943/1436
f 2056/944/1432 2055/942/1435 1999/943/1436 1998/945/1437
f 2053/941/1432 2056/944/1432 1998/945/1437 1967/940/1433
f 2058/946/1438 2057/947/1438 1968/939/1434 1969/850/1360
f 2059/948/1438 2058/946/1438 1969/850/1360 2000/851/1359
f 2060/949/1438 2059/948/1438 2000/851/1359 1999/943/1436
f 2057/947/1438 2060/949/1438 1999/943/1436 1968/939/1434
f 2062/950/1439 2061/953/1439 1995/952/1440 1996/951/1441
f 2063/954/1439 2062/950/1439 1996/951/1441 2027/955/1442
f 2064/956/1439 2063/954/1439 2027/955/1442 2026/957/1439
f 2061/953/1439 2064/956/1439 2026/957/1439 1995/952/1440
f 2066/958/1443 2065/960/1444 1996/951/1441 1997/959/1445
f 2067/961/1443 2066/958/1443 1997/959/1445 2028/962/1446
f 2068/963/1443 2067/961/1443 2028/962/1446 2027/955/1442
f 2065/960/1444 2068/963/1443 2027/955/1442 1996/951/1441
f 2070/964/1447 2069/965/1447 1997/959/1445 1967/940/1433
f 2071/966/1447 2070/964/1447 1967/940/1433 1998/945/1437
f 2072/967/1447 2071/966/1447 1998/945/1437 2028/962/1446
f 2069/965/1447 2072/967/1447 2028/962/1446 1997/959/1445
f 2225/968/1448 1970/849/1361 1969/850/1360 2226/969/1449
f 2237/970/1450 2000/851/1359 2001/848/1358 2238/971/1451
f 2224/972/1452 1971/853/1363 1970/849/1361 2225/968/1448
f 2238/971/1451 2001/848/1358 2002/852/1362 2239/973/1453
f 2223/974/1454 1972/855/1365 1971/853/1363 2224/972/1452
f 2239/973/1453 2002/852/1362 2003/854/1364 2240/975/1455
f 2222/976/1456 1973/857/1367 1972/855/1365 2223/974/1454
f 2240/975/1455 2003/854/1364 2004/856/1366 2241/977/1457
f 2221/978/1458 1974/859/1369 1973/857/1367 2222/976/1456
f 2241/977/1457 2004/856/1366 2005/858/1368 2242/979/1459
f 2220/980/1460 1975/861/1371 1974/859/1369 2221/978/1458
f 2242/979/1459 2005/858/1368 2006/860/1370 2243/981/1461
f 2219/982/1462 1976/863/1373 1975/861/1371 2220/980/1460
f 2243/981/1461 2006/860/1370 2007/862/1372 2244/983/1463
f 2218/984/1464 1977/865/1375 1976/863/1373 2219/982/1462
f 2244/983/1463 2007/862/1372 2008/864/1374 2245/985/1465
f 2217/986/1466 1978/867/1377 1977/865/1375 2218/984/1464
f 2245/985/1465 2008/864/1374 2009/866/1376 2246/987/1467
f 2216/988/1468 1979/869/1379 1978/867/1377 2217/986/1466
f 2246/987/1467 2009/866/1376 2010/868/1378 2247/989/1469
f 2215/990/1470 1980/871/1381 1979/869/1379 2216/988/1468
f 2247/989/1469 2010/868/1378 2011/870/1380 2248/991/1471
f 2214/992/1472 1981/873/1383 1980/871/1381 2215/990/1470
f 2248/991/1471 2011/870/1380 2012/872/1382 2249/993/1473
f 2213/994/1474 1982/875/631 1981/873/1383 2214/992/1472
f 2249/993/1473 2012/872/1382 2013/874/1384 2250/995/1475
f 2212/996/1476 1983/877/630 1982/875/631 2213/994/1474
f 2250/995/1475 2013/874/1384 2014/876/629 2251/997/1477
f 2211/998/1478 1984/879/1386 1983/877/630 2212/996/1476
f 2251/997/1477 2014/876/629 2015/878/1385 2252/999/1479
f 2210/1000/1480 1985/881/1388 1984/879/1386 2211/998/1478
f 2252/999/1479 2015/878/1385 2016/880/1387 2253/1001/1481
f 2209/1002/1482 1986/883/1390 1985/881/1388 2210/1000/1480
f 2253/1001/1481 2016/880/1387 2017/882/1389 2254/1003/1483
f 2208/1004/1484 1987/885/1392 1986/883/1390 2209/1002/1482
f 2254/1003/1483 2017/882/1389 2018/884/1391 2255/1005/1485
f 2207/1006/1486 1988/887/1394 1987/885/1392 2208/1004/1484
f 2255/1005/1485 2018/884/1391 2019/886/1393 2256/1007/1487
f 2206/1008/1488 1989/889/1396 1988/887/1394 2207/1006/1486
f 2256/1007/1487 2019/886/1393 2020/888/1395 2257/1009/1489
f 2205/1010/1490 1990/891/1398 1989/889/1396 2206/1008/1488
f 2257/1009/1489 2020/888/1395 2021/890/1397 2258/1011/1491
f 2204/1012/1492 1991/893/1400 1990/891/1398 2205/1010/1490
f 2258/1011/1491 2021/890/1397 2022/892/1399 2259/1013/1493
f 2203/1014/1494 1992/895/1402 1991/893/1400 2204/1012/1492
f 2259/1013/1493 2022/892/1399 2023/894/1401 2260/1015/1495
f 2202/1016/1496 1993/897/1404 1992/895/1402 2203/1014/1494
f 2260/1015/1495 2023/894/1401 2024/896/1403 2261/1017/1497
f 2201/1018/756 1994/899/1406 1993/897/1404 2202/1016/1496
f 2261/1017/1497 2024/896/1403 2025/898/1405 2262/1019/757
f 2200/1020/1498 1955/901/1408 1994/899/1406 2201/1018/756
f 2262/1019/757 2025/898/1405 1962/900/1407 2263/1021/1499
f 2194/1022/1500 1954/903/1411 1953/904/1410 2195/1023/1501
f 2290/1024/1502 2029/905/1409 2030/902/1409 2291/1025/1503
f 2193/1026/1504 1961/907/1412 1954/903/1411 2194/1022/1500
f 2291/1025/1503 2030/902/1409 2031/906/1409 2292/1027/1505
f 2268/1028/1506 1960/909/1413 1961/907/1412 2193/1026/1504
f 2292/1027/1505 2031/906/1409 2032/908/1409 2289/1029/1507
f 2289/1029/1507 2032/908/1409 2029/905/1409 2290/1024/1502
f 2199/1030/1508 1956/911/1416 1955/901/1408 2200/1020/1498
f 2311/1031/1509 2033/912/1415 2034/910/1414 2312/1032/1510
f 2312/1032/1510 2034/910/1414 2035/913/1417 2309/1033/1511
f 2263/1021/1499 1962/900/1407 1963/914/1418 2264/1034/1512
f 2309/1033/1511 2035/913/1417 2036/915/1419 2310/1035/1513
f 2310/1035/1513 2036/915/1419 2033/912/1415 2311/1031/1509
f 2198/1036/1514 1957/917/1421 1956/911/1416 2199/1030/1508
f 2306/1037/1515 2037/918/1420 2038/916/1420 2307/1038/1516
f 2307/1038/1516 2038/916/1420 2039/919/1422 2308/1039/1517
f 2264/1034/1512 1963/914/1418 1964/920/1423 2265/1040/1518
f 2308/1039/1517 2039/919/1422 2040/921/1422 2305/1041/1519
f 2305/1041/1519 2040/921/1422 2037/918/1420 2306/1037/1515
f 2197/1042/1520 1958/923/1425 1957/917/1421 2198/1036/1514
f 2302/1043/1521 2041/924/1424 2042/922/1424 2303/1044/1522
f 2303/1044/1522 2042/922/1424 2043/925/1424 2304/1045/1523
f 2265/1040/1518 1964/920/1423 1965/926/1425 2266/1046/1524
f 2304/1045/1523 2043/925/1424 2044/927/1426 2301/1047/1525
f 2301/1047/1525 2044/927/1426 2041/924/1424 2302/1043/1521
f 2196/1048/1526 1959/929/1428 1958/923/1425 2197/1042/1520
f 2298/1049/1527 2045/930/1427 2046/928/1427 2299/1050/1528
f 2299/1050/1528 2046/928/1427 2047/931/1429 2300/1051/1529
f 2266/1046/1524 1965/926/1425 1966/932/1430 2267/1052/1530
f 2300/1051/1529 2047/931/1429 2048/933/1427 2297/1053/1531
f 2297/1053/1531 2048/933/1427 2045/930/1427 2298/1049/1527
f 2195/1023/1501 1953/904/1410 1959/929/1428 2196/1048/1526
f 2294/1054/1532 2049/935/1431 2050/934/1431 2295/1055/1533
f 2295/1055/1533 2050/934/1431 2051/936/1431 2296/1056/1534
f 2267/1052/1530 1966/932/1430 1960/909/1413 2268/1028/1506
f 2296/1056/1534 2051/936/1431 2052/937/1431 2293/1057/1535
f 2293/1057/1535 2052/937/1431 2049/935/1431 2294/1054/1532
f 2227/1058/1536 1968/939/1434 1967/940/1433 2228/1059/1537
f 2282/1060/1538 2053/941/1432 2054/938/1432 2283/1061/1539
f 2283/1061/1539 2054/938/1432 2055/942/1435 2284/1062/1540
f 2235/1063/1541 1998/945/1437 1999/943/1436 2236/1064/1542
f 2284/1062/1540 2055/942/1435 2056/944/1432 2281/1065/1543
f 2281/1065/1543 2056/944/1432 2053/941/1432 2282/1060/1538
f 2226/969/1449 1969/850/1360 1968/939/1434 2227/1058/1536
f 2286/1066/1544 2057/947/1438 2058/946/1438 2287/1067/1544
f 2287/1067/1544 2058/946/1438 2059/948/1438 2288/1068/1545
f 2236/1064/1542 1999/943/1436 2000/851/1359 2237/970/1450
f 2288/1068/1545 2059/948/1438 2060/949/1438 2285/1069/1546
f 2285/1069/1546 2060/949/1438 2057/947/1438 2286/1066/1544
f 2230/1070/1547 1996/951/1441 1995/952/1440 2231/1071/1548
f 2270/1072/1549 2061/953/1439 2062/950/1439 2271/1073/1550
f 2271/1073/1550 2062/950/1439 2063/954/1439 2272/1074/1551
f 2232/1075/1552 2026/957/1439 2027/955/1442 2233/1076/1553
f 2272/1074/1551 2063/954/1439 2064/956/1439 2269/1077/1554
f 2231/1071/1548 1995/952/1440 2026/957/1439 2232/1075/1552
f 2269/1077/1554 2064/956/1439 2061/953/1439 2270/1072/1549
f 2229/1078/1555 1997/959/1445 1996/951/1441 2230/1070/1547
f 2275/1079/1556 2065/960/1444 2066/958/1443 2276/1080/1557
f 2276/1080/1557 2066/958/1443 2067/961/1443 2273/1081/1558
f 2233/1076/1553 2027/955/1442 2028/962/1446 2234/1082/1559
f 2273/1081/1558 2067/961/1443 2068/963/1443 2274/1083/1560
f 2274/1083/1560 2068/963/1443 2065/960/1444 2275/1079/1556
f 2228/1059/1537 1967/940/1433 1997/959/1445 2229/1078/1555
f 2278/1084/1561 2069/965/1447 2070/964/1447 2279/1085/1562
f 2279/1085/1562 2070/964/1447 2071/966/1447 2280/1086/1563
f 2234/1082/1559 2028/962/1446 1998/945/1437 2235/1063/1541
f 2280/1086/1563 2071/966/1447 2072/967/1447 2277/1087/1564
f 2277/1087/1564 2072/967/1447 2069/965/1447 2278/1084/1561
f 2131/787/1298 2193/1026/1504 2194/1022/1500 2128/785/1294
f 2128/785/1294 2194/1022/1500 2195/1023/1501 2127/784/1295
f 2127/784/1295 2195/1023/1501 2196/1048/1526 2153/810/1320
f 2153/810/1320 2196/1048/1526 2197/1042/1520 2147/804/1314
f 2147/804/1314 2197/1042/1520 2198/1036/1514 2141/798/1308
f 2141/798/1308 2198/1036/1514 2199/1030/1508 2135/792/1302
f 2135/792/1302 2199/1030/1508 2200/1020/1498 2125/781/1293
f 2125/781/1293 2200/1020/1498 2201/1018/756 2123/779/1291
f 2123/779/1291 2201/1018/756 2202/1016/1496 2121/777/1289
f 2121/777/1289 2202/1016/1496 2203/1014/1494 2119/775/1287
f 2119/775/1287 2203/1014/1494 2204/1012/1492 2117/773/1285
f 2117/773/1285 2204/1012/1492 2205/1010/1490 2115/771/1283
f 2115/771/1283 2205/1010/1490 2206/1008/1488 2113/769/1281
f 2113/769/1281 2206/1008/1488 2207/1006/1486 2111/767/1279
f 2111/767/1279 2207/1006/1486 2208/1004/1484 2109/765/1277
f 2109/765/1277 2208/1004/1484 2209/1002/1482 2107/763/1275
f 2107/763/1275 2209/1002/1482 2210/1000/1480 2105/761/1273
f 2105/761/1273 2210/1000/1480 2211/998/1478 2103/759/1271
f 2103/759/1271 2211/998/1478 2212/996/1476 2101/757/512
f 2101/757/512 2212/996/1476 2213/994/1474 2099/755/513
f 2099/755/513 2213/994/1474 2214/992/1472 2097/753/1268
f 2097/753/1268 2214/992/1472 2215/990/1470 2095/751/1266
f 2095/751/1266 2215/990/1470 2216/988/1468 2093/749/1264
f 2093/749/1264 2216/988/1468 2217/986/1466 2091/747/1262
f 2091/747/1262 2217/986/1466 2218/984/1464 2089/745/1260
f 2089/745/1260 2218/984/1464 2219/982/1462 2087/743/1258
f 2087/743/1258 2219/982/1462 2220/980/1460 2085/741/1256
f 2085/741/1256 2220/980/1460 2221/978/1458 2083/739/1254
f 2083/739/1254 2221/978/1458 2222/976/1456 2081/737/1252
f 2081/737/1252 2222/976/1456 2223/974/1454 2079/735/1250
f 2079/735/1250 2223/974/1454 2224/972/1452 2077/733/1248
f 2077/733/1248 2224/972/1452 2225/968/1448 2074/731/1244
f 2074/731/1244 2225/968/1448 2226/969/1449 2073/730/1245
f 2073/730/1245 2226/969/1449 2227/1058/1536 2164/821/1330
f 2164/821/1330 2227/1058/1536 2228/1059/1537 2163/820/1331
f 2163/820/1331 2228/1059/1537 2229/1078/1555 2183/840/1309
f 2183/840/1309 2229/1078/1555 2230/1070/1547 2176/833/1342
f 2176/833/1342 2230/1070/1547 2231/1071/1548 2175/832/1343
f 2175/832/1343 2231/1071/1548 2232/1075/1552 2181/837/1348
f 2181/837/1348 2232/1075/1552 2233/1076/1553 2179/835/1346
f 2179/835/1346 2233/1076/1553 2234/1082/1559 2186/842/1352
f 2186/842/1352 2234/1082/1559 2235/1063/1541 2169/825/1336
f 2169/825/1336 2235/1063/1541 2236/1064/1542 2167/823/1334
f 2167/823/1334 2236/1064/1542 2237/970/1450 2076/729/1246
f 2076/729/1246 2237/970/1450 2238/971/1451 2075/728/1243
f 2075/728/1243 2238/971/1451 2239/973/1453 2078/732/1247
f 2078/732/1247 2239/973/1453 2240/975/1455 2080/734/1249
f 2080/734/1249 2240/975/1455 2241/977/1457 2082/736/1251
f 2082/736/1251 2241/977/1457 2242/979/1459 2084/738/1253
f 2084/738/1253 2242/979/1459 2243/981/1461 2086/740/1255
f 2086/740/1255 2243/981/1461 2244/983/1463 2088/742/1257
f 2088/742/1257 2244/983/1463 2245/985/1465 2090/744/1259
f 2090/744/1259 2245/985/1465 2246/987/1467 2092/746/1261
f 2092/746/1261 2246/987/1467 2247/989/1469 2094/748/1263
f 2094/748/1263 2247/989/1469 2248/991/1471 2096/750/1265
f 2096/750/1265 2248/991/1471 2249/993/1473 2098/752/1267
f 2098/752/1267 2249/993/1473 2250/995/1475 2100/754/513
f 2100/754/513 2250/995/1475 2251/997/1477 2102/756/1269
f 2102/756/1269 2251/997/1477 2252/999/1479 2104/758/1270
f 2104/758/1270 2252/999/1479 2253/1001/1481 2106/760/1272
f 2106/760/1272 2253/1001/1481 2254/1003/1483 2108/762/1274
f 2108/762/1274 2254/1003/1483 2255/1005/1485 2110/764/1276
f 2110/764/1276 2255/1005/1485 2256/1007/1487 2112/766/1278
f 2112/766/1278 2256/1007/1487 2257/1009/1489 2114/768/1280
f 2114/768/1280 2257/1009/1489 2258/1011/1491 2116/770/1282
f 2116/770/1282 2258/1011/1491 2259/1013/1493 2118/772/1284
f 2118/772/1284 2259/1013/1493 2260/1015/1495 2120/774/1286
f 2120/774/1286 2260/1015/1495 2261/1017/1497 2122/776/1288
f 2122/776/1288 2261/1017/1497 2262/1019/757 2124/778/1290
f 2124/778/1290 2262/1019/757 2263/1021/1499 2126/780/1292
f 2126/780/1292 2263/1021/1499 2264/1034/1512 2138/794/1305
f 2138/794/1305 2264/1034/1512 2265/1040/1518 2144/800/1311
f 2144/800/1311 2265/1040/1518 2266/1046/1524 2150/806/1317
f 2150/806/1317 2266/1046/1524 2267/1052/1530 2156/812/1323
f 2156/812/1323 2267/1052/1530 2268/1028/1506 2133/789/1300
f 2133/789/1300 2268/1028/1506 2193/1026/1504 2131/787/1298
f 2182/836/1347 2269/1077/1554 2270/1072/1549 2178/831/1344
f 2178/831/1344 2270/1072/1549 2271/1073/1550 2177/830/1341
f 2177/830/1341 2271/1073/1550 2272/1074/1551 2180/834/1345
f 2180/834/1345 2272/1074/1551 2269/1077/1554 2182/836/1347
f 2187/841/1351 2273/1081/1558 2274/1083/1560 2188/843/1353
f 2188/843/1353 2274/1083/1560 2275/1079/1556 2185/839/1350
f 2185/839/1350 2275/1079/1556 2276/1080/1557 2184/838/1349
f 2184/838/1349 2276/1080/1557 2273/1081/1558 2187/841/1351
f 2192/847/1357 2277/1087/1564 2278/1084/1561 2190/845/1355
f 2190/845/1355 2278/1084/1561 2279/1085/1562 2189/844/1354
f 2189/844/1354 2279/1085/1562 2280/1086/1563 2191/846/1356
f 2191/846/1356 2280/1086/1563 2277/1087/1564 2192/847/1357
f 2170/824/1335 2281/1065/1543 2282/1060/1538 2166/819/1332
f 2166/819/1332 2282/1060/1538 2283/1061/1539 2165/818/1329
f 2165/818/1329 2283/1061/1539 2284/1062/1540 2168/822/1333
f 2168/822/1333 2284/1062/1540 2281/1065/1543 2170/824/1335
f 2174/829/1340 2285/1069/1546 2286/1066/1544 2172/827/1338
f 2172/827/1338 2286/1066/1544 2287/1067/1544 2171/826/1337
f 2171/826/1337 2287/1067/1544 2288/1068/1545 2173/828/1339
f 2173/828/1339 2288/1068/1545 2285/1069/1546 2174/829/1340
f 2134/788/1299 2289/1029/1507 2290/1024/1502 2130/783/1296
f 2130/783/1296 2290/1024/1502 2291/1025/1503 2129/782/1294
f 2129/782/1294 2291/1025/1503 2292/1027/1505 2132/786/1297
f 2132/786/1297 2292/1027/1505 2289/1029/1507 2134/788/1299
f 2162/817/1328 2293/1057/1535 2294/1054/1532 2160/815/1326
f 2160/815/1326 2294/1054/1532 2295/1055/1533 2159/814/1325
f 2159/814/1325 2295/1055/1533 2296/1056/1534 2161/816/1327
f 2161/816/1327 2296/1056/1534 2293/1057/1535 2162/817/1328
f 2158/813/1324 2297/1053/1531 2298/1049/1527 2155/809/1321
f 2155/809/1321 2298/1049/1527 2299/1050/1528 2154/808/1319
f 2154/808/1319 2299/1050/1528 2300/1051/1529 2157/811/1322
f 2157/811/1322 2300/1051/1529 2297/1053/1531 2158/813/1324
f 2152/807/1318 2301/1047/1525 2302/1043/1521 2149/803/1315
f 2149/803/1315 2302/1043/1521 2303/1044/1522 2148/802/1313
f 2148/802/1313 2303/1044/1522 2304/1045/1523 2151/805/1316
f 2151/805/1316 2304/1045/1523 2301/1047/1525 2152/807/1318
f 2146/801/1312 2305/1041/1519 2306/1037/1515 2143/797/1309
f 2143/797/1309 2306/1037/1515 2307/1038/1516 2142/796/1307
f 2142/796/1307 2307/1038/1516 2308/1039/1517 2145/799/1310
f 2145/799/1310 2308/1039/1517 2305/1041/1519 2146/801/1312
f 2139/793/1304 2309/1033/1511 2310/1035/1513 2140/795/1306
f 2140/795/1306 2310/1035/1513 2311/1031/1509 2137/791/1303
f 2137/791/1303 2311/1031/1509 2312/1032/1510 2136/790/1301
f 2136/790/1301 2312/1032/1510 2309/1033/1511 2139/793/1304
f 2334/1088/1565 2331/1091/827 2330/1090/827 2335/1089/827
f 2340/1092/826 2337/1093/827 2331/1091/827 2334/1088/1565
f 2344/1094/827 2341/1095/827 2337/1093/827 2340/1092/826
f 2335/1089/827 2330/1090/827 2341/1095/827 2344/1094/827
f 2322/1096/828 2314/1099/828 2316/1098/829 2324/1097/829
f 2324/1097/829 2316/1098/829 2320/1101/830 2326/1100/829
f 2326/1100/829 2320/1101/830 2318/1103/829 2328/1102/828
f 2328/1102/828 2318/1103/829 2314/1099/828 2322/1096/828
f 2332/1104/1566 2315/1107/1567 2313/1106/1568 2329/1105/1569
f 2336/1108/1570 2321/1111/1571 2323/1110/1572 2333/1109/1573
f 2338/1112/840 2319/1113/1574 2315/1107/1567 2332/1104/1566
f 2333/1109/1573 2323/1110/1572 2325/1115/1575 2339/1114/841
f 2342/1116/82 2317/1117/964 2319/1113/1574 2338/1112/840
f 2339/1114/841 2325/1115/1575 2327/1119/304 2343/1118/80
f 2329/1105/1569 2313/1106/1568 2317/1117/964 2342/1116/82
f 2343/1118/80 2327/1119/304 2321/1111/1571 2336/1108/1570
f 2317/1117/964 2313/1106/1568 2314/1099/828 2318/1103/829
f 2316/1098/829 2314/1099/828 2313/1106/1568 2315/1107/1567
f 2320/1101/830 2316/1098/829 2315/1107/1567 2319/1113/1574
f 2319/1113/1574 2317/1117/964 2318/1103/829 2320/1101/830
f 2323/1110/1572 2321/1111/1571 2322/1096/828 2324/1097/829
f 2328/1102/828 2322/1096/828 2321/1111/1571 2327/1119/304
f 2325/1115/1575 2323/1110/1572 2324/1097/829 2326/1100/829
f 2327/1119/304 2325/1115/1575 2326/1100/829 2328/1102/828
f 2341/1095/827 2330/1090/827 2329/1105/1569 2342/1116/82
f 2332/1104/1566 2329/1105/1569 2330/1090/827 2331/1091/827
f 2338/1112/840 2332/1104/1566 2331/1091/827 2337/1093/827
f 2340/1092/826 2334/1088/1565 2333/1109/1573 2339/1114/841
f 2336/1108/1570 2333/1109/1573 2334/1088/1565 2335/1089/827
f 2343/1118/80 2336/1108/1570 2335/1089/827 2344/1094/827
f 2342/1116/82 2338/1112/840 2337/1093/827 2341/1095/827
f 2344/1094/827 2340/1092/826 2339/1114/841 2343/1118/80
f 2353/1120/1576 2391/1123/1577 2380/1122/1578 2346/1121/1577
f 2352/1124/1579 2359/1127/1580 2356/1126/1581 2347/1125/1581
f 2371/1128/1582 2376/1131/1583 2351/1130/1584 2348/1129/1582
f 2377/1132/1578 2406/1135/1585 2370/1134/1586 2345/1133/1586
f 2373/1136/1587 2401/1139/1588 2382/1138/1589 2350/1137/1589
f 2383/1140/1590 2388/1143/1591 2358/1142/1591 2349/1141/1592
f 2361/1144/1577 2399/1147/1586 2390/1146/1586 2354/1145/1593
f 2360/1148/1594 2367/1151/1595 2364/1150/1596 2355/1149/1594
f 2385/1152/1592 2396/1155/1589 2366/1154/1590 2357/1153/1589
f 2369/1156/1585 2407/1159/1593 2398/1158/1586 2362/1157/1593
f 2368/1160/1597 2375/1163/1597 2372/1162/1598 2363/1161/1597
f 2393/1164/1599 2404/1167/1588 2374/1166/1600 2365/1165/1601
f 2381/1168/1595 2402/1171/1594 2405/1170/1596 2378/1169/1595
f 2392/1172/1597 2387/1175/1597 2384/1174/1602 2379/1173/1603
f 2389/1176/1604 2400/1179/1584 2395/1178/1605 2386/1177/1582
f 2397/1180/1581 2408/1183/1580 2403/1182/1579 2394/1181/1579
f 2377/1132/1578 2345/1133/1586 2346/1121/1577 2380/1122/1578
f 2353/1120/1576 2346/1121/1577 2347/1125/1581 2356/1126/1581
f 2352/1124/1579 2347/1125/1581 2348/1129/1582 2351/1130/1584
f 2371/1128/1582 2348/1129/1582 2345/1133/1586 2370/1134/1586
f 2383/1140/1590 2349/1141/1592 2350/1137/1589 2382/1138/1589
f 2373/1136/1587 2350/1137/1589 2351/1130/1584 2376/1131/1583
f 2359/1127/1580 2352/1124/1579 2349/1141/1592 2358/1142/1591
f 2391/1123/1577 2353/1120/1576 2354/1145/1593 2390/1146/1586
f 2361/1144/1577 2354/1145/1593 2355/1149/1594 2364/1150/1596
f 2360/1148/1594 2355/1149/1594 2356/1126/1581 2359/1127/1580
f 2385/1152/1592 2357/1153/1589 2358/1142/1591 2388/1143/1591
f 2367/1151/1595 2360/1148/1594 2357/1153/1589 2366/1154/1590
f 2399/1147/1586 2361/1144/1577 2362/1157/1593 2398/1158/1586
f 2369/1156/1585 2362/1157/1593 2363/1161/1597 2372/1162/1598
f 2368/1160/1597 2363/1161/1597 2364/1150/1596 2367/1151/1595
f 2393/1164/1599 2365/1165/1601 2366/1154/1590 2396/1155/1589
f 2375/1163/1597 2368/1160/1597 2365/1165/1601 2374/1166/1600
f 2407/1159/1593 2369/1156/1585 2370/1134/1586 2406/1135/1585
f 2376/1131/1583 2371/1128/1582 2372/1162/1598 2375/1163/1597
f 2401/1139/1588 2373/1136/1587 2374/1166/1600 2404/1167/1588
f 2406/1135/1585 2377/1132/1578 2378/1169/1595 2405/1170/1596
f 2381/1168/1595 2378/1169/1595 2379/1173/1603 2384/1174/1602
f 2392/1172/1597 2379/1173/1603 2380/1122/1578 2391/1123/1577
f 2402/1171/1594 2381/1168/1595 2382/1138/1589 2401/1139/1588
f 2388/1143/1591 2383/1140/1590 2384/1174/1602 2387/1175/1597
f 2396/1155/1589 2385/1152/1592 2386/1177/1582 2395/1178/1605
f 2389/1176/1604 2386/1177/1582 2387/1175/1597 2392/1172/1597
f 2400/1179/1584 2389/1176/1604 2390/1146/1586 2399/1147/1586
f 2404/1167/1588 2393/1164/1599 2394/1181/1579 2403/1182/1579
f 2397/1180/1581 2394/1181/1579 2395/1178/1605 2400/1179/1584
f 2408/1183/1580 2397/1180/1581 2398/1158/1586 2407/1159/1593
f 2405/1170/1596 2402/1171/1594 2403/1182/1579 2408/1183/1580
f 2347/1125/1581 2346/1121/1577 2345/1133/1586 2348/1129/1582
f 2351/1130/1584 2350/1137/1589 2349/1141/1592 2352/1124/1579
f 2355/1149/1594 2354/1145/1593 2353/1120/1576 2356/1126/1581
f 2359/1127/1580 2358/1142/1591 2357/1153/1589 2360/1148/1594
f 2363/1161/1597 2362/1157/1593 2361/1144/1577 2364/1150/1596
f 2367/1151/1595 2366/1154/1590 2365/1165/1601 2368/1160/1597
f 2371/1128/1582 2370/1134/1586 2369/1156/1585 2372/1162/1598
f 2375/1163/1597 2374/1166/1600 2373/1136/1587 2376/1131/1583
f 2379/1173/1603 2378/1169/1595 2377/1132/1578 2380/1122/1578
f 2383/1140/1590 2382/1138/1589 2381/1168/1595 2384/1174/1602
f 2387/1175/1597 2386/1177/1582 2385/1152/1592 2388/1143/1591
f 2391/1123/1577 2390/1146/1586 2389/1176/1604 2392/1172/1597
f 2395/1178/1605 2394/1181/1579 2393/1164/1599 2396/1155/1589
f 2399/1147/1586 2398/1158/1586 2397/1180/1581 2400/1179/1584
f 2403/1182/1579 2402/1171/1594 2401/1139/1588 2404/1167/1588
f 2407/1159/1593 2406/1135/1585 2405/1170/1596 2408/1183/1580
f 30/64/42 31/48/29 113/52/33
f 21/47/28 24/182/80 114/51/32
f 28/54/35 29/57/36 109/7/5
f 25/180/80 3/53/34 112/6/4
f 67/63/41 66/62/40 119/139/59
f 57/124/63 58/123/63 120/138/59
f 1/76/46 27/184/82 129/77/47
f 38/140/69 37/75/46 130/74/45
f 22/187/82 19/83/48 133/82/33
f 40/80/48 39/144/73 134/81/32
f 75/143/72 76/110/59 139/109/59
f 49/43/24 48/50/31 140/108/59
f 292/271/150 196/212/103 197/211/102
f 222/245/136 277/258/141 198/213/104
f 192/207/98 200/216/107 292/271/150
f 195/210/101 277/258/141 220/243/134
f 220/243/134 277/258/141 222/245/136
f 277/258/141 199/214/105 198/213/104
f 277/258/141 224/247/138 199/214/105
f 277/258/141 218/241/132 224/247/138
f 1234/64/885 1317/52/32 1235/48/879
f 1225/47/28 1318/51/33 1228/182/82
f 1232/54/46 1313/7/3 1233/57/881
f 1229/180/82 1316/6/6 1207/53/46
f 1271/63/884 1323/139/59 1270/62/884
f 1261/124/63 1324/138/59 1262/123/892
f 1205/76/34 1333/77/35 1231/184/80
f 1242/140/895 1334/74/35 1241/75/46
f 1226/187/80 1337/82/32 1223/83/48
f 1244/80/48 1338/81/33 1243/144/63
f 1279/143/898 1343/109/59 1280/110/59
f 1253/43/876 1344/108/59 1252/50/880
f 1496/271/954 1405/215/922 1404/216/923
f 1426/245/132 1402/213/138 1481/258/141
f 1396/207/915 1397/208/916 1395/206/914
f 1399/210/918 1424/243/918 1481/258/141
f 1424/243/918 1426/245/132 1481/258/141
f 1481/258/141 1402/213/138 1403/214/921
f 1481/258/141 1403/214/921 1428/247/104
f 1481/258/141 1428/247/104 1422/241/948
