# Blender 5.2.2 LTS
# www.blender.org
mtllib Telesilla.mtl
o SKI+CHAIRLIFT
v -4.799901 153.434540 -17.188202
v -4.799901 154.171509 -18.970806
v -4.799901 155.954117 -19.707785
v -4.799901 157.736725 -18.970806
v -4.799901 158.473694 -17.188202
v -4.799901 157.736725 -15.405598
v -4.799901 155.954117 -14.668620
v -4.799901 154.171509 -15.405598
v -16.547037 153.435257 -17.188202
v -16.529257 154.172028 -18.970806
v -16.486254 155.954117 -19.707785
v -16.443251 157.736206 -18.970806
v -16.425470 158.472961 -17.188202
v -16.443251 157.736206 -15.405598
v -16.486254 155.954117 -14.668620
v -16.529257 154.172028 -15.405598
v -17.843266 153.497131 -17.188202
v -17.772106 154.231522 -18.970806
v -17.599983 156.007904 -19.707785
v -17.427862 157.784271 -18.970806
v -17.356703 158.518677 -17.188202
v -17.427862 157.784271 -15.405598
v -17.599983 156.007904 -14.668620
v -17.772106 154.231522 -15.405598
v -19.166433 153.690262 -17.188202
v -19.024925 154.414383 -18.970806
v -18.682642 156.165924 -19.707785
v -18.340359 157.917450 -18.970806
v -18.198849 158.641586 -17.188202
v -18.340359 157.917450 -15.405599
v -18.682642 156.165924 -14.668620
v -19.024925 154.414383 -15.405598
v -20.447338 154.005127 -17.188202
v -20.237295 154.712418 -18.970806
v -19.729237 156.423187 -19.707785
v -19.221180 158.133972 -18.970806
v -19.011135 158.841263 -17.188202
v -19.221180 158.133972 -15.405599
v -19.729237 156.423187 -14.668620
v -20.237295 154.712418 -15.405598
v -21.678545 154.435547 -17.188202
v -21.402494 155.119766 -18.970806
v -20.734783 156.774734 -19.707785
v -20.067072 158.429688 -18.970806
v -19.791021 159.113907 -17.188202
v -20.067072 158.429688 -15.405599
v -20.734783 156.774734 -14.668620
v -21.402494 155.119766 -15.405598
v -22.853155 154.975174 -17.188202
v -22.514187 155.630478 -18.970806
v -21.694290 157.215546 -19.707785
v -20.874392 158.800583 -18.970806
v -20.535423 159.455902 -17.188202
v -20.874392 158.800583 -15.405599
v -21.694290 157.215546 -14.668620
v -22.514187 155.630478 -15.405598
v -23.964743 155.617661 -17.188202
v -23.566366 156.238632 -18.970806
v -22.602770 157.740631 -19.707785
v -21.639174 159.242630 -18.970806
v -21.240795 159.863602 -17.188202
v -21.639174 159.242630 -15.405599
v -22.602770 157.740631 -14.668620
v -23.566366 156.238632 -15.405598
v -25.007227 156.356781 -17.188202
v -24.553268 156.938354 -18.970806
v -23.455233 158.345016 -19.707785
v -22.357195 159.751694 -18.970806
v -21.903236 160.333267 -17.188202
v -22.357195 159.751694 -15.405599
v -23.455233 158.345016 -14.668621
v -24.553268 156.938354 -15.405598
v -25.974741 157.186462 -17.188202
v -25.469288 157.723862 -18.970806
v -24.246691 159.023727 -19.707785
v -23.024094 160.323593 -18.970806
v -22.518639 160.860992 -17.188202
v -23.024094 160.323593 -15.405599
v -24.246691 159.023727 -14.668621
v -25.469288 157.723862 -15.405598
v -26.861492 158.100769 -17.188202
v -26.308859 158.589523 -18.970806
v -24.972155 159.771744 -19.707785
v -23.635450 160.953949 -18.970806
v -23.082821 161.442703 -17.188202
v -23.635450 160.953949 -15.405599
v -24.972155 159.771744 -14.668621
v -26.308859 158.589523 -15.405599
v -27.661640 159.093918 -17.188202
v -27.066402 159.529800 -18.970806
v -25.626638 160.584091 -19.707785
v -24.186876 161.638382 -18.970806
v -23.591637 162.074249 -17.188202
v -24.186876 161.638382 -15.405599
v -25.626638 160.584091 -14.668621
v -27.066402 159.529800 -15.405599
v -28.369228 160.160095 -17.188202
v -27.736237 160.539093 -18.970806
v -26.205151 161.455780 -19.707785
v -24.674067 162.372467 -18.970806
v -24.041075 162.751450 -17.188202
v -24.674067 162.372467 -15.405599
v -26.205151 161.455780 -14.668621
v -27.736237 160.539093 -15.405599
v -28.978130 161.293381 -17.188202
v -28.312569 161.611755 -18.970806
v -26.702705 162.381821 -19.707785
v -25.092840 163.151886 -18.970806
v -24.427279 163.470245 -17.188202
v -25.092840 163.151886 -15.405599
v -26.702705 162.381821 -14.668621
v -28.312569 161.611755 -15.405599
v -29.482069 162.487595 -17.188202
v -28.789497 162.741959 -18.970806
v -27.114311 163.357224 -19.707785
v -25.439121 163.972488 -18.970806
v -24.746553 164.226852 -17.188204
v -25.439121 163.972488 -15.405599
v -27.114311 163.357224 -14.668621
v -28.789497 162.741959 -15.405599
v -29.874678 163.736160 -17.188202
v -29.161066 163.923615 -18.970806
v -27.434980 164.377014 -19.707787
v -25.708893 164.830414 -18.970808
v -24.995279 165.017853 -17.188204
v -25.708893 164.830414 -15.405599
v -27.434980 164.377014 -14.668621
v -29.161066 163.923615 -15.405599
v -30.143402 165.012360 -17.188204
v -29.416927 165.136322 -18.970808
v -27.659721 165.436188 -19.707787
v -25.902519 165.736038 -18.970808
v -25.176041 165.860001 -17.188204
v -25.902519 165.736038 -15.405599
v -27.659721 165.436188 -14.668621
v -29.416927 165.136322 -15.405599
v -30.263496 165.938766 -17.188204
v -29.529409 166.003983 -18.970808
v -27.753796 166.161713 -19.707787
v -25.978184 166.319443 -18.970808
v -25.244097 166.384659 -17.188204
v -25.978184 166.319443 -15.405599
v -27.753796 166.161713 -14.668621
v -29.529409 166.003983 -15.405599
v -30.326427 167.214661 -17.188204
v -29.589666 167.232437 -18.970808
v -27.807579 167.275436 -19.707787
v -26.025494 167.318436 -18.970808
v -25.288729 167.336227 -17.188204
v -26.025494 167.318436 -15.405599
v -27.807579 167.275436 -14.668621
v -29.589666 167.232437 -15.405599
v -30.326885 198.051270 -17.188206
v -29.589987 198.040359 -18.970810
v -27.807579 198.013962 -19.707788
v -26.025169 197.987564 -18.970810
v -25.288273 197.976654 -17.188206
v -26.025169 197.987564 -15.405602
v -27.807579 198.013962 -14.668624
v -29.589987 198.040359 -15.405602
v -29.958387 210.497757 -17.188206
v -29.222837 210.438675 -18.970810
v -27.443682 210.295776 -19.707788
v -25.664530 210.152847 -18.970810
v -24.928980 210.093765 -17.188206
v -25.664530 210.152847 -15.405602
v -27.443682 210.295776 -14.668625
v -29.222837 210.438675 -15.405602
v -29.401869 214.731720 -17.188206
v -28.675592 214.602066 -18.970810
v -26.918875 214.288467 -19.707788
v -25.162157 213.974869 -18.970810
v -24.435883 213.845215 -17.188206
v -25.162157 213.974869 -15.405602
v -26.918875 214.288467 -14.668625
v -28.675592 214.602066 -15.405602
v -28.660477 218.006882 -17.188208
v -27.949213 217.810944 -18.970812
v -26.228800 217.336960 -19.707790
v -24.508387 216.862976 -18.970812
v -23.797119 216.667007 -17.188208
v -24.508387 216.862976 -15.405602
v -26.228800 217.336960 -14.668625
v -27.949213 217.810944 -15.405602
v -27.619934 221.199631 -17.188208
v -26.929735 220.939026 -18.970812
v -25.260275 220.308716 -19.707790
v -23.590815 219.678391 -18.970812
v -22.900616 219.417801 -17.188208
v -23.590815 219.678391 -15.405602
v -25.260275 220.308716 -14.668625
v -26.929735 220.939026 -15.405602
v -25.939838 225.092651 -17.188208
v -25.274807 224.775070 -18.970812
v -23.666231 224.006851 -19.707790
v -22.057653 223.238632 -18.970812
v -21.392622 222.921021 -17.188208
v -22.057653 223.238632 -15.405603
v -23.666231 224.006851 -14.668626
v -25.274807 224.775070 -15.405603
v -23.315613 230.085785 -17.188208
v -22.670895 229.728760 -18.970812
v -21.111443 228.865173 -19.707790
v -19.551991 228.001572 -18.970812
v -18.907270 227.644531 -17.188208
v -19.551991 228.001572 -15.405603
v -21.111443 228.865173 -14.668626
v -22.670895 229.728760 -15.405603
v -19.859539 236.021301 -17.188208
v -19.224609 235.647125 -18.970812
v -17.688837 234.742111 -19.707790
v -16.153065 233.837082 -18.970812
v -15.518133 233.462906 -17.188208
v -16.153065 233.837082 -15.405604
v -17.688837 234.742111 -14.668627
v -19.224609 235.647125 -15.405604
v -1.472058 266.859131 -17.188211
v -0.839064 266.481689 -18.970816
v 0.692024 265.568756 -19.707794
v 2.223112 264.655792 -18.970814
v 2.856106 264.278381 -17.188210
v 2.223112 264.655792 -15.405606
v 0.692024 265.568756 -14.668629
v -0.839064 266.481689 -15.405606
v -5.879026 143.551407 -12.825895
v 5.879026 143.551407 -12.825895
v 5.879026 143.551407 -21.458002
v -5.879026 143.551407 -21.458002
v -5.879026 143.971344 -12.405964
v 5.879026 143.971344 -12.405964
v 6.298956 143.971344 -12.825895
v 6.298956 143.971344 -21.458002
v 5.879026 143.971344 -21.877934
v -5.879026 143.971344 -21.877934
v -6.298956 143.971344 -21.458002
v -6.298956 143.971344 -12.825895
v -5.879026 161.523895 -12.405966
v 5.879026 161.523895 -12.405966
v 6.298956 161.523895 -12.825897
v 6.298956 161.523895 -21.458002
v 5.879026 161.523895 -21.877934
v -5.879026 161.523895 -21.877934
v -6.298956 161.523895 -21.458002
v -6.298956 161.523895 -12.825897
v -5.879026 161.943832 -12.825897
v 5.879026 161.943832 -12.825897
v 5.879026 161.943832 -21.458002
v -5.879026 161.943832 -21.458002
v 105.051514 -40.624966 -17.143217
v 104.820366 -40.055977 -15.657713
v 104.261253 -38.679707 -15.043565
v 103.702141 -37.303440 -15.657713
v 103.471001 -36.734451 -17.143219
v 103.702141 -37.303440 -18.628721
v 104.261253 -38.679707 -19.242868
v 104.820366 -40.055977 -18.628719
v 122.030876 -33.727104 -17.143219
v 121.413704 -33.314934 -15.657713
v 119.920914 -32.317970 -15.043565
v 118.428123 -31.321012 -15.657714
v 117.810959 -30.908842 -17.143219
v 118.428123 -31.321012 -18.628721
v 119.920914 -32.317970 -19.242870
v 121.413704 -33.314934 -18.628721
v 121.309502 65.361931 -17.143227
v 120.695694 65.341347 -15.657721
v 119.211021 65.291557 -15.043572
v 117.726364 65.241768 -15.657721
v 117.112556 65.221191 -17.143227
v 117.726364 65.241768 -18.628729
v 119.211021 65.291557 -19.242878
v 120.695694 65.341347 -18.628729
v 120.834824 73.306206 -17.143227
v 120.223671 73.237808 -15.657722
v 118.745415 73.072365 -15.043573
v 117.267151 72.906921 -15.657722
v 116.655998 72.838524 -17.143227
v 117.267151 72.906921 -18.628729
v 118.745415 73.072365 -19.242878
v 120.223671 73.237808 -18.628729
v 119.214012 83.153206 -17.143227
v 118.613060 83.022797 -15.657722
v 117.159492 82.707367 -15.043574
v 115.705917 82.391930 -15.657722
v 115.104965 82.261528 -17.143227
v 115.705917 82.391930 -18.628729
v 117.159492 82.707367 -19.242878
v 118.613060 83.022797 -18.628729
v 116.143913 94.499886 -17.143229
v 115.558487 94.312103 -15.657722
v 114.142464 93.857903 -15.043574
v 112.726440 93.403709 -15.657722
v 112.141014 93.215927 -17.143229
v 112.726440 93.403709 -18.628731
v 114.142464 93.857903 -19.242880
v 115.558487 94.312103 -18.628731
v 111.613258 106.658508 -17.143229
v 111.047745 106.418983 -15.657723
v 109.679886 105.839592 -15.043575
v 108.312027 105.260208 -15.657723
v 107.746506 105.020676 -17.143229
v 108.312027 105.260208 -18.628731
v 109.679886 105.839592 -19.242880
v 111.047745 106.418983 -18.628731
v 104.820694 120.911034 -17.143230
v 104.276283 120.626801 -15.657725
v 102.959442 119.939293 -15.043576
v 101.642601 119.251801 -15.657724
v 101.098190 118.967560 -17.143230
v 101.642601 119.251801 -18.628733
v 102.959442 119.939293 -19.242882
v 104.276283 120.626801 -18.628733
v 99.973396 129.427200 -17.143230
v 99.446953 129.110901 -15.657725
v 98.173599 128.345856 -15.043577
v 96.900253 127.580818 -15.657725
v 96.373810 127.264534 -17.143230
v 96.900253 127.580818 -18.628733
v 98.173599 128.345856 -19.242882
v 99.446953 129.110901 -18.628733
v 97.945610 132.630600 -17.143230
v 97.442734 132.276779 -15.657725
v 96.226357 131.420990 -15.043577
v 95.009987 130.565186 -15.657725
v 94.507111 130.211380 -17.143230
v 95.009987 130.565186 -18.628733
v 96.226357 131.420990 -19.242882
v 97.442734 132.276779 -18.628733
v 95.260628 136.077011 -17.143230
v 94.783958 135.689758 -15.657726
v 93.630981 134.753067 -15.043578
v 92.478012 133.816391 -15.657726
v 92.001328 133.429138 -17.143230
v 92.478012 133.816391 -18.628733
v 93.630981 134.753067 -19.242882
v 94.783958 135.689758 -18.628733
v 91.020462 141.083557 -17.143232
v 90.571861 140.662964 -15.657726
v 89.486794 139.645630 -15.043578
v 88.401741 138.628281 -15.657726
v 87.953148 138.207687 -17.143230
v 88.401741 138.628281 -18.628733
v 89.486794 139.645630 -19.242884
v 90.571861 140.662964 -18.628735
v 87.850632 144.139893 -17.143232
v 87.448402 143.674591 -15.657726
v 86.475464 142.549149 -15.043578
v 85.502541 141.423676 -15.657726
v 85.100304 140.958389 -17.143232
v 85.502541 141.423676 -18.628735
v 86.475464 142.549149 -19.242884
v 87.448402 143.674591 -18.628735
v 85.137764 146.238876 -17.143232
v 84.787498 145.733353 -15.657727
v 83.940285 144.510635 -15.043578
v 83.093063 143.287903 -15.657726
v 82.742798 142.782410 -17.143232
v 83.093063 143.287903 -18.628735
v 83.940285 144.510635 -19.242884
v 84.787498 145.733353 -18.628735
v 82.863045 147.644104 -17.143232
v 82.566513 147.105392 -15.657727
v 81.849236 145.802399 -15.043579
v 81.131966 144.499405 -15.657726
v 80.835426 143.960709 -17.143232
v 81.131966 144.499405 -18.628735
v 81.849236 145.802399 -19.242884
v 82.566513 147.105392 -18.628735
v 80.491035 148.798813 -17.143232
v 80.249954 148.233124 -15.657727
v 79.666809 146.864838 -15.043579
v 79.083656 145.496536 -15.657727
v 78.842567 144.930847 -17.143232
v 79.083656 145.496536 -18.628735
v 79.666809 146.864838 -19.242884
v 80.249954 148.233124 -18.628735
v 77.992737 149.718445 -17.143232
v 77.807732 149.132111 -15.657727
v 77.360229 147.713882 -15.043579
v 76.912743 146.295654 -15.657727
v 76.727730 145.709320 -17.143232
v 76.912743 146.295654 -18.628735
v 77.360229 147.713882 -19.242884
v 77.807732 149.132111 -18.628735
v 75.339622 150.420212 -17.143232
v 75.210091 149.819199 -15.657727
v 74.896782 148.365479 -15.043579
v 74.583473 146.911758 -15.657727
v 74.453941 146.310745 -17.143232
v 74.583473 146.911758 -18.628735
v 74.896782 148.365479 -19.242884
v 75.210091 149.819199 -18.628735
v 71.807655 151.009995 -17.143232
v 71.731400 150.400604 -15.657727
v 71.546959 148.926590 -15.043579
v 71.362518 147.452591 -15.657727
v 71.286263 146.843185 -17.143232
v 71.362518 147.452591 -18.628735
v 71.546959 148.926590 -19.242884
v 71.731400 150.400604 -18.628735
v 67.946136 151.332062 -17.143232
v 67.914177 150.718750 -15.657727
v 67.836876 149.235245 -15.043579
v 67.759575 147.751755 -15.657727
v 67.727615 147.138443 -17.143232
v 67.759575 147.751755 -18.628735
v 67.836876 149.235245 -19.242884
v 67.914177 150.718750 -18.628735
v 63.721626 151.422134 -17.143232
v 63.716053 150.808029 -15.657727
v 63.702568 149.322571 -15.043579
v 63.689087 147.837128 -15.657727
v 63.683517 147.223007 -17.143232
v 63.689087 147.837128 -18.628735
v 63.702568 149.322571 -19.242884
v 63.716053 150.808029 -18.628735
v -64.506630 151.041382 -17.143232
v -64.492615 150.427399 -15.657727
v -64.458725 148.942276 -15.043579
v -64.424835 147.457153 -15.657727
v -64.410828 146.843170 -17.143232
v -64.424835 147.457153 -18.628735
v -64.458725 148.942276 -19.242884
v -64.492615 150.427399 -18.628735
v -70.976562 150.765594 -17.143232
v -70.920090 150.153290 -15.657727
v -70.783516 148.672272 -15.043579
v -70.646935 147.191238 -15.657727
v -70.590477 146.578949 -17.143232
v -70.646935 147.191238 -18.628735
v -70.783516 148.672272 -19.242884
v -70.920090 150.153290 -18.628735
v -75.269180 150.155182 -17.143232
v -75.150101 149.551788 -15.657727
v -74.862091 148.092300 -15.043579
v -74.574074 146.632797 -15.657727
v -74.455002 146.029404 -17.143232
v -74.574074 146.632797 -18.628735
v -74.862091 148.092300 -19.242884
v -75.150101 149.551788 -18.628735
v -78.539261 149.325699 -17.143232
v -78.357239 148.738281 -15.657727
v -77.916954 147.317398 -15.043579
v -77.476677 145.896530 -15.657727
v -77.294647 145.309113 -17.143232
v -77.476677 145.896530 -18.628735
v -77.916954 147.317398 -19.242884
v -78.357239 148.738281 -18.628735
v -81.006187 148.418060 -17.143232
v -80.765404 147.852249 -15.657727
v -80.182999 146.483673 -15.043579
v -79.600594 145.115097 -15.657726
v -79.359810 144.549286 -17.143232
v -79.600594 145.115097 -18.628735
v -80.182999 146.483673 -19.242884
v -80.765404 147.852249 -18.628735
v -83.338776 147.285156 -17.143232
v -83.042931 146.746094 -15.657727
v -82.327370 145.442200 -15.043579
v -81.611801 144.138290 -15.657726
v -81.315964 143.599228 -17.143232
v -81.611801 144.138290 -18.628735
v -82.327370 145.442200 -19.242884
v -83.042931 146.746094 -18.628735
v -85.567619 145.913422 -17.143232
v -85.221313 145.405411 -15.657727
v -84.383682 144.176636 -15.043578
v -83.546043 142.947861 -15.657726
v -83.199738 142.439850 -17.143232
v -83.546043 142.947861 -18.628735
v -84.383682 144.176636 -19.242884
v -85.221313 145.405411 -18.628735
v -87.724556 144.290833 -17.143232
v -87.332901 143.816940 -15.657726
v -86.385551 142.670685 -15.043578
v -85.438225 141.524429 -15.657726
v -85.046562 141.050552 -17.143232
v -85.438225 141.524429 -18.628735
v -86.385551 142.670685 -19.242884
v -87.332901 143.816940 -18.628735
v -90.334885 141.922256 -17.143232
v -89.904228 141.484390 -15.657726
v -88.862564 140.425308 -15.043578
v -87.820908 139.366226 -15.657726
v -87.390251 138.928375 -17.143230
v -87.820908 139.366226 -18.628735
v -88.862564 140.425308 -19.242884
v -89.904228 141.484390 -18.628735
v -92.947258 139.135895 -17.143232
v -92.486694 138.729614 -15.657726
v -91.372704 137.746902 -15.043578
v -90.258713 136.764175 -15.657726
v -89.798149 136.357895 -17.143230
v -90.258713 136.764175 -18.628733
v -91.372704 137.746902 -19.242882
v -92.486694 138.729614 -18.628733
v -95.612755 135.925674 -17.143230
v -95.135643 135.538956 -15.657726
v -93.981628 134.603577 -15.043578
v -92.827599 133.668182 -15.657726
v -92.350494 133.281464 -17.143230
v -92.827599 133.668182 -18.628733
v -93.981628 134.603577 -19.242882
v -95.135643 135.538956 -18.628733
v -98.160652 132.706650 -17.143230
v -97.654037 132.357147 -15.657725
v -96.428642 131.511780 -15.043577
v -95.203255 130.666412 -15.657725
v -94.696640 130.316910 -17.143230
v -95.203255 130.666412 -18.628733
v -96.428642 131.511780 -19.242882
v -97.654037 132.357147 -18.628733
v -104.031349 122.871193 -17.143230
v -103.491440 122.578476 -15.657725
v -102.185516 121.870476 -15.043577
v -100.879585 121.162468 -15.657725
v -100.339676 120.869759 -17.143230
v -100.879585 121.162468 -18.628733
v -102.185516 121.870476 -19.242882
v -103.491440 122.578476 -18.628733
v -111.666542 107.280968 -17.143229
v -111.101776 107.037819 -15.657723
v -109.735733 106.449692 -15.043575
v -108.369682 105.861565 -15.657723
v -107.804916 105.618423 -17.143229
v -108.369682 105.861565 -18.628731
v -109.735733 106.449692 -19.242880
v -111.101776 107.037819 -18.628731
v -117.021591 92.958069 -17.143229
v -116.435448 92.772125 -15.657722
v -115.017662 92.322380 -15.043574
v -113.599876 91.872620 -15.657722
v -113.013733 91.686691 -17.143229
v -113.599876 91.872620 -18.628731
v -115.017662 92.322380 -19.242880
v -116.435448 92.772125 -18.628731
v -120.111221 81.181549 -17.143227
v -119.509850 81.053619 -15.657722
v -118.055260 80.744194 -15.043573
v -116.600655 80.434761 -15.657722
v -115.999290 80.306831 -17.143227
v -116.600655 80.434761 -18.628729
v -118.055260 80.744194 -19.242878
v -119.509850 81.053619 -18.628729
v -121.453262 73.002243 -17.143227
v -120.841927 72.934990 -15.657722
v -119.363258 72.772316 -15.043573
v -117.884583 72.609634 -15.657722
v -117.273262 72.542381 -17.143227
v -117.884583 72.609634 -18.628729
v -119.363258 72.772316 -19.242878
v -120.841927 72.934990 -18.628729
v -122.030876 62.771935 -17.143225
v -121.416878 62.757961 -15.657721
v -119.931755 62.724178 -15.043572
v -118.446648 62.690395 -15.657721
v -117.832657 62.676430 -17.143225
v -118.446648 62.690395 -18.628727
v -119.931755 62.724178 -19.242876
v -121.416878 62.757961 -18.628727
v -120.973694 -33.187355 -17.143219
v -120.363892 -32.789921 -15.657713
v -118.888893 -31.828608 -15.043565
v -117.413910 -30.867294 -15.657714
v -116.804108 -30.469862 -17.143219
v -117.413910 -30.867294 -18.628721
v -118.888893 -31.828608 -19.242870
v -120.363892 -32.789921 -18.628721
v -103.608719 -41.080524 -17.143217
v -103.354584 -40.521423 -15.657713
v -102.739883 -39.169075 -15.043565
v -102.125168 -37.816719 -15.657713
v -101.871033 -37.257622 -17.143219
v -102.125168 -37.816719 -18.628721
v -102.739883 -39.169075 -19.242868
v -103.354584 -40.521423 -18.628719
v 99.291710 -37.459721 -17.311958
v 106.924835 -37.459721 -17.311958
v 99.291710 -42.099709 -17.311956
v 103.108269 -42.099709 -17.311956
v 106.924835 -42.099709 -17.311956
v 99.291710 -41.746513 -19.087603
v 103.108269 -41.746513 -19.087603
v 106.924835 -41.746513 -19.087603
v 99.291710 -40.740688 -20.592922
v 103.108269 -40.740688 -20.592922
v 106.924835 -40.740688 -20.592922
v 99.291710 -39.235371 -21.598743
v 103.108269 -39.235371 -21.598743
v 106.924835 -39.235371 -21.598743
v 99.291710 -37.459721 -21.951944
v 103.108269 -37.459721 -21.951944
v 106.924835 -37.459721 -21.951944
v 99.291710 -35.684078 -21.598745
v 103.108269 -35.684078 -21.598745
v 106.924835 -35.684078 -21.598745
v 99.291710 -34.178757 -20.592924
v 103.108269 -34.178757 -20.592924
v 106.924835 -34.178757 -20.592924
v 99.291710 -33.172935 -19.087605
v 103.108269 -33.172935 -19.087605
v 106.924835 -33.172935 -19.087605
v 99.291710 -32.819736 -17.311958
v 103.108269 -32.819736 -17.311958
v 106.924835 -32.819736 -17.311958
v 99.291710 -33.172935 -15.536312
v 103.108269 -33.172935 -15.536312
v 106.924835 -33.172935 -15.536312
v 99.291710 -34.178757 -14.030993
v 103.108269 -34.178757 -14.030993
v 106.924835 -34.178757 -14.030993
v 99.291710 -35.684078 -13.025169
v 103.108269 -35.684078 -13.025169
v 106.924835 -35.684078 -13.025169
v 99.291710 -37.459721 -12.671971
v 103.108269 -37.459721 -12.671971
v 106.924835 -37.459721 -12.671971
v 99.291710 -39.235371 -13.025169
v 103.108269 -39.235371 -13.025169
v 106.924835 -39.235371 -13.025169
v 99.291710 -40.740688 -14.030993
v 103.108269 -40.740688 -14.030993
v 106.924835 -40.740688 -14.030993
v 99.291710 -41.746513 -15.536312
v 103.108269 -41.746513 -15.536312
v 106.924835 -41.746513 -15.536312
v -106.216644 -38.539726 -17.311956
v -97.556313 -38.539726 -17.311956
v -106.216644 -43.902313 -17.311956
v -101.886475 -43.902313 -17.311956
v -97.556313 -43.902313 -17.311956
v -106.216644 -43.494110 -19.364130
v -101.886475 -43.494110 -19.364130
v -97.556313 -43.494110 -19.364130
v -106.216644 -42.331650 -21.103880
v -101.886475 -42.331650 -21.103880
v -97.556313 -42.331650 -21.103880
v -106.216644 -40.591900 -22.266342
v -101.886475 -40.591900 -22.266342
v -97.556313 -40.591900 -22.266342
v -106.216644 -38.539726 -22.674545
v -101.886475 -38.539726 -22.674545
v -97.556313 -38.539726 -22.674545
v -106.216644 -36.487553 -22.266344
v -101.886475 -36.487553 -22.266344
v -97.556313 -36.487553 -22.266344
v -106.216644 -34.747803 -21.103882
v -101.886475 -34.747803 -21.103882
v -97.556313 -34.747803 -21.103882
v -106.216644 -33.585339 -19.364132
v -101.886475 -33.585339 -19.364132
v -97.556313 -33.585339 -19.364132
v -106.216644 -33.177139 -17.311958
v -101.886475 -33.177139 -17.311958
v -97.556313 -33.177139 -17.311958
v -106.216644 -33.585339 -15.259784
v -101.886475 -33.585339 -15.259784
v -97.556313 -33.585339 -15.259784
v -106.216644 -34.747803 -13.520035
v -101.886475 -34.747803 -13.520035
v -97.556313 -34.747803 -13.520035
v -106.216644 -36.487553 -12.357572
v -101.886475 -36.487553 -12.357572
v -97.556313 -36.487553 -12.357572
v -106.216644 -38.539726 -11.949368
v -101.886475 -38.539726 -11.949368
v -97.556313 -38.539726 -11.949368
v -106.216644 -40.591900 -12.357572
v -101.886475 -40.591900 -12.357572
v -97.556313 -40.591900 -12.357572
v -106.216644 -42.331650 -13.520035
v -101.886475 -42.331650 -13.520035
v -97.556313 -42.331650 -13.520035
v -106.216644 -43.494110 -15.259784
v -101.886475 -43.494110 -15.259784
v -97.556313 -43.494110 -15.259784
v -107.082260 -34.072655 -25.201410
v -107.082260 -30.072599 -23.913996
v -107.082260 -27.230625 -21.084482
v -107.082260 -26.215599 -16.991764
v -107.082260 -25.215487 -12.895587
v -107.082260 -24.225428 -8.807479
v -107.082260 -23.240299 -4.712189
v -107.082260 -22.261160 -0.616011
v -107.082260 -21.287231 3.483919
v -107.082260 -20.319307 7.584732
v -107.082260 -19.358984 11.680698
v -107.082260 -18.403759 15.784185
v -107.082260 -17.456306 19.886021
v -107.082260 -16.516182 23.991112
v -107.082260 -15.584754 28.097355
v -107.082260 -14.662607 32.207188
v -107.082260 -13.752445 36.315075
v -107.082260 -12.853518 40.433289
v -107.082260 -11.971076 44.550003
v -107.082260 -11.108927 48.664719
v -107.082260 -10.269053 52.795063
v -107.082260 -9.463282 56.928024
v -107.082260 -8.707161 61.068668
v -107.082260 -8.035515 65.231461
v -107.082260 -7.586983 69.423645
v -107.082260 -8.732677 73.381210
v -107.082260 -11.673652 76.347343
v -107.082260 -15.514807 78.024147
v -107.082260 -16.524576 74.318657
v -107.082260 -17.255213 70.175011
v -107.082260 -17.987000 66.024826
v -107.082260 -18.718176 61.878147
v -107.082260 -19.450222 57.726494
v -107.082260 -20.181837 53.577301
v -107.082260 -20.912510 49.433449
v -107.082260 -21.644123 45.284267
v -107.082260 -22.375425 41.136848
v -107.082260 -23.106369 36.991470
v -107.082260 -23.838018 32.842091
v -107.082260 -24.569082 28.696011
v -107.082260 -25.300331 24.548899
v -107.082260 -26.031317 20.403267
v -107.082260 -26.762934 16.254068
v -107.082260 -27.494194 12.106897
v -107.082260 -28.224800 7.963427
v -107.082260 -28.957035 3.810702
v -107.082260 -29.686703 -0.327437
v -107.082260 -30.419643 -4.484159
v -107.082260 -31.150862 -8.631097
v -107.082260 -31.881371 -12.774018
v -107.082260 -32.613663 -16.927057
v -107.082260 -33.342075 -21.058084
v 107.082260 -34.072655 -25.201410
v 107.082260 -30.072599 -23.913996
v 107.082260 -27.230625 -21.084482
v 107.082260 -26.215599 -16.991764
v 107.082260 -25.215487 -12.895587
v 107.082260 -24.225428 -8.807479
v 107.082260 -23.240299 -4.712189
v 107.082260 -22.261160 -0.616011
v 107.082260 -21.287231 3.483919
v 107.082260 -20.319307 7.584732
v 107.082260 -19.358984 11.680698
v 107.082260 -18.403759 15.784185
v 107.082260 -17.456306 19.886021
v 107.082260 -16.516182 23.991112
v 107.082260 -15.584754 28.097355
v 107.082260 -14.662607 32.207188
v 107.082260 -13.752445 36.315075
v 107.082260 -12.853518 40.433289
v 107.082260 -11.971076 44.550003
v 107.082260 -11.108927 48.664719
v 107.082260 -10.269053 52.795063
v 107.082260 -9.463282 56.928024
v 107.082260 -8.707161 61.068668
v 107.082260 -8.035515 65.231461
v 107.082260 -7.586983 69.423645
v 107.082260 -8.732677 73.381210
v 107.082260 -11.673652 76.347343
v 107.082260 -15.514807 78.024147
v 107.082260 -16.524576 74.318657
v 107.082260 -17.255213 70.175011
v 107.082260 -17.987000 66.024826
v 107.082260 -18.718176 61.878147
v 107.082260 -19.450222 57.726494
v 107.082260 -20.181837 53.577301
v 107.082260 -20.912510 49.433449
v 107.082260 -21.644123 45.284267
v 107.082260 -22.375425 41.136848
v 107.082260 -23.106369 36.991470
v 107.082260 -23.838018 32.842091
v 107.082260 -24.569082 28.696011
v 107.082260 -25.300331 24.548899
v 107.082260 -26.031317 20.403267
v 107.082260 -26.762934 16.254068
v 107.082260 -27.494194 12.106897
v 107.082260 -28.224800 7.963427
v 107.082260 -28.957035 3.810702
v 107.082260 -29.686703 -0.327437
v 107.082260 -30.419643 -4.484159
v 107.082260 -31.150862 -8.631097
v 107.082260 -31.881371 -12.774018
v 107.082260 -32.613663 -16.927057
v 107.082260 -33.342075 -21.058084
v -107.379204 -33.916096 -25.021814
v -107.502197 -33.538124 -24.588228
v -107.502197 -30.297346 -23.545187
v -107.379204 -30.138426 -23.805975
v -107.502197 -27.609987 -20.869612
v -107.379204 -27.341738 -21.021549
v -107.502197 -26.623363 -16.891420
v -107.379204 -26.335032 -16.962374
v -107.502197 -25.623528 -12.796364
v -107.379204 -25.334999 -12.866526
v -107.502197 -24.633636 -8.708951
v -107.379204 -24.344988 -8.778621
v -107.502197 -23.648653 -4.614268
v -107.379204 -23.359903 -4.683509
v -107.502197 -22.669655 -0.518670
v -107.379204 -22.380804 -0.587501
v -107.502197 -21.695862 3.580678
v -107.379204 -21.406918 3.512259
v -107.502197 -20.728079 7.680892
v -107.379204 -20.439034 7.612896
v -107.502197 -19.767904 11.776230
v -107.379204 -19.478754 11.708679
v -107.502197 -18.812836 15.879043
v -107.379204 -18.523573 15.811968
v -107.502197 -17.865551 19.980146
v -107.379204 -17.576172 19.913589
v -107.502197 -16.925613 24.084431
v -107.379204 -16.636103 24.018444
v -107.502197 -15.994390 28.189770
v -107.379204 -15.704734 28.124424
v -107.502197 -15.072474 32.298576
v -107.379204 -14.782654 32.233952
v -107.502197 -14.162576 36.405270
v -107.379204 -13.872570 36.341492
v -107.502197 -13.263954 40.522076
v -107.379204 -12.973732 40.459293
v -107.502197 -12.381883 44.637070
v -107.379204 -12.091398 44.575504
v -107.502197 -11.520188 48.749615
v -107.379204 -11.229383 48.689583
v -107.502197 -10.680900 52.877079
v -107.379204 -10.389680 52.819080
v -107.502197 -9.875931 57.005924
v -107.379204 -9.584144 56.950844
v -107.502197 -9.121039 61.139839
v -107.379204 -8.828383 61.089516
v -107.502197 -8.451869 65.287277
v -107.379204 -8.157462 65.247803
v -107.502197 -8.013317 69.386200
v -107.379204 -7.711853 69.412674
v -107.502197 -9.106270 73.161583
v -107.379204 -8.842100 73.316887
v -107.502197 -11.915285 75.994629
v -107.379204 -11.744425 76.244034
v -107.502197 -15.237422 77.444862
v -107.379204 -15.433562 77.854477
v -107.502197 -16.114365 74.226799
v -107.379204 -16.404427 74.291756
v -107.502197 -16.841661 70.102089
v -107.379204 -17.134087 70.153648
v -107.502197 -17.573450 65.951912
v -107.379204 -17.865873 66.003471
v -107.502197 -18.304625 61.805222
v -107.379204 -18.597050 61.856789
v -107.502197 -19.036673 57.653576
v -107.379204 -19.329096 57.705135
v -107.502197 -19.768286 53.504383
v -107.379204 -20.060711 53.555950
v -107.502197 -20.498960 49.360531
v -107.379204 -20.791384 49.412098
v -107.502197 -21.230572 45.211346
v -107.379204 -21.522997 45.262909
v -107.502197 -21.961874 41.063927
v -107.379204 -22.254299 41.115490
v -107.502197 -22.692818 36.918549
v -107.379204 -22.985243 36.970112
v -107.502197 -23.424467 32.769169
v -107.379204 -23.716892 32.820732
v -107.502197 -24.155531 28.623091
v -107.379204 -24.447956 28.674652
v -107.502197 -24.886780 24.475979
v -107.379204 -25.179205 24.527542
v -107.502197 -25.617767 20.330345
v -107.379204 -25.910191 20.381908
v -107.502197 -26.349382 16.181149
v -107.379204 -26.641808 16.232712
v -107.502197 -27.080643 12.033977
v -107.379204 -27.373068 12.085540
v -107.502197 -27.811249 7.890506
v -107.379204 -28.103674 7.942069
v -107.502197 -28.543484 3.737782
v -107.379204 -28.835909 3.789344
v -107.502197 -29.273151 -0.400357
v -107.379204 -29.565577 -0.348795
v -107.502197 -30.006092 -4.557079
v -107.379204 -30.298517 -4.505517
v -107.502197 -30.737310 -8.704018
v -107.379204 -31.029736 -8.652454
v -107.502197 -31.467823 -12.846940
v -107.379204 -31.760244 -12.795378
v -107.502197 -32.200111 -16.999977
v -107.379204 -32.492535 -16.948416
v -107.502197 -32.928524 -21.131004
v -107.379204 -33.220947 -21.079441
v 107.379204 -33.916096 -25.021814
v 107.502197 -33.538124 -24.588228
v 107.502197 -30.297346 -23.545187
v 107.379204 -30.138426 -23.805975
v 107.502197 -27.609987 -20.869612
v 107.379204 -27.341738 -21.021549
v 107.502197 -26.623363 -16.891420
v 107.379204 -26.335032 -16.962374
v 107.502197 -25.623528 -12.796364
v 107.379204 -25.334999 -12.866526
v 107.502197 -24.633636 -8.708951
v 107.379204 -24.344988 -8.778621
v 107.502197 -23.648653 -4.614268
v 107.379204 -23.359903 -4.683509
v 107.502197 -22.669655 -0.518670
v 107.379204 -22.380804 -0.587501
v 107.502197 -21.695862 3.580678
v 107.379204 -21.406918 3.512259
v 107.502197 -20.728079 7.680892
v 107.379204 -20.439034 7.612896
v 107.502197 -19.767904 11.776230
v 107.379204 -19.478754 11.708679
v 107.502197 -18.812836 15.879043
v 107.379204 -18.523573 15.811968
v 107.502197 -17.865551 19.980146
v 107.379204 -17.576172 19.913589
v 107.502197 -16.925613 24.084431
v 107.379204 -16.636103 24.018444
v 107.502197 -15.994390 28.189770
v 107.379204 -15.704734 28.124424
v 107.502197 -15.072474 32.298576
v 107.379204 -14.782654 32.233952
v 107.502197 -14.162576 36.405270
v 107.379204 -13.872570 36.341492
v 107.502197 -13.263954 40.522076
v 107.379204 -12.973732 40.459293
v 107.502197 -12.381883 44.637070
v 107.379204 -12.091398 44.575504
v 107.502197 -11.520188 48.749615
v 107.379204 -11.229383 48.689583
v 107.502197 -10.680900 52.877079
v 107.379204 -10.389680 52.819080
v 107.502197 -9.875931 57.005924
v 107.379204 -9.584144 56.950844
v 107.502197 -9.121039 61.139839
v 107.379204 -8.828383 61.089516
v 107.502197 -8.451869 65.287277
v 107.379204 -8.157462 65.247803
v 107.502197 -8.013317 69.386200
v 107.379204 -7.711853 69.412674
v 107.502197 -9.106270 73.161583
v 107.379204 -8.842100 73.316887
v 107.502197 -11.915285 75.994629
v 107.379204 -11.744425 76.244034
v 107.502197 -15.237422 77.444862
v 107.379204 -15.433562 77.854477
v 107.502197 -16.114365 74.226799
v 107.379204 -16.404427 74.291756
v 107.502197 -16.841661 70.102089
v 107.379204 -17.134087 70.153648
v 107.502197 -17.573450 65.951912
v 107.379204 -17.865873 66.003471
v 107.502197 -18.304625 61.805222
v 107.379204 -18.597050 61.856789
v 107.502197 -19.036673 57.653576
v 107.379204 -19.329096 57.705135
v 107.502197 -19.768286 53.504383
v 107.379204 -20.060711 53.555950
v 107.502197 -20.498960 49.360531
v 107.379204 -20.791384 49.412098
v 107.502197 -21.230572 45.211346
v 107.379204 -21.522997 45.262909
v 107.502197 -21.961874 41.063927
v 107.379204 -22.254299 41.115490
v 107.502197 -22.692818 36.918549
v 107.379204 -22.985243 36.970112
v 107.502197 -23.424467 32.769169
v 107.379204 -23.716892 32.820732
v 107.502197 -24.155531 28.623091
v 107.379204 -24.447956 28.674652
v 107.502197 -24.886780 24.475979
v 107.379204 -25.179205 24.527542
v 107.502197 -25.617767 20.330345
v 107.379204 -25.910191 20.381908
v 107.502197 -26.349382 16.181149
v 107.379204 -26.641808 16.232712
v 107.502197 -27.080643 12.033977
v 107.379204 -27.373068 12.085540
v 107.502197 -27.811249 7.890506
v 107.379204 -28.103674 7.942069
v 107.502197 -28.543484 3.737782
v 107.379204 -28.835909 3.789344
v 107.502197 -29.273151 -0.400357
v 107.379204 -29.565577 -0.348795
v 107.502197 -30.006092 -4.557079
v 107.379204 -30.298517 -4.505517
v 107.502197 -30.737310 -8.704018
v 107.379204 -31.029736 -8.652454
v 107.502197 -31.467823 -12.846940
v 107.379204 -31.760244 -12.795378
v 107.502197 -32.200111 -16.999977
v 107.379204 -32.492535 -16.948416
v 107.502197 -32.928524 -21.131004
v 107.379204 -33.220947 -21.079441
v -104.982613 37.646221 -49.325027
v -104.982613 33.883705 -48.028595
v -104.982613 30.109575 -46.728165
v -104.982613 26.334923 -45.427551
v -104.982613 22.562050 -44.127548
v -104.982613 18.788269 -42.827232
v -104.982613 15.014724 -41.527000
v -104.982613 11.241733 -40.226955
v -104.982613 7.469123 -38.927048
v -104.982613 3.697629 -37.627522
v -104.982613 -0.075908 -36.327293
v -104.982613 -3.849564 -35.027023
v -104.982613 -7.626129 -33.725746
v -104.982613 -10.435420 -31.971645
v -104.982613 -8.420904 -28.554764
v -104.982613 -4.806132 -27.699030
v -104.982613 -0.978140 -28.848270
v -104.982613 2.816541 -30.083145
v -104.982613 6.594357 -31.356249
v -104.982613 10.366585 -32.659611
v -104.982613 14.129840 -33.988552
v -104.982613 17.883942 -35.343170
v -104.982613 21.627680 -36.726093
v -104.982613 25.358704 -38.143185
v -104.982613 29.070736 -39.605274
v -104.982613 32.757301 -41.138874
v -104.982613 36.376595 -42.815742
v -104.982613 38.806454 -45.563717
v 104.982613 37.646221 -49.325027
v 104.982613 33.883705 -48.028595
v 104.982613 30.109575 -46.728165
v 104.982613 26.334923 -45.427551
v 104.982613 22.562050 -44.127548
v 104.982613 18.788269 -42.827232
v 104.982613 15.014724 -41.527000
v 104.982613 11.241733 -40.226955
v 104.982613 7.469123 -38.927048
v 104.982613 3.697629 -37.627522
v 104.982613 -0.075908 -36.327293
v 104.982613 -3.849564 -35.027023
v 104.982613 -7.626129 -33.725746
v 104.982613 -10.435420 -31.971645
v 104.982613 -8.420904 -28.554764
v 104.982613 -4.806132 -27.699030
v 104.982613 -0.978140 -28.848270
v 104.982613 2.816541 -30.083145
v 104.982613 6.594357 -31.356249
v 104.982613 10.366585 -32.659611
v 104.982613 14.129840 -33.988552
v 104.982613 17.883942 -35.343170
v 104.982613 21.627680 -36.726093
v 104.982613 25.358704 -38.143185
v 104.982613 29.070736 -39.605274
v 104.982613 32.757301 -41.138874
v 104.982613 36.376595 -42.815742
v 104.982613 38.806454 -45.563717
v -105.279549 38.668571 -45.593456
v -105.402542 38.335682 -45.665253
v -105.402542 36.120262 -43.159794
v -105.279549 36.301517 -42.916512
v -105.402542 32.588322 -41.523399
v -105.279549 32.707806 -41.251499
v -105.402542 28.913132 -39.994530
v -105.279549 29.024576 -39.719288
v -105.402542 25.207199 -38.534840
v -105.279549 25.314327 -38.257900
v -105.402542 21.480371 -37.119343
v -105.279549 21.584534 -36.841274
v -105.402542 17.739920 -35.737633
v -105.279549 17.841759 -35.458702
v -105.402542 13.988657 -34.384041
v -105.279549 14.088488 -34.104389
v -105.402542 10.228101 -33.056049
v -105.279549 10.326024 -32.775723
v -105.402542 6.458734 -31.753679
v -105.279549 6.554634 -31.472654
v -105.402542 2.684511 -30.481787
v -105.279549 2.777870 -30.199905
v -105.402542 -1.103503 -29.249079
v -105.279549 -1.014858 -28.965664
v -105.402542 -4.819001 -28.133614
v -105.279549 -4.809901 -27.826317
v -105.402542 -8.150043 -28.922178
v -105.279549 -8.341571 -28.662376
v -105.402542 -9.865765 -31.832268
v -105.279549 -10.268572 -31.930822
v -105.402542 -7.444205 -33.344273
v -105.279549 -7.572845 -33.614017
v -105.402542 -3.712764 -34.629997
v -105.279549 -3.809496 -34.910736
v -105.402542 0.060892 -35.930271
v -105.279549 -0.035840 -36.211006
v -105.402542 3.834430 -37.230499
v -105.279549 3.737697 -37.511238
v -105.402542 7.605924 -38.530025
v -105.279549 7.509191 -38.810760
v -105.402542 11.378532 -39.829933
v -105.279549 11.281800 -40.110672
v -105.402542 15.151525 -41.129974
v -105.279549 15.054791 -41.410713
v -105.402542 18.925070 -42.430206
v -105.279549 18.828337 -42.710945
v -105.402542 22.698851 -43.730522
v -105.279549 22.602118 -44.011261
v -105.402542 26.471724 -45.030525
v -105.279549 26.374990 -45.311264
v -105.402542 30.246374 -46.331139
v -105.279549 30.149645 -46.611877
v -105.402542 34.020508 -47.631573
v -105.279549 33.923775 -47.912315
v -105.402542 37.372829 -48.786667
v -105.279549 37.566147 -49.167347
v 105.279549 38.668571 -45.593456
v 105.402542 38.335682 -45.665253
v 105.402542 36.120262 -43.159794
v 105.279549 36.301517 -42.916512
v 105.402542 32.588322 -41.523399
v 105.279549 32.707806 -41.251499
v 105.402542 28.913132 -39.994530
v 105.279549 29.024576 -39.719288
v 105.402542 25.207199 -38.534840
v 105.279549 25.314327 -38.257900
v 105.402542 21.480371 -37.119343
v 105.279549 21.584534 -36.841274
v 105.402542 17.739920 -35.737633
v 105.279549 17.841759 -35.458702
v 105.402542 13.988657 -34.384041
v 105.279549 14.088488 -34.104389
v 105.402542 10.228101 -33.056049
v 105.279549 10.326024 -32.775723
v 105.402542 6.458734 -31.753679
v 105.279549 6.554634 -31.472654
v 105.402542 2.684511 -30.481787
v 105.279549 2.777870 -30.199905
v 105.402542 -1.103503 -29.249079
v 105.279549 -1.014858 -28.965664
v 105.402542 -4.819001 -28.133614
v 105.279549 -4.809901 -27.826317
v 105.402542 -8.150043 -28.922178
v 105.279549 -8.341571 -28.662376
v 105.402542 -9.865765 -31.832268
v 105.279549 -10.268572 -31.930822
v 105.402542 -7.444205 -33.344273
v 105.279549 -7.572845 -33.614017
v 105.402542 -3.712764 -34.629997
v 105.279549 -3.809496 -34.910736
v 105.402542 0.060892 -35.930271
v 105.279549 -0.035840 -36.211006
v 105.402542 3.834430 -37.230499
v 105.279549 3.737697 -37.511238
v 105.402542 7.605924 -38.530025
v 105.279549 7.509191 -38.810760
v 105.402542 11.378532 -39.829933
v 105.279549 11.281800 -40.110672
v 105.402542 15.151525 -41.129974
v 105.279549 15.054791 -41.410713
v 105.402542 18.925070 -42.430206
v 105.279549 18.828337 -42.710945
v 105.402542 22.698851 -43.730522
v 105.279549 22.602118 -44.011261
v 105.402542 26.471724 -45.030525
v 105.279549 26.374990 -45.311264
v 105.402542 30.246374 -46.331139
v 105.279549 30.149645 -46.611877
v 105.402542 34.020508 -47.631573
v 105.279549 33.923775 -47.912315
v 105.402542 37.372829 -48.786667
v 105.279549 37.566147 -49.167347
v -105.784019 -15.915109 78.475189
v -105.784019 -17.056255 72.070808
v -105.784019 -18.204939 65.624123
v -105.784019 -19.348175 59.208027
v -105.784019 -20.493708 52.779015
v -105.784019 -21.638538 46.353958
v -105.784019 -22.784069 39.924965
v -105.784019 -23.929543 33.496311
v -105.784019 -25.074858 27.068533
v -105.784019 -26.220018 20.641623
v -105.784019 -27.364897 14.216282
v -105.784019 -28.510511 7.786838
v -105.784019 -29.656603 1.354695
v -105.784019 -30.801193 -5.069015
v -105.784019 -31.947746 -11.503740
v -105.784019 -33.092152 -17.926426
v -105.784019 -34.235058 -24.340693
v -105.784019 -29.276760 -27.145329
v -105.784019 -23.094347 -29.235603
v -105.784019 -16.904266 -31.328474
v -105.784019 -10.721558 -33.418850
v -105.784019 -4.536115 -35.510151
v -105.784019 1.649001 -37.601341
v -105.784019 7.832669 -39.692043
v -105.784019 14.016180 -41.782692
v -105.784019 20.204245 -43.874882
v -105.784019 26.388157 -45.965668
v -105.784019 32.579159 -48.058849
v -105.784019 35.662708 -50.703156
v -105.784019 29.419935 -52.264519
v -105.784019 22.965857 -51.450287
v -105.784019 16.486361 -50.577080
v -105.784019 10.018639 -49.678574
v -105.784019 3.555126 -48.735542
v -105.784019 -2.889918 -47.740505
v -105.784019 -9.334758 -46.681335
v -105.784019 -15.763206 -45.549553
v -105.784019 -22.176825 -44.330551
v -105.784019 -28.571224 -43.005363
v -105.784019 -34.931961 -41.548470
v -105.784019 -41.257771 -39.915653
v -105.784019 -47.510712 -38.041035
v -105.784019 -53.640118 -35.791332
v -105.784019 -59.462421 -32.857109
v -105.784019 -63.857231 -28.204872
v -105.784019 -63.263821 -21.766645
v -105.784019 -62.192036 -15.326102
v -105.784019 -61.104790 -8.887878
v -105.784019 -60.007908 -2.452124
v -105.784019 -58.903728 3.981794
v -105.784019 -57.793175 10.414849
v -105.784019 -56.676697 16.845676
v -105.784019 -55.552723 23.279226
v -105.784019 -54.419651 29.709187
v -105.784019 -53.263874 36.136265
v -105.784019 -50.385799 41.894665
v -105.784019 -46.479061 47.128521
v -105.784019 -42.407085 52.227566
v -105.784019 -38.244949 57.258484
v -105.784019 -34.022797 62.238270
v -105.784019 -29.751743 67.173691
v -105.784019 -25.429142 72.065155
v -105.784019 -21.024708 76.892548
v -101.584717 -15.915109 78.475189
v -101.584717 -17.056255 72.070808
v -101.584717 -18.204939 65.624123
v -101.584717 -19.348175 59.208027
v -101.584717 -20.493708 52.779015
v -101.584717 -21.638538 46.353958
v -101.584717 -22.784069 39.924965
v -101.584717 -23.929543 33.496311
v -101.584717 -25.074858 27.068533
v -101.584717 -26.220018 20.641623
v -101.584717 -27.364897 14.216282
v -101.584717 -28.510511 7.786838
v -101.584717 -29.656603 1.354695
v -101.584717 -30.801193 -5.069015
v -101.584717 -31.947746 -11.503740
v -101.584717 -33.092152 -17.926426
v -101.584717 -34.235058 -24.340693
v -101.584717 -29.276760 -27.145329
v -101.584717 -23.094347 -29.235603
v -101.584717 -16.904266 -31.328474
v -101.584717 -10.721558 -33.418850
v -101.584717 -4.536115 -35.510151
v -101.584717 1.649001 -37.601341
v -101.584717 7.832669 -39.692043
v -101.584717 14.016180 -41.782692
v -101.584717 20.204245 -43.874882
v -101.584717 26.388157 -45.965668
v -101.584717 32.579159 -48.058849
v -101.584717 35.662708 -50.703156
v -101.584717 29.419935 -52.264519
v -101.584717 22.965857 -51.450287
v -101.584717 16.486361 -50.577080
v -101.584717 10.018639 -49.678574
v -101.584717 3.555126 -48.735542
v -101.584717 -2.889918 -47.740505
v -101.584717 -9.334758 -46.681335
v -101.584717 -15.763206 -45.549553
v -101.584717 -22.176825 -44.330551
v -101.584717 -28.571224 -43.005363
v -101.584717 -34.931961 -41.548470
v -101.584717 -41.257771 -39.915653
v -101.584717 -47.510712 -38.041035
v -101.584717 -53.640118 -35.791332
v -101.584717 -59.462421 -32.857109
v -101.584717 -63.857231 -28.204872
v -101.584717 -63.263821 -21.766645
v -101.584717 -62.192036 -15.326102
v -101.584717 -61.104790 -8.887878
v -101.584717 -60.007908 -2.452124
v -101.584717 -58.903728 3.981794
v -101.584717 -57.793175 10.414849
v -101.584717 -56.676697 16.845676
v -101.584717 -55.552723 23.279226
v -101.584717 -54.419651 29.709187
v -101.584717 -53.263874 36.136265
v -101.584717 -50.385799 41.894665
v -101.584717 -46.479061 47.128521
v -101.584717 -42.407085 52.227566
v -101.584717 -38.244949 57.258484
v -101.584717 -34.022797 62.238270
v -101.584717 -29.751743 67.173691
v -101.584717 -25.429142 72.065155
v -101.584717 -21.024708 76.892548
v -36.495499 -15.915109 78.475189
v -36.495499 -17.056255 72.070808
v -36.495499 -18.204939 65.624123
v -36.495499 -19.348175 59.208027
v -36.495499 -20.493708 52.779015
v -36.495499 -21.638538 46.353958
v -36.495499 -22.784069 39.924965
v -36.495499 -23.929543 33.496311
v -36.495499 -25.074858 27.068533
v -36.495499 -26.220018 20.641623
v -36.495499 -27.364897 14.216282
v -36.495499 -28.510511 7.786838
v -36.495499 -29.656603 1.354695
v -36.495499 -30.801193 -5.069015
v -36.495499 -31.947746 -11.503740
v -36.495499 -33.092152 -17.926426
v -36.495499 -34.235058 -24.340693
v -36.495499 -29.276760 -27.145329
v -36.495499 -23.094347 -29.235603
v -36.495499 -16.904266 -31.328474
v -36.495499 -10.721558 -33.418850
v -36.495499 -4.536115 -35.510151
v -36.495499 1.649001 -37.601341
v -36.495499 7.832669 -39.692043
v -36.495499 14.016180 -41.782692
v -36.495499 20.204245 -43.874882
v -36.495499 26.388157 -45.965668
v -36.495499 32.579159 -48.058849
v -36.495499 35.662708 -50.703156
v -36.495499 29.419935 -52.264519
v -36.495499 22.965857 -51.450287
v -36.495499 16.486361 -50.577080
v -36.495499 10.018639 -49.678574
v -36.495499 3.555126 -48.735542
v -36.495499 -2.889918 -47.740505
v -36.495499 -9.334758 -46.681335
v -36.495499 -15.763206 -45.549553
v -36.495499 -22.176825 -44.330551
v -36.495499 -28.571224 -43.005363
v -36.495499 -34.931961 -41.548470
v -36.495499 -41.257771 -39.915653
v -36.495499 -47.510712 -38.041035
v -36.495499 -53.640118 -35.791332
v -36.495499 -59.462421 -32.857109
v -36.495499 -63.857231 -28.204872
v -36.495499 -63.263821 -21.766645
v -36.495499 -62.192036 -15.326102
v -36.495499 -61.104790 -8.887878
v -36.495499 -60.007908 -2.452124
v -36.495499 -58.903728 3.981794
v -36.495499 -57.793175 10.414849
v -36.495499 -56.676697 16.845676
v -36.495499 -55.552723 23.279226
v -36.495499 -54.419651 29.709187
v -36.495499 -53.263874 36.136265
v -36.495499 -50.385799 41.894665
v -36.495499 -46.479061 47.128521
v -36.495499 -42.407085 52.227566
v -36.495499 -38.244949 57.258484
v -36.495499 -34.022797 62.238270
v -36.495499 -29.751743 67.173691
v -36.495499 -25.429142 72.065155
v -36.495499 -21.024708 76.892548
v -32.296192 -15.915109 78.475189
v -32.296192 -17.056255 72.070808
v -32.296192 -18.204939 65.624123
v -32.296192 -19.348175 59.208027
v -32.296192 -20.493708 52.779015
v -32.296192 -21.638538 46.353958
v -32.296192 -22.784069 39.924965
v -32.296192 -23.929543 33.496311
v -32.296192 -25.074858 27.068533
v -32.296192 -26.220018 20.641623
v -32.296192 -27.364897 14.216282
v -32.296192 -28.510511 7.786838
v -32.296192 -29.656603 1.354695
v -32.296192 -30.801193 -5.069015
v -32.296192 -31.947746 -11.503740
v -32.296192 -33.092152 -17.926426
v -32.296192 -34.235058 -24.340693
v -32.296192 -29.276760 -27.145329
v -32.296192 -23.094347 -29.235603
v -32.296192 -16.904266 -31.328474
v -32.296192 -10.721558 -33.418850
v -32.296192 -4.536115 -35.510151
v -32.296192 1.649001 -37.601341
v -32.296192 7.832669 -39.692043
v -32.296192 14.016180 -41.782692
v -32.296192 20.204245 -43.874882
v -32.296192 26.388157 -45.965668
v -32.296192 32.579159 -48.058849
v -32.296192 35.662708 -50.703156
v -32.296192 29.419935 -52.264519
v -32.296192 22.965857 -51.450287
v -32.296192 16.486361 -50.577080
v -32.296192 10.018639 -49.678574
v -32.296192 3.555126 -48.735542
v -32.296192 -2.889918 -47.740505
v -32.296192 -9.334758 -46.681335
v -32.296192 -15.763206 -45.549553
v -32.296192 -22.176825 -44.330551
v -32.296192 -28.571224 -43.005363
v -32.296192 -34.931961 -41.548470
v -32.296192 -41.257771 -39.915653
v -32.296192 -47.510712 -38.041035
v -32.296192 -53.640118 -35.791332
v -32.296192 -59.462421 -32.857109
v -32.296192 -63.857231 -28.204872
v -32.296192 -63.263821 -21.766645
v -32.296192 -62.192036 -15.326102
v -32.296192 -61.104790 -8.887878
v -32.296192 -60.007908 -2.452124
v -32.296192 -58.903728 3.981794
v -32.296192 -57.793175 10.414849
v -32.296192 -56.676697 16.845676
v -32.296192 -55.552723 23.279226
v -32.296192 -54.419651 29.709187
v -32.296192 -53.263874 36.136265
v -32.296192 -50.385799 41.894665
v -32.296192 -46.479061 47.128521
v -32.296192 -42.407085 52.227566
v -32.296192 -38.244949 57.258484
v -32.296192 -34.022797 62.238270
v -32.296192 -29.751743 67.173691
v -32.296192 -25.429142 72.065155
v -32.296192 -21.024708 76.892548
v 32.793026 -15.915109 78.475189
v 32.793026 -17.056255 72.070808
v 32.793026 -18.204939 65.624123
v 32.793026 -19.348175 59.208027
v 32.793026 -20.493708 52.779015
v 32.793026 -21.638538 46.353958
v 32.793026 -22.784069 39.924965
v 32.793026 -23.929543 33.496311
v 32.793026 -25.074858 27.068533
v 32.793026 -26.220018 20.641623
v 32.793026 -27.364897 14.216282
v 32.793026 -28.510511 7.786838
v 32.793026 -29.656603 1.354695
v 32.793026 -30.801193 -5.069015
v 32.793026 -31.947746 -11.503740
v 32.793026 -33.092152 -17.926426
v 32.793026 -34.235058 -24.340693
v 32.793026 -29.276760 -27.145329
v 32.793026 -23.094347 -29.235603
v 32.793026 -16.904266 -31.328474
v 32.793026 -10.721558 -33.418850
v 32.793026 -4.536115 -35.510151
v 32.793026 1.649001 -37.601341
v 32.793026 7.832669 -39.692043
v 32.793026 14.016180 -41.782692
v 32.793026 20.204245 -43.874882
v 32.793026 26.388157 -45.965668
v 32.793026 32.579159 -48.058849
v 32.793026 35.662708 -50.703156
v 32.793026 29.419935 -52.264519
v 32.793026 22.965857 -51.450287
v 32.793026 16.486361 -50.577080
v 32.793026 10.018639 -49.678574
v 32.793026 3.555126 -48.735542
v 32.793026 -2.889918 -47.740505
v 32.793026 -9.334758 -46.681335
v 32.793026 -15.763206 -45.549553
v 32.793026 -22.176825 -44.330551
v 32.793026 -28.571224 -43.005363
v 32.793026 -34.931961 -41.548470
v 32.793026 -41.257771 -39.915653
v 32.793026 -47.510712 -38.041035
v 32.793026 -53.640118 -35.791332
v 32.793026 -59.462421 -32.857109
v 32.793026 -63.857231 -28.204872
v 32.793026 -63.263821 -21.766645
v 32.793026 -62.192036 -15.326102
v 32.793026 -61.104790 -8.887878
v 32.793026 -60.007908 -2.452124
v 32.793026 -58.903728 3.981794
v 32.793026 -57.793175 10.414849
v 32.793026 -56.676697 16.845676
v 32.793026 -55.552723 23.279226
v 32.793026 -54.419651 29.709187
v 32.793026 -53.263874 36.136265
v 32.793026 -50.385799 41.894665
v 32.793026 -46.479061 47.128521
v 32.793026 -42.407085 52.227566
v 32.793026 -38.244949 57.258484
v 32.793026 -34.022797 62.238270
v 32.793026 -29.751743 67.173691
v 32.793026 -25.429142 72.065155
v 32.793026 -21.024708 76.892548
v 36.992329 -15.915109 78.475189
v 36.992329 -17.056255 72.070808
v 36.992329 -18.204939 65.624123
v 36.992329 -19.348175 59.208027
v 36.992329 -20.493708 52.779015
v 36.992329 -21.638538 46.353958
v 36.992329 -22.784069 39.924965
v 36.992329 -23.929543 33.496311
v 36.992329 -25.074858 27.068533
v 36.992329 -26.220018 20.641623
v 36.992329 -27.364897 14.216282
v 36.992329 -28.510511 7.786838
v 36.992329 -29.656603 1.354695
v 36.992329 -30.801193 -5.069015
v 36.992329 -31.947746 -11.503740
v 36.992329 -33.092152 -17.926426
v 36.992329 -34.235058 -24.340693
v 36.992329 -29.276760 -27.145329
v 36.992329 -23.094347 -29.235603
v 36.992329 -16.904266 -31.328474
v 36.992329 -10.721558 -33.418850
v 36.992329 -4.536115 -35.510151
v 36.992329 1.649001 -37.601341
v 36.992329 7.832669 -39.692043
v 36.992329 14.016180 -41.782692
v 36.992329 20.204245 -43.874882
v 36.992329 26.388157 -45.965668
v 36.992329 32.579159 -48.058849
v 36.992329 35.662708 -50.703156
v 36.992329 29.419935 -52.264519
v 36.992329 22.965857 -51.450287
v 36.992329 16.486361 -50.577080
v 36.992329 10.018639 -49.678574
v 36.992329 3.555126 -48.735542
v 36.992329 -2.889918 -47.740505
v 36.992329 -9.334758 -46.681335
v 36.992329 -15.763206 -45.549553
v 36.992329 -22.176825 -44.330551
v 36.992329 -28.571224 -43.005363
v 36.992329 -34.931961 -41.548470
v 36.992329 -41.257771 -39.915653
v 36.992329 -47.510712 -38.041035
v 36.992329 -53.640118 -35.791332
v 36.992329 -59.462421 -32.857109
v 36.992329 -63.857231 -28.204872
v 36.992329 -63.263821 -21.766645
v 36.992329 -62.192036 -15.326102
v 36.992329 -61.104790 -8.887878
v 36.992329 -60.007908 -2.452124
v 36.992329 -58.903728 3.981794
v 36.992329 -57.793175 10.414849
v 36.992329 -56.676697 16.845676
v 36.992329 -55.552723 23.279226
v 36.992329 -54.419651 29.709187
v 36.992329 -53.263874 36.136265
v 36.992329 -50.385799 41.894665
v 36.992329 -46.479061 47.128521
v 36.992329 -42.407085 52.227566
v 36.992329 -38.244949 57.258484
v 36.992329 -34.022797 62.238270
v 36.992329 -29.751743 67.173691
v 36.992329 -25.429142 72.065155
v 36.992329 -21.024708 76.892548
v 102.081551 -15.915109 78.475189
v 102.081551 -17.056255 72.070808
v 102.081551 -18.204939 65.624123
v 102.081551 -19.348175 59.208027
v 102.081551 -20.493708 52.779015
v 102.081551 -21.638538 46.353958
v 102.081551 -22.784069 39.924965
v 102.081551 -23.929543 33.496311
v 102.081551 -25.074858 27.068533
v 102.081551 -26.220018 20.641623
v 102.081551 -27.364897 14.216282
v 102.081551 -28.510511 7.786838
v 102.081551 -29.656603 1.354695
v 102.081551 -30.801193 -5.069015
v 102.081551 -31.947746 -11.503740
v 102.081551 -33.092152 -17.926426
v 102.081551 -34.235058 -24.340693
v 102.081551 -29.276760 -27.145329
v 102.081551 -23.094347 -29.235603
v 102.081551 -16.904266 -31.328474
v 102.081551 -10.721558 -33.418850
v 102.081551 -4.536115 -35.510151
v 102.081551 1.649001 -37.601341
v 102.081551 7.832669 -39.692043
v 102.081551 14.016180 -41.782692
v 102.081551 20.204245 -43.874882
v 102.081551 26.388157 -45.965668
v 102.081551 32.579159 -48.058849
v 102.081551 35.662708 -50.703156
v 102.081551 29.419935 -52.264519
v 102.081551 22.965857 -51.450287
v 102.081551 16.486361 -50.577080
v 102.081551 10.018639 -49.678574
v 102.081551 3.555126 -48.735542
v 102.081551 -2.889918 -47.740505
v 102.081551 -9.334758 -46.681335
v 102.081551 -15.763206 -45.549553
v 102.081551 -22.176825 -44.330551
v 102.081551 -28.571224 -43.005363
v 102.081551 -34.931961 -41.548470
v 102.081551 -41.257771 -39.915653
v 102.081551 -47.510712 -38.041035
v 102.081551 -53.640118 -35.791332
v 102.081551 -59.462421 -32.857109
v 102.081551 -63.857231 -28.204872
v 102.081551 -63.263821 -21.766645
v 102.081551 -62.192036 -15.326102
v 102.081551 -61.104790 -8.887878
v 102.081551 -60.007908 -2.452124
v 102.081551 -58.903728 3.981794
v 102.081551 -57.793175 10.414849
v 102.081551 -56.676697 16.845676
v 102.081551 -55.552723 23.279226
v 102.081551 -54.419651 29.709187
v 102.081551 -53.263874 36.136265
v 102.081551 -50.385799 41.894665
v 102.081551 -46.479061 47.128521
v 102.081551 -42.407085 52.227566
v 102.081551 -38.244949 57.258484
v 102.081551 -34.022797 62.238270
v 102.081551 -29.751743 67.173691
v 102.081551 -25.429142 72.065155
v 102.081551 -21.024708 76.892548
v 106.280853 -15.915109 78.475189
v 106.280853 -17.056255 72.070808
v 106.280853 -18.204939 65.624123
v 106.280853 -19.348175 59.208027
v 106.280853 -20.493708 52.779015
v 106.280853 -21.638538 46.353958
v 106.280853 -22.784069 39.924965
v 106.280853 -23.929543 33.496311
v 106.280853 -25.074858 27.068533
v 106.280853 -26.220018 20.641623
v 106.280853 -27.364897 14.216282
v 106.280853 -28.510511 7.786838
v 106.280853 -29.656603 1.354695
v 106.280853 -30.801193 -5.069015
v 106.280853 -31.947746 -11.503740
v 106.280853 -33.092152 -17.926426
v 106.280853 -34.235058 -24.340693
v 106.280853 -29.276760 -27.145329
v 106.280853 -23.094347 -29.235603
v 106.280853 -16.904266 -31.328474
v 106.280853 -10.721558 -33.418850
v 106.280853 -4.536115 -35.510151
v 106.280853 1.649001 -37.601341
v 106.280853 7.832669 -39.692043
v 106.280853 14.016180 -41.782692
v 106.280853 20.204245 -43.874882
v 106.280853 26.388157 -45.965668
v 106.280853 32.579159 -48.058849
v 106.280853 35.662708 -50.703156
v 106.280853 29.419935 -52.264519
v 106.280853 22.965857 -51.450287
v 106.280853 16.486361 -50.577080
v 106.280853 10.018639 -49.678574
v 106.280853 3.555126 -48.735542
v 106.280853 -2.889918 -47.740505
v 106.280853 -9.334758 -46.681335
v 106.280853 -15.763206 -45.549553
v 106.280853 -22.176825 -44.330551
v 106.280853 -28.571224 -43.005363
v 106.280853 -34.931961 -41.548470
v 106.280853 -41.257771 -39.915653
v 106.280853 -47.510712 -38.041035
v 106.280853 -53.640118 -35.791332
v 106.280853 -59.462421 -32.857109
v 106.280853 -63.857231 -28.204872
v 106.280853 -63.263821 -21.766645
v 106.280853 -62.192036 -15.326102
v 106.280853 -61.104790 -8.887878
v 106.280853 -60.007908 -2.452124
v 106.280853 -58.903728 3.981794
v 106.280853 -57.793175 10.414849
v 106.280853 -56.676697 16.845676
v 106.280853 -55.552723 23.279226
v 106.280853 -54.419651 29.709187
v 106.280853 -53.263874 36.136265
v 106.280853 -50.385799 41.894665
v 106.280853 -46.479061 47.128521
v 106.280853 -42.407085 52.227566
v 106.280853 -38.244949 57.258484
v 106.280853 -34.022797 62.238270
v 106.280853 -29.751743 67.173691
v 106.280853 -25.429142 72.065155
v 106.280853 -21.024708 76.892548
v -47.025917 15.192127 86.823883
v -47.620121 15.197337 87.069489
v -47.865776 15.209935 87.663551
v -47.620121 15.222535 88.257622
v -47.025917 15.227744 88.503227
v -46.431717 15.222535 88.257622
v -46.186058 15.209935 87.663551
v -46.431717 15.197337 87.069489
v -47.025917 -5.319976 87.258911
v -47.620121 -5.273597 87.503647
v -47.865776 -5.161415 88.095604
v -47.620121 -5.049233 88.687561
v -47.025917 -5.002854 88.932281
v -46.431717 -5.049233 88.687561
v -46.186058 -5.161415 88.095604
v -46.431717 -5.273597 87.503647
v -47.025917 -32.162262 97.159882
v -47.620121 -32.077248 97.390358
v -47.865776 -31.871614 97.947845
v -47.620121 -31.665979 98.505333
v -47.025917 -31.580965 98.735809
v -46.431717 -31.665979 98.505333
v -46.186058 -31.871614 97.947845
v -46.431717 -32.077248 97.390358
v -70.122093 -31.454735 98.274467
v -70.127106 -31.823223 97.383186
v -70.129173 -32.714527 97.014694
v -70.127106 -33.605827 97.383186
v -70.122093 -33.974319 98.274467
v -70.117081 -33.605827 99.165756
v -70.115013 -32.714527 99.534241
v -70.117081 -31.823223 99.165756
v -28.129047 -31.454735 98.038353
v -28.134058 -31.823223 97.147064
v -28.136129 -32.714527 96.778587
v -28.134058 -33.605827 97.147064
v -28.129047 -33.974319 98.038353
v -28.124037 -33.605827 98.929649
v -28.121964 -32.714527 99.298134
v -28.124037 -31.823223 98.929649
v 53.234341 15.192127 86.823883
v 52.640141 15.197337 87.069489
v 52.394482 15.209935 87.663551
v 52.640141 15.222535 88.257622
v 53.234341 15.227744 88.503227
v 53.828545 15.222535 88.257622
v 54.074203 15.209935 87.663551
v 53.828545 15.197337 87.069489
v 53.234341 -5.319976 87.258911
v 52.640141 -5.273597 87.503647
v 52.394482 -5.161415 88.095604
v 52.640141 -5.049233 88.687561
v 53.234341 -5.002854 88.932281
v 53.828545 -5.049233 88.687561
v 54.074203 -5.161415 88.095604
v 53.828545 -5.273597 87.503647
v 53.234341 -32.162262 97.159882
v 52.640141 -32.077248 97.390358
v 52.394482 -31.871614 97.947845
v 52.640141 -31.665979 98.505333
v 53.234341 -31.580965 98.735809
v 53.828545 -31.665979 98.505333
v 54.074203 -31.871614 97.947845
v 53.828545 -32.077248 97.390358
v 30.138168 -31.454735 98.274467
v 30.133158 -31.823223 97.383186
v 30.131084 -32.714527 97.014694
v 30.133158 -33.605827 97.383186
v 30.138168 -33.974319 98.274467
v 30.143179 -33.605827 99.165756
v 30.145250 -32.714527 99.534241
v 30.143179 -31.823223 99.165756
v 72.131210 -31.454735 98.038353
v 72.126198 -31.823223 97.147064
v 72.124130 -32.714527 96.778587
v 72.126198 -33.605827 97.147064
v 72.131210 -33.974319 98.038353
v 72.136223 -33.605827 98.929649
v 72.138298 -32.714527 99.298134
v 72.136223 -31.823223 98.929649
v -122.366318 26.930063 -17.311962
v -110.264069 26.930063 -17.311962
v -122.366318 20.360949 -17.311962
v -116.315193 20.360949 -17.311962
v -110.264069 20.360949 -17.311962
v -122.366318 20.860992 -19.825853
v -116.315193 20.860992 -19.825853
v -110.264069 20.860992 -19.825853
v -122.366318 22.284996 -21.957027
v -116.315193 22.284996 -21.957027
v -110.264069 22.284996 -21.957027
v -122.366318 24.416172 -23.381033
v -116.315193 24.416172 -23.381033
v -110.264069 24.416172 -23.381033
v -122.366318 26.930063 -23.881079
v -116.315193 26.930063 -23.881079
v -110.264069 26.930063 -23.881079
v -122.366318 29.443956 -23.381033
v -116.315193 29.443956 -23.381033
v -110.264069 29.443956 -23.381033
v -122.366318 31.575130 -21.957027
v -116.315193 31.575130 -21.957027
v -110.264069 31.575130 -21.957027
v -122.366318 32.999138 -19.825853
v -116.315193 32.999138 -19.825853
v -110.264069 32.999138 -19.825853
v -122.366318 33.499184 -17.311962
v -116.315193 33.499184 -17.311962
v -110.264069 33.499184 -17.311962
v -122.366318 32.999138 -14.798071
v -116.315193 32.999138 -14.798071
v -110.264069 32.999138 -14.798071
v -122.366318 31.575130 -12.666896
v -116.315193 31.575130 -12.666896
v -110.264069 31.575130 -12.666896
v -122.366318 29.443958 -11.242890
v -116.315193 29.443958 -11.242890
v -110.264069 29.443958 -11.242890
v -122.366318 26.930065 -10.742846
v -116.315193 26.930065 -10.742846
v -110.264069 26.930065 -10.742846
v -122.366318 24.416174 -11.242890
v -116.315193 24.416174 -11.242890
v -110.264069 24.416174 -11.242890
v -122.366318 22.284996 -12.666896
v -116.315193 22.284996 -12.666896
v -110.264069 22.284996 -12.666896
v -122.366318 20.860992 -14.798070
v -116.315193 20.860992 -14.798070
v -110.264069 20.860992 -14.798070
v 111.373024 26.930063 -17.311962
v 123.700966 26.930063 -17.311962
v 111.373024 20.360949 -17.311962
v 117.536987 20.360949 -17.311962
v 123.700966 20.360949 -17.311962
v 111.373024 20.860992 -19.825853
v 117.536987 20.860992 -19.825853
v 123.700966 20.860992 -19.825853
v 111.373024 22.284996 -21.957027
v 117.536987 22.284996 -21.957027
v 123.700966 22.284996 -21.957027
v 111.373024 24.416172 -23.381033
v 117.536987 24.416172 -23.381033
v 123.700966 24.416172 -23.381033
v 111.373024 26.930063 -23.881079
v 117.536987 26.930063 -23.881079
v 123.700966 26.930063 -23.881079
v 111.373024 29.443956 -23.381033
v 117.536987 29.443956 -23.381033
v 123.700966 29.443956 -23.381033
v 111.373024 31.575130 -21.957027
v 117.536987 31.575130 -21.957027
v 123.700966 31.575130 -21.957027
v 111.373024 32.999138 -19.825853
v 117.536987 32.999138 -19.825853
v 123.700966 32.999138 -19.825853
v 111.373024 33.499184 -17.311962
v 117.536987 33.499184 -17.311962
v 123.700966 33.499184 -17.311962
v 111.373024 32.999138 -14.798071
v 117.536987 32.999138 -14.798071
v 123.700966 32.999138 -14.798071
v 111.373024 31.575130 -12.666896
v 117.536987 31.575130 -12.666896
v 123.700966 31.575130 -12.666896
v 111.373024 29.443958 -11.242890
v 117.536987 29.443958 -11.242890
v 123.700966 29.443958 -11.242890
v 111.373024 26.930065 -10.742846
v 117.536987 26.930065 -10.742846
v 123.700966 26.930065 -10.742846
v 111.373024 24.416174 -11.242890
v 117.536987 24.416174 -11.242890
v 123.700966 24.416174 -11.242890
v 111.373024 22.284996 -12.666896
v 117.536987 22.284996 -12.666896
v 123.700966 22.284996 -12.666896
v 111.373024 20.860992 -14.798070
v 117.536987 20.860992 -14.798070
v 123.700966 20.860992 -14.798070
v -115.785683 15.922775 70.428329
v -115.182663 17.412794 70.439148
v -113.702164 18.038383 70.414017
v -112.212608 17.435892 70.367744
v -111.587723 15.955422 70.327423
v -112.190735 14.465405 70.316612
v -113.671249 13.839814 70.341743
v -115.160797 14.442307 70.388008
v -115.698997 15.889688 72.233398
v -115.096573 17.379976 72.203728
v -113.620262 18.006353 72.072556
v -112.136047 17.404701 71.916885
v -111.514511 15.924634 71.827965
v -112.116936 14.434345 71.857628
v -113.593246 13.807970 71.988800
v -115.077461 14.409621 72.144470
v -115.434784 15.856207 74.040794
v -114.839798 17.347198 73.953156
v -113.383759 17.975292 73.680321
v -111.920761 17.375362 73.382385
v -111.308937 15.896014 73.234047
v -111.903931 14.405022 73.321686
v -113.359970 13.776931 73.594521
v -114.822968 14.376859 73.892456
v -115.004288 15.823834 75.789474
v -114.422203 17.315512 75.645187
v -112.999710 17.945265 75.234299
v -111.571228 17.347000 74.797897
v -110.974640 15.868345 74.591881
v -111.556732 14.376670 74.736168
v -112.979210 13.746917 75.147057
v -114.407700 14.345179 75.583458
v -114.415962 15.792761 77.469978
v -113.851974 17.285086 77.270966
v -112.475594 17.916416 76.727081
v -111.094185 17.319731 76.157425
v -110.518028 15.841727 75.896072
v -111.082008 14.349401 76.095085
v -112.458389 13.718071 76.638969
v -113.839806 14.314756 77.208626
v -113.678383 15.763160 79.073296
v -113.137390 17.256094 78.821945
v -111.818886 17.888889 78.151245
v -110.496284 17.293669 77.454681
v -109.945396 15.816269 77.140778
v -110.486389 14.323337 77.392128
v -111.804893 13.690539 78.062828
v -113.127480 14.285761 78.759392
v -112.800125 15.735205 80.590820
v -112.286697 17.228697 80.289879
v -111.037041 17.862829 79.499390
v -109.784187 17.268942 78.683098
v -109.263023 15.792089 78.319763
v -109.776466 14.298599 78.620705
v -111.026115 13.664465 79.411194
v -112.278961 14.258352 80.227478
v -111.789673 15.709060 82.014214
v -111.308090 17.203051 81.666710
v -110.137520 17.838377 80.764099
v -108.964592 17.245676 79.835899
v -108.477318 15.769309 79.426498
v -108.958908 14.275319 79.774002
v -110.129471 13.639992 80.676620
v -111.302391 14.232691 81.604813
v -110.655357 15.684884 83.335342
v -110.209679 17.179312 82.944527
v -109.127808 17.815678 81.937973
v -108.044342 17.224007 80.906174
v -107.594818 15.748055 80.454285
v -108.040497 14.253629 80.845108
v -109.122375 13.617262 81.851662
v -110.205841 14.208934 82.883453
v -109.405380 15.662836 84.546112
v -108.999435 17.157635 84.115433
v -108.015335 17.794872 83.013603
v -107.030327 17.204063 81.886986
v -106.622177 15.728459 81.396355
v -107.028122 14.233661 81.827026
v -108.012222 13.596424 82.928864
v -108.997238 14.187233 84.055481
v -108.047844 15.643078 85.638405
v -107.685295 17.138174 85.171547
v -106.807579 17.776104 83.983589
v -105.929512 17.185978 82.771416
v -105.566170 15.710646 82.245987
v -105.928711 14.215549 82.712837
v -106.806435 13.577617 83.900795
v -107.684494 14.167745 85.112976
v -106.590858 15.625771 86.603981
v -106.275200 17.121086 86.104881
v -105.511978 17.759520 84.840538
v -104.748901 17.169882 83.552628
v -104.433548 15.694739 82.996552
v -104.749214 14.199422 83.495651
v -105.512421 13.560988 84.760002
v -106.275505 14.150625 86.047905
v -105.042633 15.611077 87.434479
v -104.777115 17.106529 86.907356
v -104.136017 17.745260 85.577026
v -103.495377 17.155905 84.223885
v -103.230988 15.680864 83.641579
v -103.496498 14.185410 84.168701
v -104.137596 13.546680 85.499031
v -104.778236 14.136035 86.852173
v -103.411575 15.599167 88.121376
v -103.199203 17.094664 87.570801
v -102.687134 17.733467 86.185677
v -102.175713 17.144169 84.778542
v -101.964928 15.669140 84.174721
v -102.177292 14.173639 84.725304
v -102.689377 13.534838 86.110428
v -103.200798 14.124135 87.517563
v -101.706444 15.590209 88.656113
v -101.549850 17.085651 88.086998
v -101.172783 17.724285 86.659081
v -100.796410 17.134804 85.210014
v -100.641502 15.659682 84.589706
v -100.798103 14.164239 85.158829
v -101.175163 13.525605 86.586739
v -101.551544 14.115086 88.035820
v -99.952797 15.584463 89.024940
v -99.849281 17.079718 88.444092
v -99.600365 17.717857 86.989876
v -99.352058 17.127867 85.515373
v -99.250015 15.652520 84.885422
v -99.353531 14.157267 85.466286
v -99.602455 13.519127 86.920486
v -99.850761 14.109116 88.394997
v -98.708076 15.582308 89.185143
v -98.653870 17.077415 88.597252
v -98.523674 17.715172 87.127487
v -98.393845 17.124792 85.638023
v -98.340561 15.649273 85.002495
v -98.394768 14.154166 85.590385
v -98.524963 13.516408 87.060150
v -98.654793 14.106789 88.549606
v -96.919556 15.582048 89.270798
v -96.905220 17.076796 88.679672
v -96.870880 17.713650 87.204163
v -96.836685 17.122355 85.709801
v -96.822693 15.646442 85.073097
v -96.837029 14.151695 85.664223
v -96.871353 13.514841 87.139732
v -96.905556 14.106137 88.634087
v 98.449242 15.747584 89.053169
v 98.430885 17.191088 88.346169
v 98.392372 17.709658 86.825142
v 98.356300 17.002413 85.382088
v 98.343834 15.480906 84.863663
v 98.362198 14.037403 85.570679
v 98.400703 13.518832 87.091698
v 98.436775 14.226078 88.534752
v 100.252258 15.750418 88.964783
v 100.180984 17.193392 88.259171
v 100.031815 17.710829 86.742798
v 99.892212 17.002508 85.304932
v 99.844101 15.480617 84.789177
v 99.915367 14.037642 85.494789
v 100.064545 13.520205 87.011162
v 100.204140 14.228525 88.449028
v 102.057076 15.756087 88.699646
v 101.915916 17.198400 88.003273
v 101.620834 17.714430 86.507965
v 101.344864 17.004780 85.090622
v 101.249939 15.482417 84.582825
v 101.391113 14.040103 85.279198
v 101.686195 13.524073 86.774498
v 101.962166 14.233724 88.191849
v 103.803093 15.764379 88.268944
v 103.593636 17.205936 87.588379
v 103.156319 17.720354 86.127792
v 102.747574 17.009188 84.743698
v 102.607254 15.486290 84.248184
v 102.816711 14.044732 84.928741
v 103.254028 13.530313 86.389336
v 103.662773 14.241480 87.773430
v 105.480911 15.775162 87.681038
v 105.205482 17.215866 87.022552
v 104.631088 17.728483 85.609604
v 104.094543 17.015619 84.270798
v 103.910667 15.492126 83.791641
v 104.186096 14.051421 84.450127
v 104.760490 13.538803 85.863068
v 105.297035 14.251669 87.201874
v 107.081566 15.788307 86.944412
v 106.743065 17.228071 86.313881
v 106.037918 17.738701 84.960716
v 105.379631 17.023970 83.678467
v 105.154434 15.499825 83.219452
v 105.492935 14.060060 83.849991
v 106.198067 13.549430 85.203156
v 106.856369 14.264162 86.485405
v 108.596474 15.803682 86.067589
v 108.198250 17.242418 85.470505
v 107.369576 17.750889 84.188431
v 106.596390 17.034130 82.973228
v 106.332375 15.509280 82.537865
v 106.730598 14.070542 83.134949
v 107.559273 13.562073 84.417023
v 108.332458 14.278831 85.632233
v 110.017380 15.821156 85.058960
v 109.563080 17.258785 84.500488
v 108.618782 17.764931 83.300072
v 107.738190 17.045992 82.161682
v 107.438026 15.520389 81.753227
v 107.892326 14.082758 82.311699
v 108.836624 13.576613 83.512115
v 109.717216 14.295550 84.650497
v 111.336159 15.840598 83.926804
v 110.829750 17.277042 83.411812
v 109.778244 17.780708 82.302971
v 108.798241 17.059450 81.250549
v 108.464783 15.533045 80.872017
v 108.971191 14.096599 81.387009
v 110.022697 13.592934 82.495850
v 111.002693 14.314192 83.548271
v 112.544777 15.861882 82.679268
v 111.990448 17.297070 82.212357
v 110.840683 17.798107 81.204445
v 109.769699 17.074390 80.246613
v 109.405922 15.547141 79.900833
v 109.960251 14.111953 80.367737
v 111.110008 13.610915 81.375648
v 112.180992 14.334631 82.333481
v 113.635155 15.884883 81.324417
v 113.037361 17.318741 80.909973
v 111.798813 17.817009 80.011848
v 110.645767 17.090704 79.156738
v 110.254799 15.562566 78.846352
v 110.852585 14.128707 79.260796
v 112.091141 13.630441 80.158928
v 113.244186 14.356746 81.014030
v 114.599098 15.909475 79.870331
v 113.962631 17.341938 79.512497
v 112.645355 17.837296 78.732506
v 111.419716 17.108276 77.987785
v 111.004860 15.579212 77.715263
v 111.641335 14.146750 78.073097
v 112.958603 13.651391 78.853088
v 114.184258 14.380410 79.597809
v 115.428322 15.935531 78.325165
v 114.758293 17.366529 78.027824
v 113.373062 17.858849 77.373756
v 112.084892 17.126997 76.746536
v 111.649673 15.596971 76.514153
v 112.319702 14.165971 76.811493
v 113.704941 13.673651 77.465561
v 114.993095 14.405502 78.092781
v 116.114395 15.962919 76.697296
v 115.416321 17.392395 76.464005
v 113.974678 17.881556 75.942902
v 112.634804 17.146763 75.439613
v 112.182930 15.615735 75.249405
v 112.881004 14.186260 75.482697
v 114.322647 13.697100 76.003799
v 115.662506 14.431892 76.507080
v 116.648804 15.991506 74.995430
v 115.928619 17.419403 74.829262
v 114.442947 17.905294 74.447220
v 113.062950 17.167463 74.073380
v 112.598389 15.635409 73.927048
v 113.318573 14.207513 74.093216
v 114.804245 13.721619 74.475250
v 116.184242 14.459451 74.849091
v 117.017937 16.020876 73.244949
v 116.283844 17.447243 73.142609
v 114.771118 17.929979 72.892494
v 113.366814 17.189215 72.641342
v 112.894936 15.656170 72.536453
v 113.629028 14.229802 72.638794
v 115.141747 13.747065 72.888901
v 116.546051 14.487831 73.140060
v 117.178703 16.041683 72.002617
v 116.436272 17.466757 71.959496
v 114.907532 17.946825 71.831543
v 113.488899 17.203581 71.693832
v 113.012802 15.669703 71.627106
v 113.755226 14.244630 71.670227
v 115.283974 13.764562 71.798187
v 116.702606 14.507806 71.935898
v 117.265793 16.071634 70.216385
v 116.519760 17.495472 70.218445
v 114.985138 17.972923 70.188171
v 113.561836 17.227219 70.143387
v 113.084991 15.692478 70.110306
v 113.831039 14.268641 70.108253
v 115.365646 13.791188 70.138519
v 116.788956 14.536893 70.183304
v 117.259880 17.038145 -4.086029
v 116.471916 18.433397 -3.599342
v 114.923447 18.863064 -3.449468
v 113.522369 18.078373 -3.723181
v 113.090912 16.536345 -4.261065
v 113.878876 15.141090 -4.747751
v 115.427338 14.711426 -4.897625
v 116.828407 15.496114 -4.623913
v 117.253761 60.739521 -60.435112
v 116.437927 61.822300 -59.571461
v 114.881516 62.115589 -59.296696
v 113.497040 61.449928 -59.769978
v 113.097023 60.213200 -60.715698
v 113.912865 59.130417 -61.579353
v 115.469261 58.837132 -61.854115
v 116.853752 59.502789 -61.380833
v 117.166893 61.845390 -61.860394
v 116.352684 62.891418 -60.950260
v 114.801010 63.114662 -60.586880
v 113.421562 62.386711 -60.981369
v 113.023964 61.132011 -61.904366
v 113.838165 60.085983 -62.814499
v 115.389847 59.862743 -63.177883
v 116.769295 60.590691 -62.783390
v 116.902695 62.952335 -63.287113
v 116.098885 63.949982 -62.315495
v 114.568665 64.081139 -61.835125
v 113.209167 63.271412 -62.125702
v 112.818283 61.993221 -63.018845
v 113.622101 60.995575 -63.990463
v 115.152313 60.864410 -64.470840
v 116.511810 61.674145 -64.180267
v 116.472374 64.023239 -64.667473
v 115.686325 64.973648 -63.635834
v 114.191521 65.015091 -63.041477
v 112.864304 64.125771 -63.230942
v 112.483658 62.824844 -64.095200
v 113.269714 61.874439 -65.126839
v 114.764519 61.832993 -65.721191
v 116.091728 62.722305 -65.531723
v 115.884392 65.052338 -65.994003
v 115.123100 65.957130 -64.904427
v 113.676895 65.912155 -64.200310
v 112.393646 64.946266 -64.292526
v 112.026512 63.623558 -65.129128
v 112.787804 62.718769 -66.218704
v 114.234009 62.763741 -66.922813
v 115.517258 63.729630 -66.830605
v 115.147331 66.034119 -67.259590
v 114.417343 66.895317 -66.114670
v 113.032097 66.767929 -65.305931
v 111.803696 65.729126 -65.305580
v 111.453125 64.385780 -66.115997
v 112.183105 63.524578 -67.260918
v 113.568352 63.651974 -68.069656
v 114.796753 64.690773 -68.070007
v 114.269753 66.963318 -68.457413
v 113.577225 67.783241 -67.260132
v 112.264435 67.577988 -66.352623
v 111.101013 66.470375 -66.265007
v 110.769814 65.107674 -67.050880
v 111.462341 64.287758 -68.248161
v 112.775131 64.493004 -69.155663
v 113.938553 65.600616 -69.243286
v 113.260132 67.834854 -69.580917
v 112.610817 68.616035 -68.334526
v 111.381218 68.337875 -67.334633
v 110.292229 67.165932 -67.165504
v 109.982979 65.785240 -67.928581
v 110.632301 65.004059 -69.174965
v 111.861900 65.282219 -70.174866
v 112.950890 66.454163 -70.343987
v 112.126816 68.643745 -70.623642
v 111.526108 69.388901 -69.331657
v 110.389793 69.043121 -68.246185
v 109.384048 67.811607 -68.001678
v 109.099167 66.414352 -68.743805
v 109.699883 65.669205 -70.035789
v 110.836197 66.014984 -71.121269
v 111.841942 67.246498 -71.365776
v 110.877991 69.385063 -71.579216
v 110.331024 70.097069 -70.245346
v 109.297493 69.689247 -69.081497
v 108.383316 68.403183 -68.768066
v 108.125053 66.990868 -69.491188
v 108.672020 66.278862 -70.825058
v 109.705551 66.686684 -71.988907
v 110.619728 67.972755 -72.302338
v 109.521759 70.053825 -72.441208
v 109.033424 70.735748 -71.069397
v 108.111702 70.271797 -69.834785
v 107.296967 68.936447 -69.459259
v 107.067413 67.510651 -70.165390
v 107.555748 66.828728 -71.537201
v 108.477470 67.292686 -72.771805
v 109.292206 68.628029 -73.147339
v 108.066254 70.645012 -73.203110
v 107.641167 71.300110 -71.797577
v 106.839767 70.786293 -70.500305
v 106.131889 69.407280 -70.069908
v 105.932999 67.969635 -70.761177
v 106.358086 67.314537 -72.166710
v 107.159485 67.828354 -73.463989
v 107.867363 69.207375 -73.894379
v 106.519646 71.153503 -73.858315
v 106.162163 71.785278 -72.423576
v 105.489052 71.228302 -71.072296
v 104.894928 69.811592 -70.594757
v 104.728508 68.363853 -71.273407
v 105.085991 67.732086 -72.708145
v 105.759094 68.289062 -74.059425
v 106.353218 69.705765 -74.536972
v 104.890358 71.574112 -74.400101
v 104.604446 72.186325 -72.941032
v 104.066856 71.593384 -71.545044
v 103.592743 70.145386 -71.028618
v 103.460388 68.689392 -71.697052
v 103.746300 68.077179 -73.156120
v 104.283897 68.670120 -74.552109
v 104.758003 70.118111 -75.068535
v 103.187141 71.901581 -74.821686
v 102.976273 72.498306 -73.343536
v 102.580452 71.877121 -71.912819
v 102.231728 70.404694 -71.366394
v 102.134781 68.942413 -72.027138
v 102.345650 68.345688 -73.505287
v 102.741470 68.966873 -74.935997
v 103.090195 70.439308 -75.482437
v 101.435356 72.127556 -75.112282
v 101.295845 72.714394 -73.622299
v 101.034592 72.075577 -72.170555
v 100.804733 70.588097 -71.606216
v 100.741203 69.122192 -72.262695
v 100.880699 68.535347 -73.752686
v 101.141968 69.174156 -75.204430
v 101.371819 70.661636 -75.768768
v 100.192429 72.225716 -75.238258
v 100.119148 72.806625 -73.741234
v 99.982513 72.157318 -72.277115
v 99.862610 70.660942 -71.702332
v 99.829811 69.192947 -72.356415
v 99.903084 68.612045 -73.853439
v 100.039719 69.261353 -75.317551
v 100.159630 70.757721 -75.892342
v 98.405334 72.278366 -75.305168
v 98.385605 72.856415 -73.805382
v 98.349594 72.202705 -72.337303
v 98.318398 70.702950 -71.759666
v 98.310349 69.234589 -72.413696
v 98.330078 68.656540 -73.913490
v 98.366089 69.310249 -75.381569
v 98.397270 70.810005 -75.959206
v -96.961678 72.172043 -75.048492
v -96.938446 72.630150 -73.507874
v -96.898415 71.862831 -72.095955
v -96.865036 70.322243 -71.638367
v -96.857910 68.909981 -72.406075
v -96.881149 68.451881 -73.946693
v -96.921188 69.219200 -75.358612
v -96.954559 70.759789 -75.816200
v -98.760895 72.118469 -74.977829
v -98.669434 72.577400 -73.439323
v -98.514572 71.812302 -72.032051
v -98.387085 70.274033 -71.578911
v -98.361816 68.862831 -72.348259
v -98.453278 68.403900 -73.886765
v -98.608131 69.168999 -75.294044
v -98.735626 70.707260 -75.747185
v -100.560684 71.957512 -74.767487
v -100.379143 72.423424 -73.239113
v -100.072922 71.670921 -71.849983
v -99.821495 70.143486 -71.412361
v -99.772491 68.734978 -72.185501
v -99.954033 68.269058 -73.713875
v -100.260239 69.021561 -75.103004
v -100.511665 70.549004 -75.540627
v -102.301727 71.695908 -74.426285
v -102.032249 72.173973 -72.914742
v -101.578506 71.442711 -71.554962
v -101.206444 69.933151 -71.142014
v -101.134514 68.528671 -71.920662
v -101.403999 68.050598 -73.432198
v -101.857742 68.781860 -74.791977
v -102.229805 70.291420 -75.204933
v -103.974693 71.338760 -73.960823
v -103.620323 71.833878 -72.472473
v -103.024445 71.132042 -71.152679
v -102.536308 69.647034 -70.773056
v -102.442513 68.247810 -71.558815
v -102.796883 67.752693 -73.047157
v -103.392761 68.454529 -74.366959
v -103.880898 69.939537 -74.746582
v -105.570679 70.891243 -73.377815
v -105.135208 71.408020 -71.918655
v -104.403778 70.743279 -70.648796
v -103.805084 69.289047 -70.310593
v -103.690643 67.896233 -71.104942
v -104.126114 67.379456 -72.564110
v -104.857544 68.044197 -73.833969
v -105.456230 69.498421 -74.172165
v -107.081123 70.358513 -72.683975
v -106.568901 70.901260 -71.259583
v -105.709450 70.280762 -70.048950
v -105.006477 68.863129 -69.759720
v -104.872742 67.477760 -70.564026
v -105.384956 66.935013 -71.988411
v -106.244415 67.555511 -73.199051
v -106.947395 68.973145 -73.488281
v -108.497795 69.745705 -71.885941
v -107.913597 70.318443 -70.501572
v -106.934319 69.748856 -69.358833
v -106.133888 68.373222 -69.125580
v -105.982315 66.996262 -69.941093
v -106.566505 66.423523 -71.325462
v -107.545792 66.993103 -72.468208
v -108.346207 68.368752 -72.701447
v -109.812599 69.057838 -70.990257
v -109.161560 69.664368 -69.650833
v -108.071236 69.151962 -68.584129
v -107.180649 67.823364 -68.413437
v -107.012711 66.455711 -69.241302
v -107.663757 65.849182 -70.580727
v -108.754082 66.361588 -71.647430
v -109.644676 67.690186 -71.818115
v -111.017525 68.299896 -70.003365
v -110.305084 68.943794 -68.713547
v -109.113007 68.494461 -67.730553
v -108.139931 67.217667 -67.628609
v -107.957245 65.860123 -68.469887
v -108.669678 65.216225 -69.759705
v -109.861755 65.665565 -70.742699
v -110.834824 66.942360 -70.844643
v -112.104507 67.476776 -68.931641
v -111.336456 68.161453 -67.695862
v -110.052467 67.780762 -66.803841
v -109.005035 66.560257 -66.776482
v -108.809212 65.213600 -67.632156
v -109.577255 64.528923 -68.867935
v -110.861252 64.909615 -69.759964
v -111.908676 66.130112 -69.787323
v -113.065407 66.593399 -67.781464
v -112.247917 67.322067 -66.603920
v -110.882462 67.015282 -65.809715
v -109.769287 65.855286 -65.862434
v -109.562042 64.520203 -66.733429
v -110.379532 63.791538 -67.910980
v -111.744995 64.098320 -68.705177
v -112.858154 65.258316 -68.652458
v -113.891937 65.654739 -66.559288
v -113.031631 66.430405 -65.443893
v -111.595886 66.202415 -64.753899
v -110.426155 65.106834 -64.891792
v -110.209290 63.783970 -65.778923
v -111.069603 63.008305 -66.894325
v -112.505348 63.236294 -67.584320
v -113.675079 64.331871 -67.446426
v -114.575722 64.665894 -65.271736
v -113.679695 65.491295 -64.222069
v -112.185654 65.346527 -63.642040
v -110.969200 64.318893 -63.869717
v -110.744614 63.008785 -64.773720
v -111.640633 62.183388 -65.823387
v -113.134682 62.328148 -66.403412
v -114.351135 63.355793 -66.175735
v -115.108284 63.632160 -63.925663
v -114.184204 64.509659 -62.944820
v -112.644699 64.451935 -62.479763
v -111.392036 63.495251 -62.801167
v -111.161758 62.198364 -63.722618
v -112.085823 61.320862 -64.703468
v -113.625328 61.378590 -65.168526
v -114.877983 62.335270 -64.847122
v -115.476173 62.568718 -62.540855
v -114.534584 63.495693 -61.625423
v -112.967239 63.520473 -61.269451
v -111.692719 62.630978 -61.679684
v -111.459404 61.346508 -62.617554
v -112.400993 60.419533 -63.532986
v -113.968338 60.394756 -63.888958
v -115.242859 61.284245 -63.478729
v -115.636192 61.814621 -61.558857
v -114.684143 62.787594 -60.703972
v -113.100311 62.888947 -60.448807
v -111.812943 62.061726 -60.941017
v -111.577957 60.788654 -61.893902
v -112.530014 59.815685 -62.748779
v -114.113838 59.714329 -63.003948
v -115.401215 60.541557 -62.511734
v -115.722839 60.729008 -60.145023
v -114.766426 61.738911 -59.339245
v -113.176682 61.901676 -59.165745
v -111.885292 61.124363 -59.724323
v -111.650566 59.860397 -60.689304
v -112.606972 58.850494 -61.495083
v -114.196732 58.687729 -61.668583
v -115.488121 59.465042 -61.110004
v -115.708389 17.602911 -3.977092
v -114.716011 18.861126 -3.538833
v -113.119865 19.050474 -3.472880
v -111.855316 18.063051 -3.816816
v -111.665009 16.474892 -4.370002
v -112.657402 15.216678 -4.808260
v -114.253548 15.027329 -4.874214
v -115.518089 16.014751 -4.530277
vn -0.0239 -0.9997 -0.0000
vn -0.0169 -0.7069 -0.7072
vn -0.0000 -0.7071 -0.7071
vn -0.0001 -1.0000 -0.0000
vn -0.0000 -0.0000 -1.0000
vn 0.0172 0.7068 -0.7072
vn -0.0000 0.7072 -0.7071
vn 0.0244 0.9997 -0.0000
vn -0.0001 1.0000 -0.0000
vn 0.0172 0.7068 0.7072
vn -0.0000 0.7072 0.7071
vn -0.0000 -0.0000 1.0000
vn -0.0169 -0.7069 0.7072
vn -0.0000 -0.7071 0.7071
vn -0.0962 -0.9954 -0.0000
vn -0.0680 -0.7034 -0.7075
vn 0.0683 0.7034 -0.7075
vn 0.0968 0.9953 -0.0000
vn 0.0683 0.7034 0.7075
vn -0.0680 -0.7034 0.7075
vn -0.1918 -0.9814 -0.0000
vn -0.1355 -0.6936 -0.7075
vn 0.1355 0.6936 -0.7075
vn 0.1918 0.9814 -0.0000
vn 0.1355 0.6936 0.7075
vn -0.1355 -0.6936 0.7075
vn -0.2847 -0.9586 -0.0000
vn -0.2012 -0.6775 -0.7075
vn 0.2012 0.6774 -0.7075
vn 0.2847 0.9586 -0.0000
vn 0.2012 0.6774 0.7075
vn -0.2012 -0.6775 0.7075
vn -0.3742 -0.9274 -0.0000
vn -0.2644 -0.6554 -0.7075
vn 0.2644 0.6554 -0.7075
vn 0.3742 0.9274 -0.0000
vn 0.2644 0.6554 0.7075
vn -0.2644 -0.6554 0.7075
vn -0.4594 -0.8882 -0.0000
vn -0.3247 -0.6277 -0.7075
vn 0.3247 0.6277 -0.7075
vn 0.4594 0.8882 -0.0000
vn 0.3247 0.6277 0.7075
vn -0.3247 -0.6277 0.7075
vn -0.5400 -0.8417 -0.0000
vn -0.3816 -0.5948 -0.7075
vn 0.3816 0.5948 -0.7075
vn 0.5400 0.8417 -0.0000
vn 0.3816 0.5948 0.7075
vn -0.3816 -0.5948 0.7075
vn -0.6153 -0.7883 -0.0000
vn -0.4349 -0.5571 -0.7075
vn 0.4349 0.5571 -0.7075
vn 0.6153 0.7883 -0.0000
vn 0.4349 0.5571 0.7075
vn -0.4349 -0.5571 0.7075
vn -0.6851 -0.7284 -0.0000
vn -0.4842 -0.5148 -0.7075
vn 0.4842 0.5148 -0.7075
vn 0.6851 0.7284 -0.0000
vn 0.4842 0.5148 0.7075
vn -0.4842 -0.5148 0.7075
vn -0.7491 -0.6625 -0.0000
vn -0.5294 -0.4682 -0.7075
vn 0.5294 0.4682 -0.7075
vn 0.7491 0.6625 -0.0000
vn 0.5294 0.4682 0.7075
vn -0.5294 -0.4682 0.7075
vn -0.8068 -0.5908 -0.0000
vn -0.5702 -0.4175 -0.7075
vn 0.5702 0.4175 -0.7075
vn 0.8068 0.5908 -0.0000
vn 0.5702 0.4175 0.7075
vn -0.5702 -0.4175 0.7075
vn -0.8580 -0.5137 -0.0000
vn -0.6064 -0.3630 -0.7075
vn 0.6063 0.3630 -0.7075
vn 0.8580 0.5137 -0.0000
vn 0.6064 0.3630 0.7075
vn -0.6064 -0.3630 0.7075
vn -0.9021 -0.4315 -0.0000
vn -0.6376 -0.3050 -0.7075
vn 0.6375 0.3050 -0.7075
vn 0.9021 0.4315 -0.0000
vn 0.6375 0.3050 0.7075
vn -0.6376 -0.3050 0.7075
vn -0.9387 -0.3448 -0.0000
vn -0.6634 -0.2436 -0.7075
vn 0.6634 0.2436 -0.7075
vn 0.9387 0.3448 -0.0000
vn 0.6634 0.2436 0.7075
vn -0.6634 -0.2436 0.7075
vn -0.9674 -0.2534 -0.0000
vn -0.6837 -0.1792 -0.7075
vn -0.0000 0.0001 -1.0000
vn 0.6834 0.1801 -0.7075
vn 0.9669 0.2550 -0.0000
vn 0.6834 0.1801 0.7075
vn -0.0000 0.0001 1.0000
vn -0.6837 -0.1792 0.7075
vn -0.9859 -0.1675 -0.0000
vn -0.6970 -0.1185 -0.7072
vn -0.0001 0.0001 -1.0000
vn 0.6968 0.1195 -0.7073
vn 0.9856 0.1692 -0.0000
vn 0.6968 0.1195 0.7072
vn -0.0001 0.0001 1.0000
vn -0.6970 -0.1185 0.7072
vn -0.9960 -0.0889 -0.0000
vn -0.7042 -0.0628 -0.7072
vn -0.0000 -0.0001 -1.0000
vn 0.7042 0.0622 -0.7072
vn 0.9961 0.0879 -0.0000
vn 0.7043 0.0622 0.7072
vn -0.0000 -0.0001 1.0000
vn -0.7042 -0.0628 0.7072
vn -0.9997 -0.0246 -0.0000
vn -0.7069 -0.0173 -0.7071
vn 0.7069 0.0167 -0.7071
vn 0.9997 0.0235 -0.0000
vn 0.7069 0.0167 0.7071
vn -0.7069 -0.0173 0.7071
vn -0.9999 0.0148 -0.0000
vn -0.7070 0.0105 -0.7071
vn 0.7070 -0.0105 -0.7071
vn 0.9999 -0.0148 -0.0000
vn 0.7070 -0.0105 0.7071
vn -0.7070 0.0105 0.7071
vn -0.9968 0.0801 -0.0000
vn -0.7044 0.0566 -0.7075
vn 0.7044 -0.0566 -0.7075
vn 0.9968 -0.0801 -0.0000
vn 0.7044 -0.0566 0.7076
vn -0.7044 0.0566 0.7075
vn -0.9844 0.1757 -0.0000
vn -0.6957 0.1242 -0.7075
vn 0.6957 -0.1242 -0.7075
vn 0.9844 -0.1757 -0.0000
vn 0.6957 -0.1242 0.7075
vn -0.6957 0.1242 0.7075
vn -0.9641 0.2656 -0.0000
vn -0.6813 0.1877 -0.7075
vn 0.6813 -0.1877 -0.7075
vn 0.9641 -0.2656 -0.0000
vn 0.6813 -0.1877 0.7075
vn -0.6813 0.1877 0.7075
vn -0.9355 0.3534 -0.0000
vn -0.6612 0.2498 -0.7074
vn 0.6612 -0.2495 -0.7075
vn 0.9356 -0.3530 -0.0000
vn 0.6613 -0.2495 0.7074
vn -0.6612 0.2498 0.7074
vn -0.9023 0.4310 -0.0000
vn -0.6379 0.3047 -0.7072
vn 0.6380 -0.3046 -0.7073
vn 0.9024 -0.4309 -0.0000
vn 0.6380 -0.3046 0.7073
vn -0.6379 0.3047 0.7072
vn -0.8749 0.4843 -0.0000
vn -0.6186 0.3425 -0.7071
vn 0.6185 -0.3426 -0.7071
vn 0.8747 -0.4846 -0.0000
vn 0.6185 -0.3426 0.7071
vn -0.6186 0.3425 0.7071
vn -0.8616 0.5077 -0.0000
vn -0.6092 0.3590 -0.7071
vn 0.6092 -0.3590 -0.7071
vn 0.8615 -0.5077 -0.0000
vn 0.6092 -0.3590 0.7071
vn -0.0001 -0.0000 1.0000
vn -0.6092 0.3590 0.7071
vn -0.8589 0.5121 -0.0000
vn -0.6073 0.3621 -0.7071
vn 0.6073 -0.3621 -0.7071
vn 0.8589 -0.5121 -0.0000
vn 0.6073 -0.3621 0.7071
vn -0.6073 0.3621 0.7071
vn 1.0000 -0.0000 -0.0000
vn 0.5121 0.8589 -0.0000
vn 0.4765 -0.7388 0.4765
vn 0.4765 -0.4765 0.7388
vn -0.4765 -0.4765 0.7388
vn -0.4765 -0.7388 0.4765
vn 0.4765 0.4765 0.7388
vn 0.4765 0.7388 0.4765
vn -0.4765 0.7388 0.4765
vn -0.4765 0.4765 0.7388
vn 0.7388 -0.4765 0.4765
vn 0.7388 0.4765 0.4765
vn 0.4765 -0.7388 -0.4765
vn 0.7388 -0.4765 -0.4765
vn 0.7388 0.4765 -0.4765
vn 0.4765 0.7388 -0.4765
vn 0.4765 -0.4765 -0.7388
vn 0.4765 0.4765 -0.7388
vn -0.4765 -0.7388 -0.4765
vn -0.4765 -0.4765 -0.7388
vn -0.4765 0.4765 -0.7388
vn -0.4765 0.7388 -0.4765
vn -0.7388 -0.4765 -0.4765
vn -0.7388 0.4765 -0.4765
vn -0.7388 -0.4765 0.4765
vn -1.0000 -0.0000 -0.0000
vn -0.7388 0.4765 0.4765
vn -0.0000 1.0000 -0.0000
vn -0.0000 -1.0000 -0.0000
vn 0.3764 -0.9265 -0.0000
vn 0.5302 -0.3541 0.7704
vn 0.2661 -0.6551 0.7071
vn -0.5302 0.3541 0.7704
vn -0.2661 0.6551 0.7071
vn -0.3764 0.9265 -0.0000
vn -0.5302 0.3541 -0.7704
vn -0.2661 0.6551 -0.7071
vn 0.5302 -0.3541 -0.7704
vn 0.2661 -0.6551 -0.7071
vn 0.9994 0.0335 -0.0000
vn 0.7067 0.0237 0.7072
vn 1.0000 0.0073 -0.0000
vn -0.7066 -0.0237 0.7072
vn -0.9994 -0.0336 -0.0000
vn -1.0000 -0.0073 -0.0000
vn -0.7066 -0.0237 -0.7072
vn 0.7066 0.0237 -0.7072
vn 0.9938 0.1112 -0.0000
vn 0.7023 0.0786 0.7076
vn -0.7023 -0.0786 0.7076
vn -0.9938 -0.1113 -0.0000
vn -0.7023 -0.0786 -0.7076
vn 0.7023 0.0786 -0.7076
vn 0.9773 0.2121 -0.0000
vn 0.6906 0.1499 0.7075
vn -0.6906 -0.1499 0.7076
vn -0.9773 -0.2121 -0.0000
vn -0.6906 -0.1499 -0.7076
vn 0.6906 0.1499 -0.7075
vn 0.9522 0.3055 -0.0000
vn 0.6730 0.2159 0.7074
vn -0.6730 -0.2158 0.7074
vn -0.9522 -0.3054 -0.0000
vn -0.6730 -0.2158 -0.7074
vn 0.6730 0.2159 -0.7074
vn 0.9208 0.3901 -0.0000
vn 0.6509 0.2757 0.7073
vn -0.6509 -0.2757 0.7073
vn -0.9208 -0.3900 -0.0000
vn -0.6509 -0.2757 -0.7073
vn 0.6509 0.2757 -0.7073
vn 0.8865 0.4628 -0.0000
vn 0.6268 0.3272 0.7072
vn -0.6267 -0.3272 0.7072
vn -0.8864 -0.4629 -0.0000
vn -0.6267 -0.3272 -0.7072
vn 0.6268 0.3272 -0.7072
vn 0.8572 0.5149 -0.0000
vn 0.6061 0.3641 0.7071
vn -0.6061 -0.3642 0.7071
vn -0.8571 -0.5151 -0.0000
vn -0.6061 -0.3642 -0.7071
vn 0.6061 0.3641 -0.7071
vn 0.8179 0.5754 -0.0000
vn 0.5780 0.4066 0.7075
vn -0.5780 -0.4067 0.7075
vn -0.8178 -0.5754 -0.0000
vn -0.5780 -0.4067 -0.7075
vn 0.5780 0.4067 -0.7075
vn 0.7761 0.6306 -0.0000
vn 0.5488 0.4458 0.7071
vn -0.5488 -0.4458 0.7071
vn -0.7762 -0.6305 -0.0000
vn -0.5488 -0.4458 -0.7071
vn 0.5488 0.4458 -0.7072
vn 0.7295 0.6840 -0.0000
vn 0.5155 0.4833 0.7075
vn -0.5155 -0.4833 0.7076
vn -0.7295 -0.6840 -0.0000
vn -0.5155 -0.4833 -0.7076
vn 0.5155 0.4833 -0.7075
vn 0.6540 0.7565 -0.0000
vn 0.4621 0.5345 0.7077
vn -0.4621 -0.5345 0.7076
vn -0.6540 -0.7565 -0.0000
vn -0.4621 -0.5345 -0.7076
vn 0.4621 0.5346 -0.7076
vn 0.5695 0.8220 -0.0000
vn 0.4024 0.5808 0.7076
vn -0.4024 -0.5808 0.7076
vn -0.5695 -0.8220 -0.0000
vn -0.4024 -0.5808 -0.7076
vn 0.4024 0.5808 -0.7076
vn 0.4822 0.8760 -0.0000
vn 0.3408 0.6191 0.7075
vn -0.3408 -0.6191 0.7075
vn -0.4822 -0.8760 -0.0000
vn -0.3408 -0.6191 -0.7075
vn 0.3408 0.6191 -0.7075
vn 0.3921 0.9199 -0.0000
vn 0.2771 0.6501 0.7075
vn -0.2770 -0.6501 0.7076
vn -0.3921 -0.9199 -0.0000
vn -0.2770 -0.6501 -0.7076
vn 0.2771 0.6501 -0.7075
vn 0.3009 0.9537 -0.0000
vn 0.2127 0.6740 0.7075
vn -0.2127 -0.6739 0.7075
vn -0.3009 -0.9537 -0.0000
vn -0.2127 -0.6740 -0.7075
vn 0.2127 0.6740 -0.7075
vn 0.2105 0.9776 -0.0000
vn 0.1488 0.6910 0.7074
vn -0.1490 -0.6909 0.7074
vn -0.2109 -0.9775 -0.0000
vn -0.1490 -0.6909 -0.7074
vn 0.1488 0.6910 -0.7074
vn 0.1240 0.9923 -0.0000
vn 0.0877 0.7015 0.7073
vn -0.0879 -0.7014 0.7073
vn -0.1243 -0.9922 -0.0000
vn -0.0879 -0.7014 -0.7073
vn 0.0877 0.7015 -0.7072
vn 0.0522 0.9986 -0.0000
vn 0.0369 0.7061 0.7072
vn -0.0367 -0.7061 0.7072
vn -0.0519 -0.9987 -0.0000
vn -0.0367 -0.7061 -0.7072
vn 0.0369 0.7061 -0.7072
vn 0.0092 1.0000 -0.0000
vn 0.0065 0.7071 0.7071
vn -0.0064 -0.7071 0.7071
vn -0.0090 -1.0000 -0.0000
vn -0.0064 -0.7071 -0.7071
vn 0.0065 0.7071 -0.7071
vn -0.0228 0.9997 -0.0000
vn -0.0161 0.7069 0.7071
vn 0.0161 -0.7069 0.7072
vn 0.0228 -0.9997 -0.0000
vn 0.0161 -0.7069 -0.7071
vn -0.0161 0.7069 -0.7071
vn -0.0918 0.9958 -0.0000
vn -0.0649 0.7037 0.7075
vn 0.0649 -0.7037 0.7075
vn 0.0919 -0.9958 -0.0000
vn 0.0649 -0.7037 -0.7076
vn -0.0649 0.7037 -0.7075
vn -0.1936 0.9811 -0.0000
vn -0.1368 0.6932 0.7076
vn 0.1368 -0.6932 0.7076
vn 0.1936 -0.9811 -0.0000
vn 0.1368 -0.6932 -0.7076
vn -0.1368 0.6932 -0.7076
vn -0.2960 0.9552 -0.0000
vn -0.2092 0.6750 0.7076
vn 0.2092 -0.6750 0.7076
vn 0.2960 -0.9552 -0.0000
vn 0.2091 -0.6749 -0.7076
vn -0.2092 0.6750 -0.7076
vn -0.3916 0.9201 -0.0000
vn -0.2767 0.6502 0.7075
vn 0.2767 -0.6502 0.7076
vn 0.3916 -0.9201 -0.0000
vn 0.2767 -0.6503 -0.7075
vn -0.2767 0.6502 -0.7075
vn -0.4811 0.8767 -0.0000
vn -0.3400 0.6195 0.7075
vn 0.3400 -0.6195 0.7076
vn 0.4811 -0.8767 -0.0000
vn 0.3400 -0.6195 -0.7076
vn -0.3400 0.6195 -0.7075
vn -0.5633 0.8263 -0.0000
vn -0.3981 0.5839 0.7075
vn 0.3981 -0.5839 0.7075
vn 0.5633 -0.8263 -0.0000
vn 0.3981 -0.5839 -0.7075
vn -0.3981 0.5839 -0.7075
vn -0.6372 0.7707 -0.0000
vn -0.4504 0.5447 0.7074
vn 0.4502 -0.5449 0.7074
vn 0.6369 -0.7710 -0.0000
vn 0.4502 -0.5449 -0.7074
vn -0.4503 0.5447 -0.7074
vn -0.7013 0.7129 -0.0000
vn -0.4958 0.5040 0.7073
vn 0.4957 -0.5041 0.7073
vn 0.7011 -0.7130 -0.0000
vn 0.4957 -0.5041 -0.7073
vn -0.4958 0.5040 -0.7073
vn -0.7498 0.6617 -0.0000
vn -0.5302 0.4678 0.7072
vn 0.5303 -0.4677 0.7072
vn 0.7500 -0.6614 -0.0000
vn 0.5303 -0.4677 -0.7072
vn -0.5302 0.4678 -0.7072
vn -0.7768 0.6298 -0.0000
vn -0.5493 0.4453 0.7071
vn 0.5494 -0.4452 0.7071
vn 0.7769 -0.6296 -0.0000
vn 0.5494 -0.4452 -0.7071
vn -0.5493 0.4453 -0.7071
vn -0.8232 0.5678 -0.0000
vn -0.5815 0.4011 0.7078
vn 0.5814 -0.4012 0.7078
vn 0.8231 -0.5679 -0.0000
vn 0.5814 -0.4012 -0.7078
vn -0.5815 0.4011 -0.7078
vn -0.8791 0.4766 -0.0000
vn -0.6215 0.3369 0.7073
vn 0.6214 -0.3369 0.7073
vn 0.8791 -0.4766 -0.0000
vn 0.6214 -0.3369 -0.7073
vn -0.6215 0.3369 -0.7073
vn -0.9185 0.3955 -0.0000
vn -0.6491 0.2795 0.7074
vn 0.6491 -0.2795 0.7075
vn 0.9185 -0.3954 -0.0000
vn 0.6491 -0.2795 -0.7075
vn -0.6491 0.2795 -0.7075
vn -0.9532 0.3024 -0.0000
vn -0.6736 0.2137 0.7075
vn 0.6736 -0.2137 0.7076
vn 0.9532 -0.3024 -0.0000
vn 0.6736 -0.2137 -0.7076
vn -0.6736 0.2137 -0.7075
vn -0.9781 0.2081 -0.0000
vn -0.6912 0.1470 0.7075
vn 0.6912 -0.1470 0.7075
vn 0.9781 -0.2081 -0.0000
vn 0.6912 -0.1470 -0.7075
vn -0.6912 0.1470 -0.7075
vn -0.9940 0.1093 -0.0000
vn -0.7024 0.0772 0.7076
vn 0.7024 -0.0773 0.7076
vn 0.9940 -0.1094 -0.0000
vn 0.7024 -0.0773 -0.7076
vn -0.7024 0.0772 -0.7076
vn -0.9997 0.0227 -0.0000
vn -0.7068 0.0161 0.7073
vn 0.7068 -0.0161 0.7072
vn 0.9997 -0.0228 -0.0000
vn 0.7068 -0.0161 -0.7072
vn -0.7068 0.0161 -0.7072
vn -0.8378 -0.5460 -0.0000
vn -0.5403 -0.3521 0.7642
vn 0.5403 0.3521 0.7643
vn 0.8378 0.5460 -0.0000
vn 0.5403 0.3521 -0.7643
vn -0.5403 -0.3521 -0.7642
vn -0.4138 -0.9104 -0.0000
vn -0.2926 -0.6437 0.7071
vn 0.2926 0.6437 0.7071
vn 0.4138 0.9104 -0.0000
vn 0.2926 0.6437 -0.7071
vn -0.2926 -0.6437 -0.7071
vn -0.9265 -0.3764 -0.0000
vn 0.9104 -0.4138 -0.0000
vn -0.0000 -0.9239 -0.3827
vn -0.0000 -0.3827 -0.9239
vn -0.0000 0.3827 -0.9239
vn -0.0000 0.7071 -0.7071
vn -0.0000 0.9239 -0.3827
vn -0.0000 0.9239 0.3827
vn -0.0000 0.7071 0.7071
vn -0.0000 0.3827 0.9239
vn -0.0000 -0.3827 0.9239
vn -0.0000 -0.9239 0.3827
vn -0.0000 0.5204 -0.8539
vn -0.0000 0.3064 -0.9519
vn -0.0000 0.8701 -0.4928
vn -0.0000 0.9710 -0.2390
vn -0.0000 0.9717 -0.2363
vn -0.0000 0.9721 -0.2346
vn -0.0000 0.9724 -0.2332
vn -0.0000 0.9728 -0.2318
vn -0.0000 0.9731 -0.2304
vn -0.0000 0.9734 -0.2290
vn -0.0000 0.9738 -0.2275
vn -0.0000 0.9742 -0.2259
vn -0.0000 0.9746 -0.2241
vn -0.0000 0.9750 -0.2222
vn -0.0000 0.9755 -0.2201
vn -0.0000 0.9760 -0.2176
vn -0.0000 0.9767 -0.2148
vn -0.0000 0.9774 -0.2114
vn -0.0000 0.9783 -0.2073
vn -0.0000 0.9794 -0.2022
vn -0.0000 0.9807 -0.1953
vn -0.0000 0.9826 -0.1855
vn -0.0000 0.9855 -0.1695
vn -0.0000 0.9911 -0.1329
vn -0.0000 0.9962 0.0875
vn -0.0000 0.8621 0.5068
vn -0.0000 0.5652 0.8250
vn -0.0000 0.4001 0.9165
vn -0.0000 -0.9758 0.2185
vn -0.0000 -0.9648 0.2629
vn -0.0000 -0.9848 0.1736
vn -0.3827 0.2831 -0.8795
vn -0.7071 0.2167 -0.6731
vn -0.7170 0.3628 -0.5953
vn -0.3919 0.4787 -0.7856
vn -0.9239 0.1172 -0.3643
vn -0.9276 0.1944 -0.3190
vn -0.7203 0.6036 -0.3419
vn -0.3951 0.7993 -0.4527
vn -0.9288 0.3224 -0.1826
vn -0.7071 0.6866 -0.1690
vn -0.3827 0.8971 -0.2208
vn -0.9239 0.3716 -0.0914
vn -0.7070 0.6872 -0.1671
vn -0.3827 0.8977 -0.2183
vn -0.9239 0.3719 -0.0904
vn -0.7070 0.6875 -0.1659
vn -0.3827 0.8981 -0.2168
vn -0.9239 0.3720 -0.0898
vn -0.7070 0.6877 -0.1649
vn -0.3827 0.8984 -0.2154
vn -0.9239 0.3721 -0.0892
vn -0.7070 0.6879 -0.1639
vn -0.3827 0.8987 -0.2142
vn -0.9239 0.3723 -0.0887
vn -0.7070 0.6882 -0.1630
vn -0.3827 0.8990 -0.2129
vn -0.9239 0.3724 -0.0882
vn -0.7070 0.6884 -0.1619
vn -0.3827 0.8993 -0.2116
vn -0.9239 0.3725 -0.0876
vn -0.7070 0.6887 -0.1609
vn -0.3827 0.8997 -0.2102
vn -0.9239 0.3727 -0.0871
vn -0.7070 0.6889 -0.1598
vn -0.3827 0.9000 -0.2087
vn -0.9239 0.3728 -0.0864
vn -0.7070 0.6892 -0.1585
vn -0.3827 0.9004 -0.2071
vn -0.9239 0.3730 -0.0858
vn -0.7070 0.6896 -0.1572
vn -0.3827 0.9008 -0.2053
vn -0.9239 0.3731 -0.0850
vn -0.7070 0.6899 -0.1556
vn -0.3827 0.9012 -0.2033
vn -0.9239 0.3733 -0.0842
vn -0.7069 0.6903 -0.1539
vn -0.3827 0.9017 -0.2011
vn -0.9239 0.3735 -0.0833
vn -0.7073 0.6905 -0.1518
vn -0.3827 0.9023 -0.1984
vn -0.9239 0.3738 -0.0822
vn -0.7069 0.6913 -0.1495
vn -0.3827 0.9030 -0.1953
vn -0.9239 0.3740 -0.0809
vn -0.7068 0.6920 -0.1467
vn -0.3827 0.9038 -0.1916
vn -0.9239 0.3744 -0.0793
vn -0.7070 0.6926 -0.1430
vn -0.3827 0.9048 -0.1868
vn -0.9239 0.3748 -0.0774
vn -0.7070 0.6936 -0.1381
vn -0.3827 0.9061 -0.1804
vn -0.9239 0.3753 -0.0747
vn -0.7071 0.6949 -0.1312
vn -0.3827 0.9078 -0.1714
vn -0.9239 0.3760 -0.0710
vn -0.7071 0.6969 -0.1198
vn -0.3827 0.9105 -0.1566
vn -0.9239 0.3771 -0.0649
vn -0.7072 0.7007 -0.0939
vn -0.3828 0.9156 -0.1228
vn -0.9239 0.3792 -0.0508
vn -0.7138 0.6977 0.0613
vn -0.3889 0.9177 0.0806
vn -0.9264 0.3751 0.0329
vn -0.7181 0.5999 0.3527
vn -0.3931 0.7927 0.4660
vn -0.9280 0.3211 0.1888
vn -0.7134 0.3960 0.5781
vn -0.3886 0.5208 0.7601
vn -0.9263 0.2130 0.3109
vn -0.7071 0.2829 0.6481
vn -0.3827 0.3696 0.8467
vn -0.9239 0.1531 0.3507
vn -0.3827 -0.8914 0.2429
vn -0.7071 -0.6823 0.1859
vn -0.7075 -0.6897 0.1544
vn -0.3830 -0.9014 0.2018
vn -0.9239 -0.3692 0.1006
vn -0.9240 -0.3731 0.0835
vn -0.7071 -0.6964 0.1228
vn -0.3827 -0.9098 0.1604
vn -0.9239 -0.3769 0.0665
vn 0.3919 0.4787 -0.7856
vn 0.7170 0.3628 -0.5953
vn 0.7071 0.2166 -0.6731
vn 0.3827 0.2831 -0.8795
vn 0.9276 0.1944 -0.3190
vn 0.9239 0.1172 -0.3643
vn 0.3951 0.7993 -0.4528
vn 0.7203 0.6036 -0.3419
vn 0.9288 0.3224 -0.1826
vn 0.3827 0.8971 -0.2208
vn 0.7069 0.6868 -0.1690
vn 0.9239 0.3716 -0.0914
vn 0.3827 0.8977 -0.2183
vn 0.7070 0.6872 -0.1671
vn 0.9239 0.3719 -0.0904
vn 0.3827 0.8981 -0.2168
vn 0.7070 0.6875 -0.1659
vn 0.9239 0.3720 -0.0898
vn 0.3827 0.8984 -0.2154
vn 0.7070 0.6877 -0.1649
vn 0.9239 0.3721 -0.0892
vn 0.3827 0.8987 -0.2142
vn 0.7070 0.6879 -0.1639
vn 0.9239 0.3723 -0.0887
vn 0.3827 0.8990 -0.2129
vn 0.7070 0.6882 -0.1630
vn 0.9239 0.3724 -0.0882
vn 0.3827 0.8993 -0.2116
vn 0.7070 0.6884 -0.1619
vn 0.9239 0.3725 -0.0876
vn 0.3827 0.8997 -0.2102
vn 0.7070 0.6887 -0.1609
vn 0.9239 0.3726 -0.0871
vn 0.3827 0.9000 -0.2087
vn 0.7072 0.6887 -0.1597
vn 0.9239 0.3728 -0.0864
vn 0.3827 0.9004 -0.2071
vn 0.7070 0.6892 -0.1585
vn 0.9239 0.3730 -0.0858
vn 0.3827 0.9008 -0.2053
vn 0.7070 0.6896 -0.1572
vn 0.9239 0.3731 -0.0850
vn 0.3827 0.9012 -0.2033
vn 0.7073 0.6896 -0.1556
vn 0.9239 0.3733 -0.0842
vn 0.3827 0.9017 -0.2011
vn 0.7069 0.6903 -0.1539
vn 0.9239 0.3735 -0.0833
vn 0.3827 0.9023 -0.1984
vn 0.7073 0.6904 -0.1518
vn 0.9239 0.3738 -0.0822
vn 0.3827 0.9030 -0.1953
vn 0.7069 0.6913 -0.1496
vn 0.9239 0.3740 -0.0809
vn 0.3827 0.9038 -0.1916
vn 0.7072 0.6917 -0.1466
vn 0.9239 0.3744 -0.0793
vn 0.3827 0.9048 -0.1868
vn 0.7072 0.6925 -0.1429
vn 0.9239 0.3748 -0.0774
vn 0.3827 0.9061 -0.1804
vn 0.7070 0.6936 -0.1381
vn 0.9239 0.3753 -0.0747
vn 0.3827 0.9078 -0.1714
vn 0.7071 0.6948 -0.1312
vn 0.9239 0.3760 -0.0710
vn 0.3827 0.9105 -0.1566
vn 0.7072 0.6968 -0.1198
vn 0.9239 0.3771 -0.0649
vn 0.3828 0.9156 -0.1228
vn 0.7072 0.7007 -0.0939
vn 0.9239 0.3792 -0.0508
vn 0.3889 0.9177 0.0806
vn 0.7138 0.6977 0.0613
vn 0.9264 0.3751 0.0329
vn 0.3931 0.7927 0.4660
vn 0.7181 0.5999 0.3527
vn 0.9280 0.3211 0.1888
vn 0.3886 0.5208 0.7601
vn 0.7134 0.3960 0.5781
vn 0.9263 0.2130 0.3109
vn 0.3827 0.3696 0.8467
vn 0.7071 0.2829 0.6481
vn 0.9239 0.1531 0.3507
vn 0.3830 -0.9014 0.2018
vn 0.7075 -0.6897 0.1544
vn 0.7071 -0.6823 0.1859
vn 0.3827 -0.8914 0.2429
vn 0.9240 -0.3731 0.0835
vn 0.9239 -0.3692 0.1006
vn 0.3827 -0.9098 0.1604
vn 0.7071 -0.6964 0.1228
vn 0.9239 -0.3769 0.0665
vn -0.0000 -0.3258 -0.9454
vn -0.0000 -0.4305 -0.9026
vn -0.0000 -0.5296 -0.8482
vn -0.0000 -0.8614 0.5079
vn -0.0000 -0.5934 0.8049
vn -0.0000 0.0296 0.9996
vn -0.0000 0.2985 0.9544
vn -0.0000 0.3144 0.9493
vn -0.0000 0.3230 0.9464
vn -0.0000 0.3298 0.9441
vn -0.0000 0.3362 0.9418
vn -0.0000 0.3430 0.9393
vn -0.0000 0.3508 0.9365
vn -0.0000 0.3608 0.9327
vn -0.0000 0.3753 0.9269
vn -0.0000 0.4023 0.9155
vn -0.0000 0.5974 0.8019
vn -0.0000 0.9775 0.2108
vn -0.0000 0.9556 -0.2948
vn -0.4291 0.8830 0.1904
vn -0.7537 0.6424 0.1386
vn -0.7147 0.4179 0.5609
vn -0.3897 0.5502 0.7385
vn -0.9405 0.3320 0.0716
vn -0.9267 0.2245 0.3013
vn -0.7071 0.2845 0.6473
vn -0.3828 0.3717 0.8458
vn -0.9239 0.1539 0.3503
vn -0.7071 0.2654 0.6554
vn -0.3827 0.3467 0.8563
vn -0.9239 0.1436 0.3547
vn -0.7071 0.2551 0.6595
vn -0.3827 0.3333 0.8617
vn -0.9239 0.1380 0.3569
vn -0.7072 0.2480 0.6621
vn -0.3827 0.3241 0.8652
vn -0.9239 0.1342 0.3583
vn -0.7070 0.2426 0.6643
vn -0.3827 0.3169 0.8678
vn -0.9239 0.1312 0.3595
vn -0.7072 0.2377 0.6659
vn -0.3827 0.3106 0.8701
vn -0.9239 0.1286 0.3604
vn -0.7070 0.2332 0.6676
vn -0.3827 0.3047 0.8722
vn -0.9239 0.1262 0.3613
vn -0.7071 0.2284 0.6692
vn -0.3827 0.2984 0.8744
vn -0.9239 0.1236 0.3622
vn -0.7070 0.2223 0.6713
vn -0.3827 0.2905 0.8770
vn -0.9239 0.1203 0.3633
vn -0.7072 0.2111 0.6748
vn -0.3827 0.2758 0.8817
vn -0.9239 0.1142 0.3652
vn -0.7193 0.0206 0.6944
vn -0.3941 0.0272 0.9187
vn -0.9285 0.0110 0.3713
vn -0.7359 -0.4018 0.5450
vn -0.4105 -0.5411 0.7340
vn -0.9345 -0.2113 0.2866
vn -0.7071 -0.6091 0.3592
vn -0.3827 -0.7959 0.4692
vn -0.9239 -0.3296 0.1943
vn -0.3827 -0.4893 -0.7837
vn -0.7071 -0.3745 -0.5998
vn -0.7094 -0.3034 -0.6362
vn -0.3848 -0.3973 -0.8331
vn -0.9239 -0.2027 -0.3246
vn -0.9248 -0.1638 -0.3435
vn -0.7071 -0.2304 -0.6685
vn -0.3827 -0.3010 -0.8735
vn -0.9239 -0.1247 -0.3618
vn -0.7071 -0.2303 -0.6685
vn -0.7071 -0.2304 -0.6686
vn -0.3827 0.8828 -0.2723
vn -0.7071 0.6757 -0.2084
vn -0.9239 0.3656 -0.1128
vn 0.3897 0.5502 0.7385
vn 0.7146 0.4179 0.5609
vn 0.7537 0.6424 0.1385
vn 0.4291 0.8830 0.1904
vn 0.9267 0.2245 0.3013
vn 0.9405 0.3320 0.0716
vn 0.3828 0.3717 0.8458
vn 0.7072 0.2845 0.6473
vn 0.9239 0.1539 0.3503
vn 0.3827 0.3467 0.8563
vn 0.7071 0.2654 0.6554
vn 0.9239 0.1436 0.3547
vn 0.3827 0.3333 0.8617
vn 0.7071 0.2551 0.6595
vn 0.9239 0.1381 0.3569
vn 0.3827 0.3241 0.8652
vn 0.7071 0.2481 0.6622
vn 0.9239 0.1342 0.3583
vn 0.3827 0.3169 0.8678
vn 0.7072 0.2425 0.6642
vn 0.9239 0.1312 0.3594
vn 0.3827 0.3106 0.8701
vn 0.7070 0.2378 0.6660
vn 0.9239 0.1286 0.3604
vn 0.3827 0.3047 0.8722
vn 0.7069 0.2332 0.6677
vn 0.9239 0.1262 0.3613
vn 0.3827 0.2984 0.8744
vn 0.7071 0.2284 0.6692
vn 0.9239 0.1236 0.3622
vn 0.3827 0.2905 0.8770
vn 0.7072 0.2223 0.6712
vn 0.9239 0.1203 0.3633
vn 0.3827 0.2758 0.8817
vn 0.7072 0.2111 0.6748
vn 0.9239 0.1142 0.3652
vn 0.3941 0.0272 0.9187
vn 0.7193 0.0206 0.6944
vn 0.9285 0.0110 0.3713
vn 0.4105 -0.5411 0.7340
vn 0.7359 -0.4018 0.5450
vn 0.9345 -0.2113 0.2866
vn 0.3827 -0.7959 0.4692
vn 0.7071 -0.6092 0.3591
vn 0.9239 -0.3296 0.1943
vn 0.3848 -0.3973 -0.8331
vn 0.7094 -0.3034 -0.6362
vn 0.7071 -0.3745 -0.5998
vn 0.3827 -0.4893 -0.7837
vn 0.9248 -0.1638 -0.3435
vn 0.9239 -0.2027 -0.3246
vn 0.3827 -0.3010 -0.8735
vn 0.7071 -0.2303 -0.6685
vn 0.9239 -0.1247 -0.3618
vn 0.7071 -0.2304 -0.6685
vn 0.7071 -0.2303 -0.6686
vn 0.7071 0.6757 -0.2084
vn 0.3827 0.8828 -0.2723
vn 0.9239 0.3657 -0.1128
vn -0.0000 0.9845 -0.1754
vn -0.0000 0.4923 0.8704
vn -0.0000 0.4081 0.9129
vn -0.0000 0.3203 0.9473
vn -0.0000 0.4947 0.8691
vn -0.0000 0.6510 0.7591
vn -0.0000 0.2426 -0.9701
vn -0.0000 0.0598 -0.9982
vn -0.0000 -0.1294 -0.9916
vn -0.0000 -0.1356 -0.9908
vn -0.0000 -0.1410 -0.9900
vn -0.0000 -0.1485 -0.9889
vn -0.0000 -0.1574 -0.9875
vn -0.0000 -0.1678 -0.9858
vn -0.0000 -0.1801 -0.9837
vn -0.0000 -0.1948 -0.9808
vn -0.0000 -0.2131 -0.9770
vn -0.0000 -0.2366 -0.9716
vn -0.0000 -0.2686 -0.9633
vn -0.0000 -0.3160 -0.9488
vn -0.0000 -0.3980 -0.9174
vn -0.0000 -0.5975 -0.8019
vn -0.0000 -0.9452 -0.3264
vn -0.0000 -0.9918 0.1281
vn -0.0000 -0.9862 0.1653
vn -0.0000 -0.9859 0.1673
vn -0.0000 -0.9857 0.1686
vn -0.0000 -0.9855 0.1696
vn -0.0000 -0.9853 0.1706
vn -0.0000 -0.9852 0.1716
vn -0.0000 -0.9850 0.1728
vn -0.0000 -0.9845 0.1753
vn -0.0000 -0.9490 0.3152
vn -0.0000 -0.8513 0.5247
vn -0.0000 -0.7915 0.6112
vn -0.0000 -0.7760 0.6308
vn -0.0000 -0.7666 0.6421
vn -0.0000 -0.7595 0.6505
vn -0.0000 -0.7528 0.6583
vn -0.0000 -0.7441 0.6681
vn -0.0000 -0.5361 0.8442
vn -0.0000 -0.2959 0.9552
vn -0.0000 -0.1862 -0.9825
vn -0.7120 -0.1308 -0.6899
vn -0.7071 -0.0150 -0.7069
vn -0.0000 -0.0212 -0.9998
vn -0.7120 0.1307 0.6899
vn -0.7071 0.0150 0.7069
vn -0.0000 0.1862 0.9825
vn -0.0000 0.0212 0.9998
vn 0.7120 0.1307 0.6899
vn 0.7071 0.0150 0.7069
vn 0.7120 -0.1308 -0.6899
vn 0.7071 -0.0150 -0.7069
vn -0.0000 -0.3461 -0.9382
vn -0.7071 -0.2447 -0.6634
vn -0.7071 0.2447 0.6634
vn -0.0000 0.3461 0.9382
vn 0.7071 0.2447 0.6634
vn 0.7071 -0.2447 -0.6634
vn -0.0000 0.9998 -0.0212
vn -0.0000 -0.9382 0.3461
vn -0.0040 0.7071 -0.7071
vn -0.0056 -0.0000 -1.0000
vn -0.0040 -0.7071 -0.7071
vn 0.0040 -0.7071 0.7071
vn 0.0056 -0.0000 1.0000
vn 0.0040 0.7071 0.7071
vn -1.0000 -0.0000 0.0056
vn 1.0000 -0.0000 -0.0056
vn -0.9953 -0.0086 0.0963
vn -0.7080 0.7014 0.0822
vn -0.6608 0.7499 0.0298
vn -0.9977 0.0626 0.0250
vn -0.0065 0.9998 0.0199
vn 0.0630 0.9979 0.0172
vn 0.6988 0.7133 -0.0541
vn 0.7499 0.6615 -0.0057
vn 0.9953 0.0084 -0.0966
vn 0.9977 -0.0624 -0.0253
vn 0.7079 -0.7015 -0.0824
vn 0.6609 -0.7499 -0.0300
vn 0.0064 -0.9998 -0.0200
vn -0.0631 -0.9979 -0.0172
vn -0.6988 -0.7132 0.0540
vn -0.7501 -0.6613 0.0056
vn -0.9814 -0.0094 0.1919
vn -0.6976 0.7006 0.1501
vn -0.0057 0.9998 0.0204
vn 0.6895 0.7141 -0.1211
vn 0.9814 0.0095 -0.1919
vn 0.6975 -0.7007 -0.1501
vn 0.0056 -0.9998 -0.0204
vn -0.6895 -0.7140 0.1212
vn -0.9585 -0.0105 0.2849
vn -0.6809 0.6998 0.2160
vn -0.0049 0.9998 0.0208
vn 0.6739 0.7148 -0.1866
vn 0.9585 0.0107 -0.2849
vn 0.6808 -0.6999 -0.2160
vn 0.0048 -0.9998 -0.0208
vn -0.6739 -0.7148 0.1866
vn -0.9272 -0.0116 0.3744
vn -0.6582 0.6991 0.2794
vn -0.0041 0.9998 0.0210
vn 0.6523 0.7156 -0.2497
vn 0.9272 0.0117 -0.3744
vn 0.6581 -0.6991 -0.2794
vn 0.0041 -0.9998 -0.0210
vn -0.6524 -0.7156 0.2497
vn -0.8880 -0.0126 0.4597
vn -0.6299 0.6984 0.3398
vn -0.0033 0.9998 0.0211
vn 0.6252 0.7163 -0.3100
vn 0.8880 0.0127 -0.4597
vn 0.6299 -0.6984 -0.3398
vn 0.0033 -0.9998 -0.0210
vn -0.6252 -0.7162 0.3100
vn -0.8414 -0.0135 0.5402
vn -0.5965 0.6977 0.3967
vn -0.0026 0.9998 0.0210
vn 0.5928 0.7169 -0.3669
vn 0.8414 0.0136 -0.5402
vn 0.5965 -0.6978 -0.3967
vn 0.0026 -0.9998 -0.0210
vn -0.5928 -0.7169 0.3670
vn -0.7880 -0.0143 0.6156
vn -0.5582 0.6972 0.4498
vn -0.0019 0.9998 0.0208
vn 0.5555 0.7175 -0.4203
vn 0.7880 0.0144 -0.6156
vn 0.5582 -0.6972 -0.4498
vn 0.0019 -0.9998 -0.0208
vn -0.5555 -0.7174 0.4203
vn -0.7281 -0.0150 0.6854
vn -0.5155 0.6967 0.4989
vn -0.0013 0.9998 0.0205
vn 0.5136 0.7180 -0.4698
vn 0.7281 0.0151 -0.6854
vn 0.5155 -0.6967 -0.4989
vn 0.0013 -0.9998 -0.0206
vn -0.5136 -0.7180 0.4698
vn -0.6621 -0.0156 0.7493
vn -0.4684 0.6963 0.5438
vn -0.0007 0.9998 0.0202
vn 0.4674 0.7184 -0.5153
vn 0.6621 0.0156 -0.7493
vn 0.4684 -0.6963 -0.5438
vn 0.0007 -0.9998 -0.0202
vn -0.4674 -0.7184 0.5153
vn -0.5903 -0.0161 0.8070
vn -0.4174 0.6960 0.5843
vn -0.0003 0.9998 0.0197
vn 0.4170 0.7187 -0.5564
vn 0.5903 0.0161 -0.8070
vn 0.4174 -0.6960 -0.5843
vn 0.0002 -0.9998 -0.0197
vn -0.4170 -0.7187 0.5564
vn -0.5132 -0.0164 0.8581
vn -0.3626 0.6957 0.6200
vn 0.0001 0.9998 0.0192
vn 0.3627 0.7190 -0.5929
vn 0.5132 0.0164 -0.8581
vn 0.3626 -0.6958 -0.6200
vn -0.0001 -0.9998 -0.0192
vn -0.3628 -0.7189 0.5929
vn -0.4309 -0.0166 0.9022
vn -0.3043 0.6957 0.6508
vn 0.0004 0.9998 0.0186
vn 0.3048 0.7191 -0.6245
vn 0.4309 0.0166 -0.9022
vn 0.3043 -0.6956 -0.6508
vn -0.0004 -0.9998 -0.0185
vn -0.3048 -0.7191 0.6245
vn -0.3441 -0.0167 0.9388
vn -0.2428 0.6956 0.6761
vn 0.0005 0.9998 0.0179
vn 0.2436 0.7192 -0.6508
vn 0.3441 0.0166 -0.9388
vn 0.2428 -0.6956 -0.6761
vn -0.0005 -0.9998 -0.0179
vn -0.2436 -0.7192 0.6508
vn -0.2529 -0.0165 0.9673
vn -0.1784 0.6957 0.6959
vn 0.0006 0.9999 0.0173
vn 0.1797 0.7190 -0.6713
vn 0.2538 0.0165 -0.9671
vn 0.1789 -0.6957 -0.6957
vn -0.0005 -0.9999 -0.0172
vn -0.1792 -0.7190 0.6715
vn -0.1670 -0.0163 0.9858
vn -0.1177 0.6956 0.7087
vn 0.0006 0.9999 0.0166
vn 0.1190 0.7187 -0.6851
vn 0.1679 0.0162 -0.9857
vn 0.1183 -0.6956 -0.7086
vn -0.0004 -0.9999 -0.0165
vn -0.1184 -0.7186 0.6853
vn -0.0878 -0.0159 0.9960
vn -0.0618 0.6959 0.7155
vn 0.0003 0.9999 0.0160
vn 0.0619 0.7184 -0.6929
vn 0.0872 0.0158 -0.9961
vn 0.0615 -0.6959 -0.7155
vn -0.0004 -0.9999 -0.0160
vn -0.0623 -0.7184 0.6929
vn -0.0233 0.0042 0.9997
vn -0.0164 0.7101 0.7039
vn -0.0000 1.0000 -0.0042
vn 0.0162 0.7041 -0.7099
vn 0.0228 -0.0043 -0.9997
vn 0.0161 -0.7101 -0.7039
vn -0.0001 -1.0000 0.0043
vn -0.0165 -0.7041 0.7099
vn 0.0250 0.0440 0.9987
vn 0.0163 0.7376 0.6750
vn -0.0020 0.9990 -0.0439
vn -0.0193 0.6754 -0.7372
vn -0.0253 -0.0440 -0.9987
vn -0.0165 -0.7376 -0.6751
vn 0.0019 -0.9990 0.0439
vn 0.0190 -0.6754 0.7372
vn 0.0969 0.0644 0.9932
vn 0.0630 0.7514 0.6568
vn -0.0078 0.9979 -0.0637
vn -0.0742 0.6606 -0.7470
vn -0.0973 -0.0644 -0.9932
vn -0.0632 -0.7514 -0.6568
vn 0.0078 -0.9979 0.0638
vn 0.0740 -0.6606 0.7471
vn 0.1920 0.0653 0.9792
vn 0.1247 0.7521 0.6472
vn -0.0155 0.9979 -0.0633
vn -0.1467 0.6600 -0.7368
vn -0.1920 -0.0654 -0.9792
vn -0.1247 -0.7521 -0.6472
vn 0.0155 -0.9979 0.0633
vn 0.1467 -0.6599 0.7369
vn 0.2844 0.0663 0.9564
vn 0.1846 0.7528 0.6319
vn -0.0232 0.9978 -0.0621
vn -0.2175 0.6591 -0.7199
vn -0.2844 -0.0664 -0.9564
vn -0.1846 -0.7528 -0.6319
vn 0.0232 -0.9978 0.0621
vn 0.2175 -0.6591 0.7199
vn 0.3735 0.0674 0.9252
vn 0.2422 0.7535 0.6112
vn -0.0307 0.9977 -0.0602
vn -0.2857 0.6582 -0.6965
vn -0.3735 -0.0675 -0.9252
vn -0.2422 -0.7535 -0.6112
vn 0.0308 -0.9977 0.0602
vn 0.2858 -0.6582 0.6965
vn 0.4584 0.0687 0.8861
vn 0.2970 0.7544 0.5854
vn -0.0380 0.9976 -0.0575
vn -0.3509 0.6572 -0.6670
vn -0.4584 -0.0689 -0.8861
vn -0.2970 -0.7544 -0.5854
vn 0.0381 -0.9976 0.0576
vn 0.3509 -0.6572 0.6670
vn 0.5386 0.0702 0.8396
vn 0.3487 0.7552 0.5550
vn -0.0451 0.9975 -0.0543
vn -0.4126 0.6562 -0.6319
vn -0.5386 -0.0703 -0.8396
vn -0.3487 -0.7553 -0.5549
vn 0.0451 -0.9975 0.0543
vn 0.4126 -0.6562 0.6319
vn 0.6136 0.0717 0.7864
vn 0.3970 0.7563 0.5201
vn -0.0517 0.9974 -0.0503
vn -0.4703 0.6550 -0.5914
vn -0.6136 -0.0716 -0.7864
vn -0.3970 -0.7563 -0.5201
vn 0.0518 -0.9974 0.0504
vn 0.4703 -0.6550 0.5914
vn 0.6831 0.0733 0.7267
vn 0.4416 0.7573 0.4811
vn -0.0581 0.9973 -0.0458
vn -0.5239 0.6538 -0.5460
vn -0.6831 -0.0733 -0.7267
vn -0.4416 -0.7573 -0.4811
vn 0.0581 -0.9973 0.0458
vn 0.5239 -0.6537 0.5460
vn 0.7467 0.0752 0.6609
vn 0.4824 0.7584 0.4383
vn -0.0640 0.9971 -0.0406
vn -0.5730 0.6525 -0.4959
vn -0.7467 -0.0750 -0.6609
vn -0.4824 -0.7584 -0.4383
vn 0.0640 -0.9971 0.0407
vn 0.5731 -0.6524 0.4959
vn 0.8041 0.0769 0.5895
vn 0.5191 0.7596 0.3919
vn -0.0694 0.9970 -0.0349
vn -0.6175 0.6511 -0.4413
vn -0.8041 -0.0769 -0.5895
vn -0.5191 -0.7596 -0.3919
vn 0.0695 -0.9970 0.0349
vn 0.6175 -0.6511 0.4414
vn 0.8550 0.0788 0.5126
vn 0.5516 0.7608 0.3420
vn -0.0744 0.9968 -0.0286
vn -0.6570 0.6496 -0.3826
vn -0.8550 -0.0788 -0.5126
vn -0.5515 -0.7608 -0.3420
vn 0.0744 -0.9968 0.0286
vn 0.6570 -0.6496 0.3826
vn 0.8988 0.0808 0.4308
vn 0.5794 0.7621 0.2890
vn -0.0789 0.9966 -0.0218
vn -0.6911 0.6481 -0.3199
vn -0.8988 -0.0808 -0.4308
vn -0.5794 -0.7621 -0.2890
vn 0.0789 -0.9966 0.0218
vn 0.6911 -0.6481 0.3199
vn 0.9352 0.0828 0.3444
vn 0.6024 0.7634 0.2332
vn -0.0827 0.9965 -0.0144
vn -0.7194 0.6466 -0.2536
vn -0.9352 -0.0828 -0.3444
vn -0.6023 -0.7634 -0.2332
vn 0.0827 -0.9965 0.0144
vn 0.7195 -0.6465 0.2537
vn 0.9635 0.0849 0.2537
vn 0.6202 0.7647 0.1747
vn -0.0858 0.9963 -0.0067
vn -0.7416 0.6449 -0.1846
vn -0.9633 -0.0850 -0.2546
vn -0.6200 -0.7648 -0.1751
vn 0.0859 -0.9963 0.0066
vn 0.7418 -0.6449 0.1841
vn 0.9819 0.0867 0.1683
vn 0.6318 0.7658 0.1197
vn -0.0882 0.9961 0.0008
vn -0.7564 0.6431 -0.1190
vn -0.9817 -0.0869 -0.1692
vn -0.6317 -0.7658 -0.1201
vn 0.0882 -0.9961 -0.0009
vn 0.7566 -0.6431 0.1184
vn 0.9920 0.0887 0.0897
vn 0.6379 0.7670 0.0690
vn -0.0897 0.9959 0.0080
vn -0.7648 0.6417 -0.0574
vn -0.9921 -0.0887 -0.0891
vn -0.6379 -0.7671 -0.0687
vn 0.0897 -0.9959 -0.0079
vn 0.7648 -0.6416 0.0578
vn 0.9949 0.0974 0.0256
vn 0.6344 0.7725 0.0264
vn -0.0978 0.9951 0.0119
vn -0.7726 0.6348 -0.0094
vn -0.9949 -0.0975 -0.0250
vn -0.6344 -0.7726 -0.0261
vn 0.0978 -0.9951 -0.0118
vn 0.7726 -0.6348 0.0098
vn 0.9937 0.1041 0.0406
vn 0.6393 0.7252 0.2556
vn -0.1240 0.9371 0.3263
vn -0.8011 0.5661 0.1941
vn -0.9937 -0.1042 -0.0405
vn -0.6392 -0.7253 -0.2557
vn 0.1240 -0.9371 -0.3263
vn 0.8011 -0.5662 -0.1942
vn 0.9905 0.1215 0.0640
vn 0.6048 0.6383 0.4762
vn -0.1351 0.7812 0.6094
vn -0.7959 0.4665 0.3859
vn -0.9905 -0.1217 -0.0638
vn -0.6047 -0.6385 -0.4761
vn 0.1352 -0.7813 -0.6094
vn 0.7959 -0.4666 -0.3857
vn 0.9854 0.1698 0.0107
vn 0.5973 0.6678 0.4440
vn -0.1399 0.7744 0.6170
vn -0.7955 0.4278 0.4292
vn -0.9854 -0.1701 -0.0105
vn -0.5973 -0.6680 -0.4439
vn 0.1400 -0.7744 -0.6170
vn 0.7955 -0.4279 -0.4290
vn 0.9715 0.2284 -0.0636
vn 0.5884 0.7033 0.3990
vn -0.1386 0.7661 0.6276
vn -0.7848 0.3806 0.4891
vn -0.9715 -0.2284 0.0636
vn -0.5884 -0.7033 -0.3990
vn 0.1387 -0.7661 -0.6276
vn 0.7848 -0.3806 -0.4891
vn 0.9487 0.2853 -0.1359
vn 0.5741 0.7377 0.3553
vn -0.1361 0.7579 0.6381
vn -0.7669 0.3346 0.5476
vn -0.9487 -0.2853 0.1359
vn -0.5741 -0.7377 -0.3553
vn 0.1362 -0.7578 -0.6381
vn 0.7669 -0.3346 -0.5476
vn 0.9176 0.3401 -0.2055
vn 0.5548 0.7707 0.3133
vn -0.1324 0.7498 0.6482
vn -0.7423 0.2902 0.6040
vn -0.9176 -0.3401 0.2055
vn -0.5548 -0.7707 -0.3133
vn 0.1324 -0.7498 -0.6482
vn 0.7423 -0.2902 -0.6040
vn 0.8787 0.3923 -0.2718
vn 0.5308 0.8022 0.2734
vn -0.1274 0.7421 0.6580
vn -0.7113 0.2478 0.6578
vn -0.8787 -0.3923 0.2718
vn -0.5308 -0.8022 -0.2734
vn 0.1274 -0.7421 -0.6580
vn 0.7113 -0.2478 -0.6578
vn 0.8325 0.4416 -0.3344
vn 0.5025 0.8318 0.2358
vn -0.1213 0.7348 0.6674
vn -0.6743 0.2077 0.7086
vn -0.8325 -0.4417 0.3344
vn -0.5025 -0.8318 -0.2358
vn 0.1214 -0.7347 -0.6674
vn 0.6744 -0.2077 -0.7086
vn 0.7796 0.4878 -0.3929
vn 0.4701 0.8595 0.2007
vn -0.1142 0.7278 0.6762
vn -0.6318 0.1702 0.7562
vn -0.7796 -0.4878 0.3929
vn -0.4701 -0.8595 -0.2007
vn 0.1142 -0.7278 -0.6762
vn 0.6319 -0.1701 -0.7562
vn 0.7202 0.5306 -0.4469
vn 0.4339 0.8851 0.1683
vn -0.1061 0.7213 0.6845
vn -0.5841 0.1353 0.8003
vn -0.7202 -0.5306 0.4470
vn -0.4339 -0.8851 -0.1684
vn 0.1061 -0.7212 -0.6845
vn 0.5841 -0.1353 -0.8003
vn 0.6549 0.5698 -0.4965
vn 0.3942 0.9085 0.1387
vn -0.0969 0.7152 0.6922
vn -0.5315 0.1033 0.8407
vn -0.6549 -0.5698 0.4965
vn -0.3942 -0.9085 -0.1388
vn 0.0970 -0.7152 -0.6922
vn 0.5315 -0.1033 -0.8407
vn 0.5838 0.6052 -0.5412
vn 0.3511 0.9296 0.1122
vn -0.0869 0.7096 0.6992
vn -0.4742 0.0743 0.8773
vn -0.5838 -0.6053 0.5411
vn -0.3511 -0.9296 -0.1122
vn 0.0869 -0.7096 -0.6992
vn 0.4742 -0.0743 -0.8773
vn 0.5074 0.6366 -0.5807
vn 0.3048 0.9483 0.0887
vn -0.0760 0.7046 0.7056
vn -0.4124 0.0485 0.9097
vn -0.5074 -0.6366 0.5807
vn -0.3048 -0.9483 -0.0888
vn 0.0760 -0.7045 -0.7056
vn 0.4124 -0.0485 -0.9097
vn 0.4261 0.6639 -0.6146
vn 0.2557 0.9643 0.0687
vn -0.0642 0.7002 0.7111
vn -0.3466 0.0262 0.9377
vn -0.4261 -0.6638 0.6147
vn -0.2557 -0.9643 -0.0687
vn 0.0642 -0.7001 -0.7111
vn 0.3466 -0.0262 -0.9377
vn 0.3401 0.6864 -0.6428
vn 0.2039 0.9776 0.0522
vn -0.0516 0.6964 0.7158
vn -0.2769 0.0076 0.9609
vn -0.3401 -0.6864 0.6428
vn -0.2039 -0.9776 -0.0522
vn 0.0516 -0.6963 -0.7159
vn 0.2769 -0.0075 -0.9609
vn 0.2499 0.7042 -0.6646
vn 0.1496 0.9880 0.0395
vn -0.0383 0.6933 0.7197
vn -0.2044 -0.0072 0.9789
vn -0.2508 -0.7040 0.6644
vn -0.1500 -0.9879 -0.0395
vn 0.0382 -0.6932 -0.7197
vn 0.2037 0.0073 -0.9790
vn 0.1649 0.7157 -0.6787
vn 0.0986 0.9946 0.0311
vn -0.0256 0.6910 0.7224
vn -0.1353 -0.0172 0.9907
vn -0.1658 -0.7156 0.6785
vn -0.0990 -0.9946 -0.0312
vn 0.0255 -0.6910 -0.7224
vn 0.1347 0.0173 -0.9907
vn 0.0866 0.7223 -0.6862
vn 0.0515 0.9983 0.0269
vn -0.0136 0.6896 0.7240
vn -0.0705 -0.0229 0.9973
vn -0.0861 -0.7223 0.6862
vn -0.0513 -0.9983 -0.0269
vn 0.0137 -0.6896 -0.7241
vn 0.0709 0.0229 -0.9972
vn 0.0229 0.7381 -0.6743
vn 0.0134 0.9989 0.0453
vn -0.0038 0.6745 0.7383
vn -0.0185 -0.0450 0.9988
vn -0.0223 -0.7382 0.6742
vn -0.0131 -0.9989 -0.0453
vn 0.0040 -0.6745 -0.7383
vn 0.0189 0.0450 -0.9988
vn -0.0246 0.7644 -0.6443
vn -0.0136 0.9963 0.0850
vn 0.0054 0.6446 0.7645
vn 0.0214 -0.0846 0.9962
vn 0.0249 -0.7643 0.6443
vn 0.0137 -0.9963 -0.0850
vn -0.0054 -0.6446 -0.7645
vn -0.0212 0.0847 -0.9962
vn -0.0948 0.7748 -0.6251
vn -0.0513 0.9929 0.1075
vn 0.0223 0.6298 0.7764
vn 0.0830 -0.1020 0.9913
vn 0.0951 -0.7747 0.6251
vn 0.0514 -0.9929 -0.1075
vn -0.0222 -0.6298 -0.7764
vn -0.0827 0.1020 -0.9913
vn -0.1875 0.7669 -0.6138
vn -0.1010 0.9883 0.1139
vn 0.0445 0.6313 0.7743
vn 0.1640 -0.0954 0.9818
vn 0.1875 -0.7669 0.6138
vn 0.1010 -0.9883 -0.1140
vn -0.0445 -0.6313 -0.7743
vn -0.1640 0.0954 -0.9818
vn -0.2776 0.7538 -0.5956
vn -0.1492 0.9810 0.1241
vn 0.0663 0.6340 0.7705
vn 0.2432 -0.0842 0.9663
vn 0.2776 -0.7537 0.5957
vn 0.1492 -0.9810 -0.1241
vn -0.0664 -0.6340 -0.7705
vn -0.2432 0.0842 -0.9663
vn -0.3644 0.7356 -0.5710
vn -0.1956 0.9710 0.1376
vn 0.0875 0.6380 0.7651
vn 0.3196 -0.0686 0.9451
vn 0.3644 -0.7356 0.5710
vn 0.1956 -0.9710 -0.1377
vn -0.0875 -0.6379 -0.7651
vn -0.3196 0.0686 -0.9451
vn -0.4472 0.7128 -0.5403
vn -0.2397 0.9585 0.1545
vn 0.1078 0.6431 0.7582
vn 0.3924 -0.0489 0.9185
vn 0.4472 -0.7128 0.5403
vn 0.2397 -0.9585 -0.1545
vn -0.1078 -0.6431 -0.7582
vn -0.3924 0.0488 -0.9185
vn -0.5253 0.6857 -0.5039
vn -0.2812 0.9437 0.1743
vn 0.1271 0.6493 0.7498
vn 0.4613 -0.0253 0.8869
vn 0.5253 -0.6856 0.5040
vn 0.2813 -0.9437 -0.1743
vn -0.1271 -0.6493 -0.7499
vn -0.4613 0.0253 -0.8869
vn -0.5983 0.6544 -0.4623
vn -0.3200 0.9267 0.1969
vn 0.1453 0.6565 0.7402
vn 0.5258 0.0020 0.8506
vn 0.5984 -0.6544 0.4623
vn 0.3200 -0.9267 -0.1968
vn -0.1453 -0.6565 -0.7402
vn -0.5258 -0.0019 -0.8506
vn -0.6660 0.6194 -0.4157
vn -0.3558 0.9078 0.2220
vn 0.1622 0.6648 0.7292
vn 0.5857 0.0325 0.8099
vn 0.6660 -0.6194 0.4157
vn 0.3558 -0.9078 -0.2220
vn -0.1623 -0.6647 -0.7293
vn -0.5857 -0.0325 -0.8099
vn -0.7279 0.5807 -0.3645
vn -0.3885 0.8870 0.2496
vn 0.1779 0.6739 0.7171
vn 0.6405 0.0663 0.7651
vn 0.7280 -0.5807 0.3645
vn 0.3885 -0.8870 -0.2497
vn -0.1780 -0.6739 -0.7171
vn -0.6405 -0.0663 -0.7651
vn -0.7838 0.5388 -0.3088
vn -0.4179 0.8644 0.2795
vn 0.1922 0.6840 0.7037
vn 0.6901 0.1031 0.7163
vn 0.7838 -0.5388 0.3088
vn 0.4179 -0.8644 -0.2796
vn -0.1922 -0.6839 -0.7038
vn -0.6901 -0.1031 -0.7163
vn -0.8333 0.4935 -0.2490
vn -0.4439 0.8402 0.3116
vn 0.2050 0.6948 0.6893
vn 0.7341 0.1428 0.6638
vn 0.8333 -0.4936 0.2490
vn 0.4438 -0.8402 -0.3117
vn -0.2050 -0.6948 -0.6893
vn -0.7342 -0.1428 -0.6638
vn -0.8759 0.4454 -0.1853
vn -0.4661 0.8144 0.3457
vn 0.2161 0.7065 0.6739
vn 0.7722 0.1851 0.6079
vn 0.8760 -0.4454 0.1853
vn 0.4661 -0.8144 -0.3457
vn -0.2161 -0.7065 -0.6739
vn -0.7722 -0.1851 -0.6078
vn -0.9112 0.3946 -0.1181
vn -0.4844 0.7873 0.3815
vn 0.2255 0.7189 0.6575
vn 0.8038 0.2298 0.5488
vn 0.9112 -0.3946 0.1181
vn 0.4844 -0.7873 -0.3816
vn -0.2255 -0.7189 -0.6575
vn -0.8038 -0.2298 -0.5488
vn -0.9388 0.3412 -0.0477
vn -0.4986 0.7589 0.4190
vn 0.2330 0.7319 0.6403
vn 0.8284 0.2763 0.4872
vn 0.9386 -0.3417 0.0483
vn 0.4984 -0.7591 -0.4187
vn -0.2331 -0.7320 -0.6401
vn -0.8286 -0.2768 -0.4867
vn -0.9566 0.2908 0.0186
vn -0.5077 0.7321 0.4542
vn 0.2382 0.7443 0.6239
vn 0.8448 0.3204 0.4286
vn 0.9564 -0.2914 -0.0179
vn 0.5077 -0.7323 -0.4539
vn -0.2383 -0.7444 -0.6237
vn -0.8449 -0.3209 -0.4280
vn -0.9664 0.2446 0.0797
vn -0.5125 0.7074 0.4867
vn 0.2413 0.7560 0.6084
vn 0.8540 0.3620 0.3737
vn 0.9664 -0.2442 -0.0801
vn 0.5125 -0.7073 -0.4868
vn -0.2414 -0.7559 -0.6085
vn -0.8540 -0.3617 -0.3740
vn -0.9681 0.2123 0.1334
vn -0.5081 0.6903 0.5151
vn 0.2495 0.7641 0.5949
vn 0.8610 0.3904 0.3260
vn 0.9681 -0.2119 -0.1339
vn 0.5080 -0.6902 -0.5153
vn -0.2495 -0.7640 -0.5950
vn -0.8609 -0.3902 -0.3264
vn -0.9824 0.1684 0.0801
vn -0.5758 0.7683 0.2797
vn 0.2050 0.9256 0.3181
vn 0.8443 0.5114 0.1603
vn 0.9825 -0.1685 -0.0795
vn 0.5758 -0.7682 -0.2798
vn -0.2050 -0.9256 -0.3181
vn -0.8444 -0.5112 -0.1603
vt 0.000000 0.962963
vt 0.125000 0.962963
vt 0.125000 1.000000
vt 0.000000 1.000000
vt 0.250000 0.962963
vt 0.250000 1.000000
vt 0.375000 0.962963
vt 0.375000 1.000000
vt 0.500000 0.962963
vt 0.500000 1.000000
vt 0.625000 0.962963
vt 0.625000 1.000000
vt 0.750000 0.962963
vt 0.750000 1.000000
vt 0.875000 0.962963
vt 0.875000 1.000000
vt 1.000000 0.962963
vt 1.000000 1.000000
vt 0.000000 0.925926
vt 0.125000 0.925926
vt 0.250000 0.925926
vt 0.375000 0.925926
vt 0.500000 0.925926
vt 0.625000 0.925926
vt 0.750000 0.925926
vt 0.875000 0.925926
vt 1.000000 0.925926
vt 0.000000 0.888889
vt 0.125000 0.888889
vt 0.250000 0.888889
vt 0.375000 0.888889
vt 0.500000 0.888889
vt 0.625000 0.888889
vt 0.750000 0.888889
vt 0.875000 0.888889
vt 1.000000 0.888889
vt 0.000000 0.851852
vt 0.125000 0.851852
vt 0.250000 0.851852
vt 0.375000 0.851852
vt 0.500000 0.851852
vt 0.625000 0.851852
vt 0.750000 0.851852
vt 0.875000 0.851852
vt 1.000000 0.851852
vt 0.000000 0.814815
vt 0.125000 0.814815
vt 0.250000 0.814815
vt 0.375000 0.814815
vt 0.500000 0.814815
vt 0.625000 0.814815
vt 0.750000 0.814815
vt 0.875000 0.814815
vt 1.000000 0.814815
vt 0.000000 0.777778
vt 0.125000 0.777778
vt 0.250000 0.777778
vt 0.375000 0.777778
vt 0.500000 0.777778
vt 0.625000 0.777778
vt 0.750000 0.777778
vt 0.875000 0.777778
vt 1.000000 0.777778
vt 0.000000 0.740741
vt 0.125000 0.740741
vt 0.250000 0.740741
vt 0.375000 0.740741
vt 0.500000 0.740741
vt 0.625000 0.740741
vt 0.750000 0.740741
vt 0.875000 0.740741
vt 1.000000 0.740741
vt 0.000000 0.703704
vt 0.125000 0.703704
vt 0.250000 0.703704
vt 0.375000 0.703704
vt 0.500000 0.703704
vt 0.625000 0.703704
vt 0.750000 0.703704
vt 0.875000 0.703704
vt 1.000000 0.703704
vt 0.000000 0.666667
vt 0.125000 0.666667
vt 0.250000 0.666667
vt 0.375000 0.666667
vt 0.500000 0.666667
vt 0.625000 0.666667
vt 0.750000 0.666667
vt 0.875000 0.666667
vt 1.000000 0.666667
vt 0.000000 0.629630
vt 0.125000 0.629630
vt 0.250000 0.629630
vt 0.375000 0.629630
vt 0.500000 0.629630
vt 0.625000 0.629630
vt 0.750000 0.629630
vt 0.875000 0.629630
vt 1.000000 0.629630
vt 0.000000 0.592593
vt 0.125000 0.592593
vt 0.250000 0.592593
vt 0.375000 0.592593
vt 0.500000 0.592593
vt 0.625000 0.592593
vt 0.750000 0.592593
vt 0.875000 0.592593
vt 1.000000 0.592593
vt 0.000000 0.555556
vt 0.125000 0.555556
vt 0.250000 0.555556
vt 0.375000 0.555556
vt 0.500000 0.555556
vt 0.625000 0.555556
vt 0.750000 0.555556
vt 0.875000 0.555556
vt 1.000000 0.555556
vt 0.000000 0.518518
vt 0.125000 0.518518
vt 0.250000 0.518518
vt 0.375000 0.518518
vt 0.500000 0.518518
vt 0.625000 0.518518
vt 0.750000 0.518518
vt 0.875000 0.518518
vt 1.000000 0.518518
vt 0.000000 0.481481
vt 0.125000 0.481481
vt 0.250000 0.481481
vt 0.375000 0.481481
vt 0.500000 0.481481
vt 0.625000 0.481481
vt 0.750000 0.481481
vt 0.875000 0.481481
vt 1.000000 0.481481
vt 0.000000 0.444444
vt 0.125000 0.444444
vt 0.250000 0.444444
vt 0.375000 0.444444
vt 0.500000 0.444444
vt 0.625000 0.444444
vt 0.750000 0.444444
vt 0.875000 0.444444
vt 1.000000 0.444444
vt 0.000000 0.407407
vt 0.125000 0.407407
vt 0.250000 0.407407
vt 0.375000 0.407407
vt 0.500000 0.407407
vt 0.625000 0.407407
vt 0.750000 0.407407
vt 0.875000 0.407407
vt 1.000000 0.407407
vt 0.000000 0.370370
vt 0.125000 0.370370
vt 0.250000 0.370370
vt 0.375000 0.370370
vt 0.500000 0.370370
vt 0.625000 0.370370
vt 0.750000 0.370370
vt 0.875000 0.370370
vt 1.000000 0.370370
vt 0.000000 0.333333
vt 0.125000 0.333333
vt 0.250000 0.333333
vt 0.375000 0.333333
vt 0.500000 0.333333
vt 0.625000 0.333333
vt 0.750000 0.333333
vt 0.875000 0.333333
vt 1.000000 0.333333
vt 0.000000 0.296296
vt 0.125000 0.296296
vt 0.250000 0.296296
vt 0.375000 0.296296
vt 0.500000 0.296296
vt 0.625000 0.296296
vt 0.750000 0.296296
vt 0.875000 0.296296
vt 1.000000 0.296296
vt 0.000000 0.259259
vt 0.125000 0.259259
vt 0.250000 0.259259
vt 0.375000 0.259259
vt 0.500000 0.259259
vt 0.625000 0.259259
vt 0.750000 0.259259
vt 0.875000 0.259259
vt 1.000000 0.259259
vt 0.000000 0.222222
vt 0.125000 0.222222
vt 0.250000 0.222222
vt 0.375000 0.222222
vt 0.500000 0.222222
vt 0.625000 0.222222
vt 0.750000 0.222222
vt 0.875000 0.222222
vt 1.000000 0.222222
vt 0.000000 0.185185
vt 0.125000 0.185185
vt 0.250000 0.185185
vt 0.375000 0.185185
vt 0.500000 0.185185
vt 0.625000 0.185185
vt 0.750000 0.185185
vt 0.875000 0.185185
vt 1.000000 0.185185
vt 0.000000 0.148148
vt 0.125000 0.148148
vt 0.250000 0.148148
vt 0.375000 0.148148
vt 0.500000 0.148148
vt 0.625000 0.148148
vt 0.750000 0.148148
vt 0.875000 0.148148
vt 1.000000 0.148148
vt 0.000000 0.111111
vt 0.125000 0.111111
vt 0.250000 0.111111
vt 0.375000 0.111111
vt 0.500000 0.111111
vt 0.625000 0.111111
vt 0.750000 0.111111
vt 0.875000 0.111111
vt 1.000000 0.111111
vt 0.000000 0.074074
vt 0.125000 0.074074
vt 0.250000 0.074074
vt 0.375000 0.074074
vt 0.500000 0.074074
vt 0.625000 0.074074
vt 0.750000 0.074074
vt 0.875000 0.074074
vt 1.000000 0.074074
vt 0.000000 0.037037
vt 0.125000 0.037037
vt 0.250000 0.037037
vt 0.375000 0.037037
vt 0.500000 0.037037
vt 0.625000 0.037037
vt 0.750000 0.037037
vt 0.875000 0.037037
vt 1.000000 0.037037
vt 0.000000 0.000000
vt 0.125000 0.000000
vt 0.250000 0.000000
vt 0.375000 0.000000
vt 0.500000 0.000000
vt 0.625000 0.000000
vt 0.750000 0.000000
vt 0.875000 0.000000
vt 1.000000 0.000000
vt 1.000000 0.500000
vt 0.853750 0.853750
vt 0.146250 0.853750
vt 0.000000 0.500000
vt 0.146250 0.146250
vt 0.500000 0.000000
vt 0.853750 0.146250
vt 0.946880 0.000000
vt 0.946880 0.034953
vt 0.000000 0.034953
vt 0.000000 0.000000
vt 0.946880 0.965047
vt 0.000000 0.965047
vt 0.946880 1.000000
vt 1.000000 0.034953
vt 0.973440 0.000000
vt 1.000000 0.965047
vt 0.973440 1.000000
vt 0.929009 0.000000
vt 0.929009 0.034953
vt 0.929009 0.965047
vt 0.929009 1.000000
vt 0.964505 0.000000
vt 0.964505 1.000000
vt 1.000000 0.000000
vt 0.000000 0.975000
vt 0.125000 0.975000
vt 0.250000 0.975000
vt 0.375000 0.975000
vt 0.500000 0.975000
vt 0.625000 0.975000
vt 0.750000 0.975000
vt 0.875000 0.975000
vt 1.000000 0.975000
vt 0.000000 0.950000
vt 0.125000 0.950000
vt 0.250000 0.950000
vt 0.375000 0.950000
vt 0.500000 0.950000
vt 0.625000 0.950000
vt 0.750000 0.950000
vt 0.875000 0.950000
vt 1.000000 0.950000
vt 0.000000 0.925000
vt 0.125000 0.925000
vt 0.250000 0.925000
vt 0.375000 0.925000
vt 0.500000 0.925000
vt 0.625000 0.925000
vt 0.750000 0.925000
vt 0.875000 0.925000
vt 1.000000 0.925000
vt 0.000000 0.900000
vt 0.125000 0.900000
vt 0.250000 0.900000
vt 0.375000 0.900000
vt 0.500000 0.900000
vt 0.625000 0.900000
vt 0.750000 0.900000
vt 0.875000 0.900000
vt 1.000000 0.900000
vt 0.000000 0.875000
vt 0.125000 0.875000
vt 0.250000 0.875000
vt 0.375000 0.875000
vt 0.500000 0.875000
vt 0.625000 0.875000
vt 0.750000 0.875000
vt 0.875000 0.875000
vt 1.000000 0.875000
vt 0.000000 0.850000
vt 0.125000 0.850000
vt 0.250000 0.850000
vt 0.375000 0.850000
vt 0.500000 0.850000
vt 0.625000 0.850000
vt 0.750000 0.850000
vt 0.875000 0.850000
vt 1.000000 0.850000
vt 0.000000 0.825000
vt 0.125000 0.825000
vt 0.250000 0.825000
vt 0.375000 0.825000
vt 0.500000 0.825000
vt 0.625000 0.825000
vt 0.750000 0.825000
vt 0.875000 0.825000
vt 1.000000 0.825000
vt 0.000000 0.800000
vt 0.125000 0.800000
vt 0.250000 0.800000
vt 0.375000 0.800000
vt 0.500000 0.800000
vt 0.625000 0.800000
vt 0.750000 0.800000
vt 0.875000 0.800000
vt 1.000000 0.800000
vt 0.000000 0.775000
vt 0.125000 0.775000
vt 0.250000 0.775000
vt 0.375000 0.775000
vt 0.500000 0.775000
vt 0.625000 0.775000
vt 0.750000 0.775000
vt 0.875000 0.775000
vt 1.000000 0.775000
vt 0.000000 0.750000
vt 0.125000 0.750000
vt 0.250000 0.750000
vt 0.375000 0.750000
vt 0.500000 0.750000
vt 0.625000 0.750000
vt 0.750000 0.750000
vt 0.875000 0.750000
vt 1.000000 0.750000
vt 0.000000 0.725000
vt 0.125000 0.725000
vt 0.250000 0.725000
vt 0.375000 0.725000
vt 0.500000 0.725000
vt 0.625000 0.725000
vt 0.750000 0.725000
vt 0.875000 0.725000
vt 1.000000 0.725000
vt 0.000000 0.700000
vt 0.125000 0.700000
vt 0.250000 0.700000
vt 0.375000 0.700000
vt 0.500000 0.700000
vt 0.625000 0.700000
vt 0.750000 0.700000
vt 0.875000 0.700000
vt 1.000000 0.700000
vt 0.000000 0.675000
vt 0.125000 0.675000
vt 0.250000 0.675000
vt 0.375000 0.675000
vt 0.500000 0.675000
vt 0.625000 0.675000
vt 0.750000 0.675000
vt 0.875000 0.675000
vt 1.000000 0.675000
vt 0.000000 0.650000
vt 0.125000 0.650000
vt 0.250000 0.650000
vt 0.375000 0.650000
vt 0.500000 0.650000
vt 0.625000 0.650000
vt 0.750000 0.650000
vt 0.875000 0.650000
vt 1.000000 0.650000
vt 0.000000 0.625000
vt 0.125000 0.625000
vt 0.250000 0.625000
vt 0.375000 0.625000
vt 0.500000 0.625000
vt 0.625000 0.625000
vt 0.750000 0.625000
vt 0.875000 0.625000
vt 1.000000 0.625000
vt 0.000000 0.600000
vt 0.125000 0.600000
vt 0.250000 0.600000
vt 0.375000 0.600000
vt 0.500000 0.600000
vt 0.625000 0.600000
vt 0.750000 0.600000
vt 0.875000 0.600000
vt 1.000000 0.600000
vt 0.000000 0.575000
vt 0.125000 0.575000
vt 0.250000 0.575000
vt 0.375000 0.575000
vt 0.500000 0.575000
vt 0.625000 0.575000
vt 0.750000 0.575000
vt 0.875000 0.575000
vt 1.000000 0.575000
vt 0.000000 0.550000
vt 0.125000 0.550000
vt 0.250000 0.550000
vt 0.375000 0.550000
vt 0.500000 0.550000
vt 0.625000 0.550000
vt 0.750000 0.550000
vt 0.875000 0.550000
vt 1.000000 0.550000
vt 0.000000 0.525000
vt 0.125000 0.525000
vt 0.250000 0.525000
vt 0.375000 0.525000
vt 0.500000 0.525000
vt 0.625000 0.525000
vt 0.750000 0.525000
vt 0.875000 0.525000
vt 1.000000 0.525000
vt 0.125000 0.500000
vt 0.250000 0.500000
vt 0.375000 0.500000
vt 0.500000 0.500000
vt 0.625000 0.500000
vt 0.750000 0.500000
vt 0.875000 0.500000
vt 0.000000 0.475000
vt 0.125000 0.475000
vt 0.250000 0.475000
vt 0.375000 0.475000
vt 0.500000 0.475000
vt 0.625000 0.475000
vt 0.750000 0.475000
vt 0.875000 0.475000
vt 1.000000 0.475000
vt 0.000000 0.450000
vt 0.125000 0.450000
vt 0.250000 0.450000
vt 0.375000 0.450000
vt 0.500000 0.450000
vt 0.625000 0.450000
vt 0.750000 0.450000
vt 0.875000 0.450000
vt 1.000000 0.450000
vt 0.000000 0.425000
vt 0.125000 0.425000
vt 0.250000 0.425000
vt 0.375000 0.425000
vt 0.500000 0.425000
vt 0.625000 0.425000
vt 0.750000 0.425000
vt 0.875000 0.425000
vt 1.000000 0.425000
vt 0.000000 0.400000
vt 0.125000 0.400000
vt 0.250000 0.400000
vt 0.375000 0.400000
vt 0.500000 0.400000
vt 0.625000 0.400000
vt 0.750000 0.400000
vt 0.875000 0.400000
vt 1.000000 0.400000
vt 0.000000 0.375000
vt 0.125000 0.375000
vt 0.250000 0.375000
vt 0.375000 0.375000
vt 0.500000 0.375000
vt 0.625000 0.375000
vt 0.750000 0.375000
vt 0.875000 0.375000
vt 1.000000 0.375000
vt 0.000000 0.350000
vt 0.125000 0.350000
vt 0.250000 0.350000
vt 0.375000 0.350000
vt 0.500000 0.350000
vt 0.625000 0.350000
vt 0.750000 0.350000
vt 0.875000 0.350000
vt 1.000000 0.350000
vt 0.000000 0.325000
vt 0.125000 0.325000
vt 0.250000 0.325000
vt 0.375000 0.325000
vt 0.500000 0.325000
vt 0.625000 0.325000
vt 0.750000 0.325000
vt 0.875000 0.325000
vt 1.000000 0.325000
vt 0.000000 0.300000
vt 0.125000 0.300000
vt 0.250000 0.300000
vt 0.375000 0.300000
vt 0.500000 0.300000
vt 0.625000 0.300000
vt 0.750000 0.300000
vt 0.875000 0.300000
vt 1.000000 0.300000
vt 0.000000 0.275000
vt 0.125000 0.275000
vt 0.250000 0.275000
vt 0.375000 0.275000
vt 0.500000 0.275000
vt 0.625000 0.275000
vt 0.750000 0.275000
vt 0.875000 0.275000
vt 1.000000 0.275000
vt 0.000000 0.250000
vt 0.125000 0.250000
vt 0.250000 0.250000
vt 0.375000 0.250000
vt 0.500000 0.250000
vt 0.625000 0.250000
vt 0.750000 0.250000
vt 0.875000 0.250000
vt 1.000000 0.250000
vt 0.000000 0.225000
vt 0.125000 0.225000
vt 0.250000 0.225000
vt 0.375000 0.225000
vt 0.500000 0.225000
vt 0.625000 0.225000
vt 0.750000 0.225000
vt 0.875000 0.225000
vt 1.000000 0.225000
vt 0.000000 0.200000
vt 0.125000 0.200000
vt 0.250000 0.200000
vt 0.375000 0.200000
vt 0.500000 0.200000
vt 0.625000 0.200000
vt 0.750000 0.200000
vt 0.875000 0.200000
vt 1.000000 0.200000
vt 0.000000 0.175000
vt 0.125000 0.175000
vt 0.250000 0.175000
vt 0.375000 0.175000
vt 0.500000 0.175000
vt 0.625000 0.175000
vt 0.750000 0.175000
vt 0.875000 0.175000
vt 1.000000 0.175000
vt 0.000000 0.150000
vt 0.125000 0.150000
vt 0.250000 0.150000
vt 0.375000 0.150000
vt 0.500000 0.150000
vt 0.625000 0.150000
vt 0.750000 0.150000
vt 0.875000 0.150000
vt 1.000000 0.150000
vt 0.000000 0.125000
vt 0.125000 0.125000
vt 0.250000 0.125000
vt 0.375000 0.125000
vt 0.500000 0.125000
vt 0.625000 0.125000
vt 0.750000 0.125000
vt 0.875000 0.125000
vt 1.000000 0.125000
vt 0.000000 0.100000
vt 0.125000 0.100000
vt 0.250000 0.100000
vt 0.375000 0.100000
vt 0.500000 0.100000
vt 0.625000 0.100000
vt 0.750000 0.100000
vt 0.875000 0.100000
vt 1.000000 0.100000
vt 0.000000 0.075000
vt 0.125000 0.075000
vt 0.250000 0.075000
vt 0.375000 0.075000
vt 0.500000 0.075000
vt 0.625000 0.075000
vt 0.750000 0.075000
vt 0.875000 0.075000
vt 1.000000 0.075000
vt 0.000000 0.050000
vt 0.125000 0.050000
vt 0.250000 0.050000
vt 0.375000 0.050000
vt 0.500000 0.050000
vt 0.625000 0.050000
vt 0.750000 0.050000
vt 0.875000 0.050000
vt 1.000000 0.050000
vt 0.000000 0.025000
vt 0.125000 0.025000
vt 0.250000 0.025000
vt 0.375000 0.025000
vt 0.500000 0.025000
vt 0.625000 0.025000
vt 0.750000 0.025000
vt 0.875000 0.025000
vt 1.000000 0.025000
vt 0.000000 0.000000
vt 0.125000 0.000000
vt 0.250000 0.000000
vt 0.375000 0.000000
vt 0.500000 0.000000
vt 0.625000 0.000000
vt 0.750000 0.000000
vt 0.875000 0.000000
vt 1.000000 0.000000
vt 0.038060 0.691342
vt 0.062500 0.000000
vt 0.062500 0.500000
vt 0.062500 1.000000
vt 0.961940 0.691342
vt 0.146447 0.853553
vt 0.125000 0.000000
vt 0.853553 0.853553
vt 0.308658 0.961940
vt 0.187500 0.000000
vt 0.187500 0.500000
vt 0.187500 1.000000
vt 0.691342 0.961940
vt 0.250000 0.000000
vt 0.312500 0.000000
vt 0.312500 0.500000
vt 0.312500 1.000000
vt 0.375000 0.000000
vt 0.437500 0.000000
vt 0.437500 0.500000
vt 0.437500 1.000000
vt 0.961940 0.308658
vt 0.562500 0.000000
vt 0.562500 0.500000
vt 0.562500 1.000000
vt 0.038060 0.308658
vt 0.853553 0.146447
vt 0.625000 0.000000
vt 0.146447 0.146447
vt 0.691342 0.038060
vt 0.687500 0.000000
vt 0.687500 0.500000
vt 0.687500 1.000000
vt 0.308658 0.038060
vt 0.750000 0.000000
vt 0.812500 0.000000
vt 0.812500 0.500000
vt 0.812500 1.000000
vt 0.875000 0.000000
vt 0.937500 0.000000
vt 0.937500 0.500000
vt 0.937500 1.000000
vt 0.019253 1.000000
vt 0.019253 0.000000
vt 0.037628 1.000000
vt 0.037628 0.000000
vt 0.056948 1.000000
vt 0.056948 0.000000
vt 0.076267 1.000000
vt 0.076267 0.000000
vt 0.095539 1.000000
vt 0.095539 0.000000
vt 0.114838 1.000000
vt 0.114838 0.000000
vt 0.134135 1.000000
vt 0.134135 0.000000
vt 0.153442 1.000000
vt 0.153442 0.000000
vt 0.172748 1.000000
vt 0.172748 0.000000
vt 0.192023 1.000000
vt 0.192023 0.000000
vt 0.211327 1.000000
vt 0.211327 0.000000
vt 0.230616 1.000000
vt 0.230616 0.000000
vt 0.249911 1.000000
vt 0.249911 0.000000
vt 0.269203 1.000000
vt 0.269203 0.000000
vt 0.288502 1.000000
vt 0.288502 0.000000
vt 0.307780 1.000000
vt 0.307780 0.000000
vt 0.327093 1.000000
vt 0.327093 0.000000
vt 0.346383 1.000000
vt 0.346383 0.000000
vt 0.365645 1.000000
vt 0.365645 0.000000
vt 0.384957 1.000000
vt 0.384957 0.000000
vt 0.404249 1.000000
vt 0.404249 0.000000
vt 0.423535 1.000000
vt 0.423535 0.000000
vt 0.442854 1.000000
vt 0.442854 0.000000
vt 0.462172 1.000000
vt 0.462172 0.000000
vt 0.481049 1.000000
vt 0.481049 0.000000
vt 0.500187 1.000000
vt 0.500187 0.000000
vt 0.519390 1.000000
vt 0.519390 0.000000
vt 0.536987 1.000000
vt 0.536987 0.000000
vt 0.556265 1.000000
vt 0.556265 0.000000
vt 0.575574 1.000000
vt 0.575574 0.000000
vt 0.594866 1.000000
vt 0.594866 0.000000
vt 0.614181 1.000000
vt 0.614181 0.000000
vt 0.633485 1.000000
vt 0.633485 0.000000
vt 0.652764 1.000000
vt 0.652764 0.000000
vt 0.672068 1.000000
vt 0.672068 0.000000
vt 0.691364 1.000000
vt 0.691364 0.000000
vt 0.710650 1.000000
vt 0.710650 0.000000
vt 0.729955 1.000000
vt 0.729955 0.000000
vt 0.749244 1.000000
vt 0.749244 0.000000
vt 0.768539 1.000000
vt 0.768539 0.000000
vt 0.787826 1.000000
vt 0.787826 0.000000
vt 0.807130 1.000000
vt 0.807130 0.000000
vt 0.826425 1.000000
vt 0.826425 0.000000
vt 0.845702 1.000000
vt 0.845702 0.000000
vt 0.865022 1.000000
vt 0.865022 0.000000
vt 0.884275 1.000000
vt 0.884275 0.000000
vt 0.903614 1.000000
vt 0.903614 0.000000
vt 0.922907 1.000000
vt 0.922907 0.000000
vt 0.942182 1.000000
vt 0.942182 0.000000
vt 0.961504 1.000000
vt 0.961504 0.000000
vt 0.980723 1.000000
vt 0.980723 0.000000
vt 0.959885 0.995996
vt 0.919889 0.995996
vt 0.879680 0.995996
vt 0.839569 0.995996
vt 0.799420 0.995996
vt 0.759175 0.995996
vt 0.719110 0.995996
vt 0.678904 0.995996
vt 0.638788 0.995996
vt 0.598636 0.995996
vt 0.558464 0.995996
vt 0.518327 0.995996
vt 0.478176 0.995996
vt 0.438034 0.995996
vt 0.397861 0.995996
vt 0.357726 0.995996
vt 0.317571 0.995996
vt 0.277400 0.995996
vt 0.237280 0.995996
vt 0.197108 0.995996
vt 0.156913 0.995996
vt 0.116765 0.995996
vt 0.076584 0.995996
vt 0.036649 0.995996
vt 0.004980 0.993090
vt 0.013097 0.959494
vt 0.035048 0.928427
vt 0.068689 0.911914
vt 0.107903 0.909245
vt 0.147955 0.908662
vt 0.188022 0.908906
vt 0.228124 0.909628
vt 0.268270 0.910675
vt 0.308313 0.911957
vt 0.348413 0.913427
vt 0.388557 0.915048
vt 0.428625 0.916793
vt 0.468732 0.918647
vt 0.508822 0.920594
vt 0.548917 0.922624
vt 0.588995 0.924729
vt 0.629101 0.926904
vt 0.669145 0.929139
vt 0.709248 0.931438
vt 0.749353 0.933794
vt 0.789431 0.936206
vt 0.829510 0.938675
vt 0.869529 0.941203
vt 0.909637 0.943811
vt 0.948625 0.946488
vt 0.978197 0.967293
vt 0.993357 0.995996
vt 0.998054 0.998827
vt 0.980383 0.965369
vt 0.981288 0.964572
vt 0.949607 0.943718
vt 0.950014 0.942571
vt 0.909825 0.940986
vt 0.909904 0.939816
vt 0.869710 0.938377
vt 0.869785 0.937207
vt 0.829686 0.935850
vt 0.829759 0.934679
vt 0.789603 0.933380
vt 0.789674 0.932209
vt 0.749521 0.930968
vt 0.749590 0.929797
vt 0.709412 0.928611
vt 0.709480 0.927441
vt 0.669305 0.926312
vt 0.669371 0.925142
vt 0.629256 0.924077
vt 0.629321 0.922906
vt 0.589146 0.921902
vt 0.589208 0.920730
vt 0.549063 0.919797
vt 0.549124 0.918625
vt 0.508963 0.917766
vt 0.509021 0.916595
vt 0.468866 0.915819
vt 0.468922 0.914647
vt 0.428751 0.913965
vt 0.428804 0.912793
vt 0.388675 0.912220
vt 0.388725 0.911048
vt 0.348522 0.910598
vt 0.348567 0.909426
vt 0.308410 0.909128
vt 0.308450 0.907956
vt 0.268352 0.907845
vt 0.268386 0.906673
vt 0.228187 0.906798
vt 0.228212 0.905625
vt 0.188056 0.906075
vt 0.188070 0.904902
vt 0.147943 0.905831
vt 0.147938 0.904658
vt 0.107787 0.906415
vt 0.107738 0.905243
vt 0.067941 0.909127
vt 0.067632 0.907973
vt 0.033153 0.926204
vt 0.032367 0.925283
vt 0.010472 0.958303
vt 0.009385 0.957809
vt 0.001459 0.995610
vt 0.000000 0.996654
vt 0.036520 0.998827
vt 0.036466 1.000000
vt 0.076584 0.998827
vt 0.076584 1.000000
vt 0.116765 0.998827
vt 0.116765 1.000000
vt 0.156913 0.998827
vt 0.156913 1.000000
vt 0.197108 0.998827
vt 0.197108 1.000000
vt 0.237280 0.998827
vt 0.237280 1.000000
vt 0.277400 0.998827
vt 0.277400 1.000000
vt 0.317571 0.998827
vt 0.317571 1.000000
vt 0.357726 0.998827
vt 0.357726 1.000000
vt 0.397861 0.998827
vt 0.397861 1.000000
vt 0.438034 0.998827
vt 0.438034 1.000000
vt 0.478176 0.998827
vt 0.478176 1.000000
vt 0.518327 0.998827
vt 0.518327 1.000000
vt 0.558464 0.998827
vt 0.558464 1.000000
vt 0.598636 0.998827
vt 0.598636 1.000000
vt 0.638788 0.998827
vt 0.638788 1.000000
vt 0.678904 0.998827
vt 0.678904 1.000000
vt 0.719110 0.998827
vt 0.719110 1.000000
vt 0.759175 0.998827
vt 0.759175 1.000000
vt 0.799420 0.998827
vt 0.799420 1.000000
vt 0.839569 0.998827
vt 0.839569 1.000000
vt 0.879680 0.998827
vt 0.879680 1.000000
vt 0.919889 0.998827
vt 0.919889 1.000000
vt 0.959885 0.998827
vt 0.959885 1.000000
vt 0.036053 0.000000
vt 0.036053 1.000000
vt 0.072217 0.000000
vt 0.072217 1.000000
vt 0.108386 0.000000
vt 0.108386 1.000000
vt 0.144538 0.000000
vt 0.144538 1.000000
vt 0.180699 0.000000
vt 0.180699 1.000000
vt 0.216858 0.000000
vt 0.216858 1.000000
vt 0.253011 0.000000
vt 0.253011 1.000000
vt 0.289161 0.000000
vt 0.289161 1.000000
vt 0.325300 0.000000
vt 0.325300 1.000000
vt 0.361458 0.000000
vt 0.361458 1.000000
vt 0.397618 0.000000
vt 0.397618 1.000000
vt 0.433805 0.000000
vt 0.433805 1.000000
vt 0.463810 0.000000
vt 0.463810 1.000000
vt 0.499744 0.000000
vt 0.499744 1.000000
vt 0.533397 0.000000
vt 0.533397 1.000000
vt 0.569606 0.000000
vt 0.569606 1.000000
vt 0.605758 0.000000
vt 0.605758 1.000000
vt 0.641874 0.000000
vt 0.641874 1.000000
vt 0.678030 0.000000
vt 0.678030 1.000000
vt 0.714186 0.000000
vt 0.714186 1.000000
vt 0.750343 0.000000
vt 0.750343 1.000000
vt 0.786499 0.000000
vt 0.786499 1.000000
vt 0.822656 0.000000
vt 0.822656 1.000000
vt 0.858799 0.000000
vt 0.858799 1.000000
vt 0.894972 0.000000
vt 0.894972 1.000000
vt 0.931109 0.000000
vt 0.931109 1.000000
vt 0.964340 0.000000
vt 0.964340 1.000000
vt 0.264344 0.016758
vt 0.253422 0.085621
vt 0.241126 0.163149
vt 0.228828 0.240688
vt 0.216536 0.318190
vt 0.204241 0.395711
vt 0.191947 0.473227
vt 0.179655 0.550731
vt 0.167364 0.628228
vt 0.155076 0.705702
vt 0.142782 0.783218
vt 0.130487 0.860736
vt 0.118330 0.937387
vt 0.097319 0.989444
vt 0.035105 0.966156
vt 0.008460 0.904341
vt 0.017374 0.828580
vt 0.028311 0.751015
vt 0.040054 0.673582
vt 0.052404 0.596140
vt 0.065280 0.518781
vt 0.078684 0.441514
vt 0.092669 0.364361
vt 0.107355 0.287356
vt 0.122968 0.210605
vt 0.140026 0.134213
vt 0.159655 0.060228
vt 0.200609 0.008770
vt 0.197035 0.000000
vt 0.198082 0.002569
vt 0.154325 0.057548
vt 0.152117 0.056439
vt 0.134352 0.132827
vt 0.132002 0.132254
vt 0.117257 0.209387
vt 0.114892 0.208882
vt 0.101626 0.286227
vt 0.099253 0.285759
vt 0.086928 0.363293
vt 0.084551 0.362851
vt 0.072935 0.440495
vt 0.070553 0.440072
vt 0.059524 0.517803
vt 0.057139 0.517397
vt 0.046641 0.595201
vt 0.044254 0.594812
vt 0.034285 0.672685
vt 0.031895 0.672313
vt 0.022534 0.750169
vt 0.020141 0.749819
vt 0.011583 0.827832
vt 0.009184 0.827521
vt 0.002478 0.905214
vt 0.000000 0.905576
vt 0.030728 0.970752
vt 0.028915 0.972656
vt 0.100603 0.996908
vt 0.101963 1.000000
vt 0.123993 0.938957
vt 0.126339 0.939607
vt 0.136254 0.861650
vt 0.138643 0.862029
vt 0.148549 0.784132
vt 0.150938 0.784511
vt 0.160843 0.706616
vt 0.163232 0.706995
vt 0.173131 0.629143
vt 0.175519 0.629521
vt 0.185422 0.551646
vt 0.187810 0.552025
vt 0.197714 0.474141
vt 0.200103 0.474520
vt 0.210008 0.396625
vt 0.212397 0.397004
vt 0.222303 0.319104
vt 0.224692 0.319483
vt 0.234595 0.241602
vt 0.236984 0.241981
vt 0.246893 0.164063
vt 0.249282 0.164442
vt 0.259189 0.086535
vt 0.261578 0.086914
vt 0.271056 0.011714
vt 0.273836 0.009625
vt 0.016006 0.000000
vt 0.016006 1.000000
vt 0.032118 0.000000
vt 0.032118 1.000000
vt 0.048154 0.000000
vt 0.048154 1.000000
vt 0.064221 0.000000
vt 0.064221 1.000000
vt 0.080279 0.000000
vt 0.080279 1.000000
vt 0.096347 0.000000
vt 0.096347 1.000000
vt 0.112414 0.000000
vt 0.112414 1.000000
vt 0.128479 0.000000
vt 0.128479 1.000000
vt 0.144541 0.000000
vt 0.144541 1.000000
vt 0.160600 0.000000
vt 0.160600 1.000000
vt 0.176668 0.000000
vt 0.176668 1.000000
vt 0.192744 0.000000
vt 0.192744 1.000000
vt 0.208799 0.000000
vt 0.208799 1.000000
vt 0.224881 0.000000
vt 0.224881 1.000000
vt 0.240933 0.000000
vt 0.240933 1.000000
vt 0.256963 0.000000
vt 0.256963 1.000000
vt 0.270980 0.000000
vt 0.270980 1.000000
vt 0.287038 0.000000
vt 0.287038 1.000000
vt 0.303115 0.000000
vt 0.303115 1.000000
vt 0.319174 0.000000
vt 0.319174 1.000000
vt 0.335240 0.000000
vt 0.335240 1.000000
vt 0.351304 0.000000
vt 0.351304 1.000000
vt 0.367365 0.000000
vt 0.367365 1.000000
vt 0.383426 0.000000
vt 0.383426 1.000000
vt 0.399498 0.000000
vt 0.399498 1.000000
vt 0.415560 0.000000
vt 0.415560 1.000000
vt 0.431640 0.000000
vt 0.431640 1.000000
vt 0.441635 0.000000
vt 0.441635 1.000000
vt 0.457469 0.000000
vt 0.457469 1.000000
vt 0.473475 0.000000
vt 0.473475 1.000000
vt 0.489562 0.000000
vt 0.489562 1.000000
vt 0.505628 0.000000
vt 0.505628 1.000000
vt 0.521700 0.000000
vt 0.521700 1.000000
vt 0.537746 0.000000
vt 0.537746 1.000000
vt 0.553816 0.000000
vt 0.553816 1.000000
vt 0.569877 0.000000
vt 0.569877 1.000000
vt 0.585940 0.000000
vt 0.585940 1.000000
vt 0.602008 0.000000
vt 0.602008 1.000000
vt 0.618064 0.000000
vt 0.618064 1.000000
vt 0.634139 0.000000
vt 0.634139 1.000000
vt 0.650201 0.000000
vt 0.650201 1.000000
vt 0.666266 0.000000
vt 0.666266 1.000000
vt 0.682308 0.000000
vt 0.682308 1.000000
vt 0.698055 0.000000
vt 0.698055 1.000000
vt 0.713963 0.000000
vt 0.713963 1.000000
vt 0.730028 0.000000
vt 0.730028 1.000000
vt 0.746094 0.000000
vt 0.746094 1.000000
vt 0.762157 0.000000
vt 0.762157 1.000000
vt 0.778219 0.000000
vt 0.778219 1.000000
vt 0.794282 0.000000
vt 0.794282 1.000000
vt 0.810342 0.000000
vt 0.810342 1.000000
vt 0.826411 0.000000
vt 0.826411 1.000000
vt 0.842476 0.000000
vt 0.842476 1.000000
vt 0.858544 0.000000
vt 0.858544 1.000000
vt 0.874383 0.000000
vt 0.874383 1.000000
vt 0.890453 0.000000
vt 0.890453 1.000000
vt 0.906509 0.000000
vt 0.906509 1.000000
vt 0.922575 0.000000
vt 0.922575 1.000000
vt 0.938639 0.000000
vt 0.938639 1.000000
vt 0.954698 0.000000
vt 0.954698 1.000000
vt 0.970760 0.000000
vt 0.970760 1.000000
vt 0.986838 0.000000
vt 0.986838 1.000000
vt 0.000000 0.758820
vt 0.053272 0.758916
vt 0.106896 0.759013
vt 0.160265 0.759109
vt 0.213741 0.759205
vt 0.267185 0.759301
vt 0.320662 0.759397
vt 0.374135 0.759493
vt 0.427602 0.759589
vt 0.481061 0.759686
vt 0.534507 0.759782
vt 0.587988 0.759878
vt 0.641490 0.759974
vt 0.694923 0.760070
vt 0.748447 0.760167
vt 0.801871 0.760263
vt 0.855225 0.760359
vt 0.870793 0.716383
vt 0.878859 0.663552
vt 0.886935 0.610655
vt 0.895001 0.557821
vt 0.903071 0.504964
vt 0.911140 0.452109
vt 0.919208 0.399267
vt 0.927275 0.346426
vt 0.935348 0.293547
vt 0.943416 0.240703
vt 0.951493 0.187798
vt 0.968433 0.159170
vt 0.989903 0.207295
vt 0.992514 0.260503
vt 0.994686 0.314000
vt 0.996637 0.367437
vt 0.998223 0.420904
vt 0.999363 0.474296
vt 0.999986 0.527778
vt 1.000000 0.581230
vt 0.999289 0.634687
vt 0.997695 0.688140
vt 0.994991 0.741509
vt 0.990818 0.794846
vt 0.984592 0.847940
vt 0.975165 0.900571
vt 0.959781 0.951698
vt 0.928512 0.993756
vt 0.875746 0.998126
vt 0.822281 0.998641
vt 0.768813 0.999028
vt 0.715351 0.999333
vt 0.661894 0.999578
vt 0.608434 0.999769
vt 0.554984 0.999910
vt 0.501501 0.999994
vt 0.448035 1.000000
vt 0.394559 0.999819
vt 0.344027 0.984796
vt 0.296262 0.960733
vt 0.249350 0.935144
vt 0.202859 0.908732
vt 0.156695 0.881763
vt 0.110819 0.854337
vt 0.065224 0.826433
vt 0.020029 0.797777
vt 0.000000 0.986486
vt 0.125000 0.986486
vt 0.250000 0.986486
vt 0.375000 0.986486
vt 0.500000 0.986486
vt 0.625000 0.986486
vt 0.750000 0.986486
vt 0.875000 0.986486
vt 1.000000 0.986486
vt 0.000000 0.972973
vt 0.125000 0.972973
vt 0.250000 0.972973
vt 0.375000 0.972973
vt 0.500000 0.972973
vt 0.625000 0.972973
vt 0.750000 0.972973
vt 0.875000 0.972973
vt 1.000000 0.972973
vt 0.000000 0.959459
vt 0.125000 0.959459
vt 0.250000 0.959459
vt 0.375000 0.959459
vt 0.500000 0.959459
vt 0.625000 0.959459
vt 0.750000 0.959459
vt 0.875000 0.959459
vt 1.000000 0.959459
vt 0.000000 0.945946
vt 0.125000 0.945946
vt 0.250000 0.945946
vt 0.375000 0.945946
vt 0.500000 0.945946
vt 0.625000 0.945946
vt 0.750000 0.945946
vt 0.875000 0.945946
vt 1.000000 0.945946
vt 0.000000 0.932432
vt 0.125000 0.932432
vt 0.250000 0.932432
vt 0.375000 0.932432
vt 0.500000 0.932432
vt 0.625000 0.932432
vt 0.750000 0.932432
vt 0.875000 0.932432
vt 1.000000 0.932432
vt 0.000000 0.918919
vt 0.125000 0.918919
vt 0.250000 0.918919
vt 0.375000 0.918919
vt 0.500000 0.918919
vt 0.625000 0.918919
vt 0.750000 0.918919
vt 0.875000 0.918919
vt 1.000000 0.918919
vt 0.000000 0.905405
vt 0.125000 0.905405
vt 0.250000 0.905405
vt 0.375000 0.905405
vt 0.500000 0.905405
vt 0.625000 0.905405
vt 0.750000 0.905405
vt 0.875000 0.905405
vt 1.000000 0.905405
vt 0.000000 0.891892
vt 0.125000 0.891892
vt 0.250000 0.891892
vt 0.375000 0.891892
vt 0.500000 0.891892
vt 0.625000 0.891892
vt 0.750000 0.891892
vt 0.875000 0.891892
vt 1.000000 0.891892
vt 0.000000 0.878378
vt 0.125000 0.878378
vt 0.250000 0.878378
vt 0.375000 0.878378
vt 0.500000 0.878378
vt 0.625000 0.878378
vt 0.750000 0.878378
vt 0.875000 0.878378
vt 1.000000 0.878378
vt 0.000000 0.864865
vt 0.125000 0.864865
vt 0.250000 0.864865
vt 0.375000 0.864865
vt 0.500000 0.864865
vt 0.625000 0.864865
vt 0.750000 0.864865
vt 0.875000 0.864865
vt 1.000000 0.864865
vt 0.000000 0.851351
vt 0.125000 0.851351
vt 0.250000 0.851351
vt 0.375000 0.851351
vt 0.500000 0.851351
vt 0.625000 0.851351
vt 0.750000 0.851351
vt 0.875000 0.851351
vt 1.000000 0.851351
vt 0.000000 0.837838
vt 0.125000 0.837838
vt 0.250000 0.837838
vt 0.375000 0.837838
vt 0.500000 0.837838
vt 0.625000 0.837838
vt 0.750000 0.837838
vt 0.875000 0.837838
vt 1.000000 0.837838
vt 0.000000 0.824324
vt 0.125000 0.824324
vt 0.250000 0.824324
vt 0.375000 0.824324
vt 0.500000 0.824324
vt 0.625000 0.824324
vt 0.750000 0.824324
vt 0.875000 0.824324
vt 1.000000 0.824324
vt 0.000000 0.810811
vt 0.125000 0.810811
vt 0.250000 0.810811
vt 0.375000 0.810811
vt 0.500000 0.810811
vt 0.625000 0.810811
vt 0.750000 0.810811
vt 0.875000 0.810811
vt 1.000000 0.810811
vt 0.000000 0.797297
vt 0.125000 0.797297
vt 0.250000 0.797297
vt 0.375000 0.797297
vt 0.500000 0.797297
vt 0.625000 0.797297
vt 0.750000 0.797297
vt 0.875000 0.797297
vt 1.000000 0.797297
vt 0.000000 0.783784
vt 0.125000 0.783784
vt 0.250000 0.783784
vt 0.375000 0.783784
vt 0.500000 0.783784
vt 0.625000 0.783784
vt 0.750000 0.783784
vt 0.875000 0.783784
vt 1.000000 0.783784
vt 0.000000 0.770270
vt 0.125000 0.770270
vt 0.250000 0.770270
vt 0.375000 0.770270
vt 0.500000 0.770270
vt 0.625000 0.770270
vt 0.750000 0.770270
vt 0.875000 0.770270
vt 1.000000 0.770270
vt 0.000000 0.756757
vt 0.125000 0.756757
vt 0.250000 0.756757
vt 0.375000 0.756757
vt 0.500000 0.756757
vt 0.625000 0.756757
vt 0.750000 0.756757
vt 0.875000 0.756757
vt 1.000000 0.756757
vt 0.000000 0.743243
vt 0.125000 0.743243
vt 0.250000 0.743243
vt 0.375000 0.743243
vt 0.500000 0.743243
vt 0.625000 0.743243
vt 0.750000 0.743243
vt 0.875000 0.743243
vt 1.000000 0.743243
vt 0.000000 0.729730
vt 0.125000 0.729730
vt 0.250000 0.729730
vt 0.375000 0.729730
vt 0.500000 0.729730
vt 0.625000 0.729730
vt 0.750000 0.729730
vt 0.875000 0.729730
vt 1.000000 0.729730
vt 0.000000 0.716216
vt 0.125000 0.716216
vt 0.250000 0.716216
vt 0.375000 0.716216
vt 0.500000 0.716216
vt 0.625000 0.716216
vt 0.750000 0.716216
vt 0.875000 0.716216
vt 1.000000 0.716216
vt 0.000000 0.702703
vt 0.125000 0.702703
vt 0.250000 0.702703
vt 0.375000 0.702703
vt 0.500000 0.702703
vt 0.625000 0.702703
vt 0.750000 0.702703
vt 0.875000 0.702703
vt 1.000000 0.702703
vt 0.000000 0.689189
vt 0.125000 0.689189
vt 0.250000 0.689189
vt 0.375000 0.689189
vt 0.500000 0.689189
vt 0.625000 0.689189
vt 0.750000 0.689189
vt 0.875000 0.689189
vt 1.000000 0.689189
vt 0.000000 0.675676
vt 0.125000 0.675676
vt 0.250000 0.675676
vt 0.375000 0.675676
vt 0.500000 0.675676
vt 0.625000 0.675676
vt 0.750000 0.675676
vt 0.875000 0.675676
vt 1.000000 0.675676
vt 0.000000 0.662162
vt 0.125000 0.662162
vt 0.250000 0.662162
vt 0.375000 0.662162
vt 0.500000 0.662162
vt 0.625000 0.662162
vt 0.750000 0.662162
vt 0.875000 0.662162
vt 1.000000 0.662162
vt 0.000000 0.648649
vt 0.125000 0.648649
vt 0.250000 0.648649
vt 0.375000 0.648649
vt 0.500000 0.648649
vt 0.625000 0.648649
vt 0.750000 0.648649
vt 0.875000 0.648649
vt 1.000000 0.648649
vt 0.000000 0.635135
vt 0.125000 0.635135
vt 0.250000 0.635135
vt 0.375000 0.635135
vt 0.500000 0.635135
vt 0.625000 0.635135
vt 0.750000 0.635135
vt 0.875000 0.635135
vt 1.000000 0.635135
vt 0.000000 0.621622
vt 0.125000 0.621622
vt 0.250000 0.621622
vt 0.375000 0.621622
vt 0.500000 0.621622
vt 0.625000 0.621622
vt 0.750000 0.621622
vt 0.875000 0.621622
vt 1.000000 0.621622
vt 0.000000 0.608108
vt 0.125000 0.608108
vt 0.250000 0.608108
vt 0.375000 0.608108
vt 0.500000 0.608108
vt 0.625000 0.608108
vt 0.750000 0.608108
vt 0.875000 0.608108
vt 1.000000 0.608108
vt 0.000000 0.594595
vt 0.125000 0.594595
vt 0.250000 0.594595
vt 0.375000 0.594595
vt 0.500000 0.594595
vt 0.625000 0.594595
vt 0.750000 0.594595
vt 0.875000 0.594595
vt 1.000000 0.594595
vt 0.000000 0.581081
vt 0.125000 0.581081
vt 0.250000 0.581081
vt 0.375000 0.581081
vt 0.500000 0.581081
vt 0.625000 0.581081
vt 0.750000 0.581081
vt 0.875000 0.581081
vt 1.000000 0.581081
vt 0.000000 0.567568
vt 0.125000 0.567568
vt 0.250000 0.567568
vt 0.375000 0.567568
vt 0.500000 0.567568
vt 0.625000 0.567568
vt 0.750000 0.567568
vt 0.875000 0.567568
vt 1.000000 0.567568
vt 0.000000 0.554054
vt 0.125000 0.554054
vt 0.250000 0.554054
vt 0.375000 0.554054
vt 0.500000 0.554054
vt 0.625000 0.554054
vt 0.750000 0.554054
vt 0.875000 0.554054
vt 1.000000 0.554054
vt 0.000000 0.540541
vt 0.125000 0.540541
vt 0.250000 0.540541
vt 0.375000 0.540541
vt 0.500000 0.540541
vt 0.625000 0.540541
vt 0.750000 0.540541
vt 0.875000 0.540541
vt 1.000000 0.540541
vt 0.000000 0.527027
vt 0.125000 0.527027
vt 0.250000 0.527027
vt 0.375000 0.527027
vt 0.500000 0.527027
vt 0.625000 0.527027
vt 0.750000 0.527027
vt 0.875000 0.527027
vt 1.000000 0.527027
vt 0.000000 0.513514
vt 0.125000 0.513514
vt 0.250000 0.513514
vt 0.375000 0.513514
vt 0.500000 0.513514
vt 0.625000 0.513514
vt 0.750000 0.513514
vt 0.875000 0.513514
vt 1.000000 0.513514
vt 0.000000 0.500000
vt 0.125000 0.500000
vt 0.250000 0.500000
vt 0.375000 0.500000
vt 0.500000 0.500000
vt 0.625000 0.500000
vt 0.750000 0.500000
vt 0.875000 0.500000
vt 1.000000 0.500000
vt 0.000000 0.486487
vt 0.125000 0.486487
vt 0.250000 0.486487
vt 0.375000 0.486487
vt 0.500000 0.486487
vt 0.625000 0.486487
vt 0.750000 0.486487
vt 0.875000 0.486487
vt 1.000000 0.486487
vt 0.000000 0.472973
vt 0.125000 0.472973
vt 0.250000 0.472973
vt 0.375000 0.472973
vt 0.500000 0.472973
vt 0.625000 0.472973
vt 0.750000 0.472973
vt 0.875000 0.472973
vt 1.000000 0.472973
vt 0.000000 0.459460
vt 0.125000 0.459460
vt 0.250000 0.459460
vt 0.375000 0.459460
vt 0.500000 0.459460
vt 0.625000 0.459460
vt 0.750000 0.459460
vt 0.875000 0.459460
vt 1.000000 0.459460
vt 0.000000 0.445946
vt 0.125000 0.445946
vt 0.250000 0.445946
vt 0.375000 0.445946
vt 0.500000 0.445946
vt 0.625000 0.445946
vt 0.750000 0.445946
vt 0.875000 0.445946
vt 1.000000 0.445946
vt 0.000000 0.432433
vt 0.125000 0.432433
vt 0.250000 0.432433
vt 0.375000 0.432433
vt 0.500000 0.432433
vt 0.625000 0.432433
vt 0.750000 0.432433
vt 0.875000 0.432433
vt 1.000000 0.432433
vt 0.000000 0.418919
vt 0.125000 0.418919
vt 0.250000 0.418919
vt 0.375000 0.418919
vt 0.500000 0.418919
vt 0.625000 0.418919
vt 0.750000 0.418919
vt 0.875000 0.418919
vt 1.000000 0.418919
vt 0.000000 0.405406
vt 0.125000 0.405406
vt 0.250000 0.405406
vt 0.375000 0.405406
vt 0.500000 0.405406
vt 0.625000 0.405406
vt 0.750000 0.405406
vt 0.875000 0.405406
vt 1.000000 0.405406
vt 0.000000 0.391892
vt 0.125000 0.391892
vt 0.250000 0.391892
vt 0.375000 0.391892
vt 0.500000 0.391892
vt 0.625000 0.391892
vt 0.750000 0.391892
vt 0.875000 0.391892
vt 1.000000 0.391892
vt 0.000000 0.378379
vt 0.125000 0.378379
vt 0.250000 0.378379
vt 0.375000 0.378379
vt 0.500000 0.378379
vt 0.625000 0.378379
vt 0.750000 0.378379
vt 0.875000 0.378379
vt 1.000000 0.378379
vt 0.000000 0.364865
vt 0.125000 0.364865
vt 0.250000 0.364865
vt 0.375000 0.364865
vt 0.500000 0.364865
vt 0.625000 0.364865
vt 0.750000 0.364865
vt 0.875000 0.364865
vt 1.000000 0.364865
vt 0.000000 0.351351
vt 0.125000 0.351351
vt 0.250000 0.351351
vt 0.375000 0.351351
vt 0.500000 0.351351
vt 0.625000 0.351351
vt 0.750000 0.351351
vt 0.875000 0.351351
vt 1.000000 0.351351
vt 0.000000 0.337838
vt 0.125000 0.337838
vt 0.250000 0.337838
vt 0.375000 0.337838
vt 0.500000 0.337838
vt 0.625000 0.337838
vt 0.750000 0.337838
vt 0.875000 0.337838
vt 1.000000 0.337838
vt 0.000000 0.324324
vt 0.125000 0.324324
vt 0.250000 0.324324
vt 0.375000 0.324324
vt 0.500000 0.324324
vt 0.625000 0.324324
vt 0.750000 0.324324
vt 0.875000 0.324324
vt 1.000000 0.324324
vt 0.000000 0.310811
vt 0.125000 0.310811
vt 0.250000 0.310811
vt 0.375000 0.310811
vt 0.500000 0.310811
vt 0.625000 0.310811
vt 0.750000 0.310811
vt 0.875000 0.310811
vt 1.000000 0.310811
vt 0.000000 0.297297
vt 0.125000 0.297297
vt 0.250000 0.297297
vt 0.375000 0.297297
vt 0.500000 0.297297
vt 0.625000 0.297297
vt 0.750000 0.297297
vt 0.875000 0.297297
vt 1.000000 0.297297
vt 0.000000 0.283784
vt 0.125000 0.283784
vt 0.250000 0.283784
vt 0.375000 0.283784
vt 0.500000 0.283784
vt 0.625000 0.283784
vt 0.750000 0.283784
vt 0.875000 0.283784
vt 1.000000 0.283784
vt 0.000000 0.270270
vt 0.125000 0.270270
vt 0.250000 0.270270
vt 0.375000 0.270270
vt 0.500000 0.270270
vt 0.625000 0.270270
vt 0.750000 0.270270
vt 0.875000 0.270270
vt 1.000000 0.270270
vt 0.000000 0.256757
vt 0.125000 0.256757
vt 0.250000 0.256757
vt 0.375000 0.256757
vt 0.500000 0.256757
vt 0.625000 0.256757
vt 0.750000 0.256757
vt 0.875000 0.256757
vt 1.000000 0.256757
vt 0.000000 0.243243
vt 0.125000 0.243243
vt 0.250000 0.243243
vt 0.375000 0.243243
vt 0.500000 0.243243
vt 0.625000 0.243243
vt 0.750000 0.243243
vt 0.875000 0.243243
vt 1.000000 0.243243
vt 0.000000 0.229730
vt 0.125000 0.229730
vt 0.250000 0.229730
vt 0.375000 0.229730
vt 0.500000 0.229730
vt 0.625000 0.229730
vt 0.750000 0.229730
vt 0.875000 0.229730
vt 1.000000 0.229730
vt 0.000000 0.216216
vt 0.125000 0.216216
vt 0.250000 0.216216
vt 0.375000 0.216216
vt 0.500000 0.216216
vt 0.625000 0.216216
vt 0.750000 0.216216
vt 0.875000 0.216216
vt 1.000000 0.216216
vt 0.000000 0.202703
vt 0.125000 0.202703
vt 0.250000 0.202703
vt 0.375000 0.202703
vt 0.500000 0.202703
vt 0.625000 0.202703
vt 0.750000 0.202703
vt 0.875000 0.202703
vt 1.000000 0.202703
vt 0.000000 0.189189
vt 0.125000 0.189189
vt 0.250000 0.189189
vt 0.375000 0.189189
vt 0.500000 0.189189
vt 0.625000 0.189189
vt 0.750000 0.189189
vt 0.875000 0.189189
vt 1.000000 0.189189
vt 0.000000 0.175676
vt 0.125000 0.175676
vt 0.250000 0.175676
vt 0.375000 0.175676
vt 0.500000 0.175676
vt 0.625000 0.175676
vt 0.750000 0.175676
vt 0.875000 0.175676
vt 1.000000 0.175676
vt 0.000000 0.162162
vt 0.125000 0.162162
vt 0.250000 0.162162
vt 0.375000 0.162162
vt 0.500000 0.162162
vt 0.625000 0.162162
vt 0.750000 0.162162
vt 0.875000 0.162162
vt 1.000000 0.162162
vt 0.000000 0.148649
vt 0.125000 0.148649
vt 0.250000 0.148649
vt 0.375000 0.148649
vt 0.500000 0.148649
vt 0.625000 0.148649
vt 0.750000 0.148649
vt 0.875000 0.148649
vt 1.000000 0.148649
vt 0.000000 0.135135
vt 0.125000 0.135135
vt 0.250000 0.135135
vt 0.375000 0.135135
vt 0.500000 0.135135
vt 0.625000 0.135135
vt 0.750000 0.135135
vt 0.875000 0.135135
vt 1.000000 0.135135
vt 0.000000 0.121622
vt 0.125000 0.121622
vt 0.250000 0.121622
vt 0.375000 0.121622
vt 0.500000 0.121622
vt 0.625000 0.121622
vt 0.750000 0.121622
vt 0.875000 0.121622
vt 1.000000 0.121622
vt 0.000000 0.108108
vt 0.125000 0.108108
vt 0.250000 0.108108
vt 0.375000 0.108108
vt 0.500000 0.108108
vt 0.625000 0.108108
vt 0.750000 0.108108
vt 0.875000 0.108108
vt 1.000000 0.108108
vt 0.000000 0.094595
vt 0.125000 0.094595
vt 0.250000 0.094595
vt 0.375000 0.094595
vt 0.500000 0.094595
vt 0.625000 0.094595
vt 0.750000 0.094595
vt 0.875000 0.094595
vt 1.000000 0.094595
vt 0.000000 0.081081
vt 0.125000 0.081081
vt 0.250000 0.081081
vt 0.375000 0.081081
vt 0.500000 0.081081
vt 0.625000 0.081081
vt 0.750000 0.081081
vt 0.875000 0.081081
vt 1.000000 0.081081
vt 0.000000 0.067568
vt 0.125000 0.067568
vt 0.250000 0.067568
vt 0.375000 0.067568
vt 0.500000 0.067568
vt 0.625000 0.067568
vt 0.750000 0.067568
vt 0.875000 0.067568
vt 1.000000 0.067568
vt 0.000000 0.054054
vt 0.125000 0.054054
vt 0.250000 0.054054
vt 0.375000 0.054054
vt 0.500000 0.054054
vt 0.625000 0.054054
vt 0.750000 0.054054
vt 0.875000 0.054054
vt 1.000000 0.054054
vt 0.000000 0.040541
vt 0.125000 0.040541
vt 0.250000 0.040541
vt 0.375000 0.040541
vt 0.500000 0.040541
vt 0.625000 0.040541
vt 0.750000 0.040541
vt 0.875000 0.040541
vt 1.000000 0.040541
vt 0.000000 0.027027
vt 0.125000 0.027027
vt 0.250000 0.027027
vt 0.375000 0.027027
vt 0.500000 0.027027
vt 0.625000 0.027027
vt 0.750000 0.027027
vt 0.875000 0.027027
vt 1.000000 0.027027
vt 0.000000 0.013514
vt 0.125000 0.013514
vt 0.250000 0.013514
vt 0.375000 0.013514
vt 0.500000 0.013514
vt 0.625000 0.013514
vt 0.750000 0.013514
vt 0.875000 0.013514
vt 1.000000 0.013514
s 1
usemtl METAL
f 9/1/1 10/2/2 2/3/3 1/4/4
f 10/2/2 11/5/5 3/6/5 2/3/3
f 11/5/5 12/7/6 4/8/7 3/6/5
f 12/7/6 13/9/8 5/10/9 4/8/7
f 13/9/8 14/11/10 6/12/11 5/10/9
f 14/11/10 15/13/12 7/14/12 6/12/11
f 15/13/12 16/15/13 8/16/14 7/14/12
f 16/15/13 9/17/1 1/18/4 8/16/14
f 17/19/15 18/20/16 10/2/2 9/1/1
f 18/20/16 19/21/5 11/5/5 10/2/2
f 19/21/5 20/22/17 12/7/6 11/5/5
f 20/22/17 21/23/18 13/9/8 12/7/6
f 21/23/18 22/24/19 14/11/10 13/9/8
f 22/24/19 23/25/12 15/13/12 14/11/10
f 23/25/12 24/26/20 16/15/13 15/13/12
f 24/26/20 17/27/15 9/17/1 16/15/13
f 25/28/21 26/29/22 18/20/16 17/19/15
f 26/29/22 27/30/5 19/21/5 18/20/16
f 27/30/5 28/31/23 20/22/17 19/21/5
f 28/31/23 29/32/24 21/23/18 20/22/17
f 29/32/24 30/33/25 22/24/19 21/23/18
f 30/33/25 31/34/12 23/25/12 22/24/19
f 31/34/12 32/35/26 24/26/20 23/25/12
f 32/35/26 25/36/21 17/27/15 24/26/20
f 33/37/27 34/38/28 26/29/22 25/28/21
f 34/38/28 35/39/5 27/30/5 26/29/22
f 35/39/5 36/40/29 28/31/23 27/30/5
f 36/40/29 37/41/30 29/32/24 28/31/23
f 37/41/30 38/42/31 30/33/25 29/32/24
f 38/42/31 39/43/12 31/34/12 30/33/25
f 39/43/12 40/44/32 32/35/26 31/34/12
f 40/44/32 33/45/27 25/36/21 32/35/26
f 41/46/33 42/47/34 34/38/28 33/37/27
f 42/47/34 43/48/5 35/39/5 34/38/28
f 43/48/5 44/49/35 36/40/29 35/39/5
f 44/49/35 45/50/36 37/41/30 36/40/29
f 45/50/36 46/51/37 38/42/31 37/41/30
f 46/51/37 47/52/12 39/43/12 38/42/31
f 47/52/12 48/53/38 40/44/32 39/43/12
f 48/53/38 41/54/33 33/45/27 40/44/32
f 49/55/39 50/56/40 42/47/34 41/46/33
f 50/56/40 51/57/5 43/48/5 42/47/34
f 51/57/5 52/58/41 44/49/35 43/48/5
f 52/58/41 53/59/42 45/50/36 44/49/35
f 53/59/42 54/60/43 46/51/37 45/50/36
f 54/60/43 55/61/12 47/52/12 46/51/37
f 55/61/12 56/62/44 48/53/38 47/52/12
f 56/62/44 49/63/39 41/54/33 48/53/38
f 57/64/45 58/65/46 50/56/40 49/55/39
f 58/65/46 59/66/5 51/57/5 50/56/40
f 59/66/5 60/67/47 52/58/41 51/57/5
f 60/67/47 61/68/48 53/59/42 52/58/41
f 61/68/48 62/69/49 54/60/43 53/59/42
f 62/69/49 63/70/12 55/61/12 54/60/43
f 63/70/12 64/71/50 56/62/44 55/61/12
f 64/71/50 57/72/45 49/63/39 56/62/44
f 65/73/51 66/74/52 58/65/46 57/64/45
f 66/74/52 67/75/5 59/66/5 58/65/46
f 67/75/5 68/76/53 60/67/47 59/66/5
f 68/76/53 69/77/54 61/68/48 60/67/47
f 69/77/54 70/78/55 62/69/49 61/68/48
f 70/78/55 71/79/12 63/70/12 62/69/49
f 71/79/12 72/80/56 64/71/50 63/70/12
f 72/80/56 65/81/51 57/72/45 64/71/50
f 73/82/57 74/83/58 66/74/52 65/73/51
f 74/83/58 75/84/5 67/75/5 66/74/52
f 75/84/5 76/85/59 68/76/53 67/75/5
f 76/85/59 77/86/60 69/77/54 68/76/53
f 77/86/60 78/87/61 70/78/55 69/77/54
f 78/87/61 79/88/12 71/79/12 70/78/55
f 79/88/12 80/89/62 72/80/56 71/79/12
f 80/89/62 73/90/57 65/81/51 72/80/56
f 81/91/63 82/92/64 74/83/58 73/82/57
f 82/92/64 83/93/5 75/84/5 74/83/58
f 83/93/5 84/94/65 76/85/59 75/84/5
f 84/94/65 85/95/66 77/86/60 76/85/59
f 85/95/66 86/96/67 78/87/61 77/86/60
f 86/96/67 87/97/12 79/88/12 78/87/61
f 87/97/12 88/98/68 80/89/62 79/88/12
f 88/98/68 81/99/63 73/90/57 80/89/62
f 89/100/69 90/101/70 82/92/64 81/91/63
f 90/101/70 91/102/5 83/93/5 82/92/64
f 91/102/5 92/103/71 84/94/65 83/93/5
f 92/103/71 93/104/72 85/95/66 84/94/65
f 93/104/72 94/105/73 86/96/67 85/95/66
f 94/105/73 95/106/12 87/97/12 86/96/67
f 95/106/12 96/107/74 88/98/68 87/97/12
f 96/107/74 89/108/69 81/99/63 88/98/68
f 97/109/75 98/110/76 90/101/70 89/100/69
f 98/110/76 99/111/5 91/102/5 90/101/70
f 99/111/5 100/112/77 92/103/71 91/102/5
f 100/112/77 101/113/78 93/104/72 92/103/71
f 101/113/78 102/114/79 94/105/73 93/104/72
f 102/114/79 103/115/12 95/106/12 94/105/73
f 103/115/12 104/116/80 96/107/74 95/106/12
f 104/116/80 97/117/75 89/108/69 96/107/74
f 105/118/81 106/119/82 98/110/76 97/109/75
f 106/119/82 107/120/5 99/111/5 98/110/76
f 107/120/5 108/121/83 100/112/77 99/111/5
f 108/121/83 109/122/84 101/113/78 100/112/77
f 109/122/84 110/123/85 102/114/79 101/113/78
f 110/123/85 111/124/12 103/115/12 102/114/79
f 111/124/12 112/125/86 104/116/80 103/115/12
f 112/125/86 105/126/81 97/117/75 104/116/80
f 113/127/87 114/128/88 106/119/82 105/118/81
f 114/128/88 115/129/5 107/120/5 106/119/82
f 115/129/5 116/130/89 108/121/83 107/120/5
f 116/130/89 117/131/90 109/122/84 108/121/83
f 117/131/90 118/132/91 110/123/85 109/122/84
f 118/132/91 119/133/12 111/124/12 110/123/85
f 119/133/12 120/134/92 112/125/86 111/124/12
f 120/134/92 113/135/87 105/126/81 112/125/86
f 121/136/93 122/137/94 114/128/88 113/127/87
f 122/137/94 123/138/95 115/129/5 114/128/88
f 123/138/95 124/139/96 116/130/89 115/129/5
f 124/139/96 125/140/97 117/131/90 116/130/89
f 125/140/97 126/141/98 118/132/91 117/131/90
f 126/141/98 127/142/99 119/133/12 118/132/91
f 127/142/99 128/143/100 120/134/92 119/133/12
f 128/143/100 121/144/93 113/135/87 120/134/92
f 129/145/101 130/146/102 122/137/94 121/136/93
f 130/146/102 131/147/103 123/138/95 122/137/94
f 131/147/103 132/148/104 124/139/96 123/138/95
f 132/148/104 133/149/105 125/140/97 124/139/96
f 133/149/105 134/150/106 126/141/98 125/140/97
f 134/150/106 135/151/107 127/142/99 126/141/98
f 135/151/107 136/152/108 128/143/100 127/142/99
f 136/152/108 129/153/101 121/144/93 128/143/100
f 137/154/109 138/155/110 130/146/102 129/145/101
f 138/155/110 139/156/111 131/147/103 130/146/102
f 139/156/111 140/157/112 132/148/104 131/147/103
f 140/157/112 141/158/113 133/149/105 132/148/104
f 141/158/113 142/159/114 134/150/106 133/149/105
f 142/159/114 143/160/115 135/151/107 134/150/106
f 143/160/115 144/161/116 136/152/108 135/151/107
f 144/161/116 137/162/109 129/153/101 136/152/108
f 145/163/117 146/164/118 138/155/110 137/154/109
f 146/164/118 147/165/111 139/156/111 138/155/110
f 147/165/111 148/166/119 140/157/112 139/156/111
f 148/166/119 149/167/120 141/158/113 140/157/112
f 149/167/120 150/168/121 142/159/114 141/158/113
f 150/168/121 151/169/115 143/160/115 142/159/114
f 151/169/115 152/170/122 144/161/116 143/160/115
f 152/170/122 145/171/117 137/162/109 144/161/116
f 153/172/123 154/173/124 146/164/118 145/163/117
f 154/173/124 155/174/5 147/165/111 146/164/118
f 155/174/5 156/175/125 148/166/119 147/165/111
f 156/175/125 157/176/126 149/167/120 148/166/119
f 157/176/126 158/177/127 150/168/121 149/167/120
f 158/177/127 159/178/12 151/169/115 150/168/121
f 159/178/12 160/179/128 152/170/122 151/169/115
f 160/179/128 153/180/123 145/171/117 152/170/122
f 161/181/129 162/182/130 154/173/124 153/172/123
f 162/182/130 163/183/5 155/174/5 154/173/124
f 163/183/5 164/184/131 156/175/125 155/174/5
f 164/184/131 165/185/132 157/176/126 156/175/125
f 165/185/132 166/186/133 158/177/127 157/176/126
f 166/186/133 167/187/12 159/178/12 158/177/127
f 167/187/12 168/188/134 160/179/128 159/178/12
f 168/188/134 161/189/129 153/180/123 160/179/128
f 169/190/135 170/191/136 162/182/130 161/181/129
f 170/191/136 171/192/5 163/183/5 162/182/130
f 171/192/5 172/193/137 164/184/131 163/183/5
f 172/193/137 173/194/138 165/185/132 164/184/131
f 173/194/138 174/195/139 166/186/133 165/185/132
f 174/195/139 175/196/12 167/187/12 166/186/133
f 175/196/12 176/197/140 168/188/134 167/187/12
f 176/197/140 169/198/135 161/189/129 168/188/134
f 177/199/141 178/200/142 170/191/136 169/190/135
f 178/200/142 179/201/5 171/192/5 170/191/136
f 179/201/5 180/202/143 172/193/137 171/192/5
f 180/202/143 181/203/144 173/194/138 172/193/137
f 181/203/144 182/204/145 174/195/139 173/194/138
f 182/204/145 183/205/12 175/196/12 174/195/139
f 183/205/12 184/206/146 176/197/140 175/196/12
f 184/206/146 177/207/141 169/198/135 176/197/140
f 185/208/147 186/209/148 178/200/142 177/199/141
f 186/209/148 187/210/5 179/201/5 178/200/142
f 187/210/5 188/211/149 180/202/143 179/201/5
f 188/211/149 189/212/150 181/203/144 180/202/143
f 189/212/150 190/213/151 182/204/145 181/203/144
f 190/213/151 191/214/12 183/205/12 182/204/145
f 191/214/12 192/215/152 184/206/146 183/205/12
f 192/215/152 185/216/147 177/207/141 184/206/146
f 193/217/153 194/218/154 186/209/148 185/208/147
f 194/218/154 195/219/5 187/210/5 186/209/148
f 195/219/5 196/220/155 188/211/149 187/210/5
f 196/220/155 197/221/156 189/212/150 188/211/149
f 197/221/156 198/222/157 190/213/151 189/212/150
f 198/222/157 199/223/12 191/214/12 190/213/151
f 199/223/12 200/224/158 192/215/152 191/214/12
f 200/224/158 193/225/153 185/216/147 192/215/152
f 201/226/159 202/227/160 194/218/154 193/217/153
f 202/227/160 203/228/5 195/219/5 194/218/154
f 203/228/5 204/229/161 196/220/155 195/219/5
f 204/229/161 205/230/162 197/221/156 196/220/155
f 205/230/162 206/231/163 198/222/157 197/221/156
f 206/231/163 207/232/12 199/223/12 198/222/157
f 207/232/12 208/233/164 200/224/158 199/223/12
f 208/233/164 201/234/159 193/225/153 200/224/158
f 209/235/165 210/236/166 202/227/160 201/226/159
f 210/236/166 211/237/5 203/228/5 202/227/160
f 211/237/5 212/238/167 204/229/161 203/228/5
f 212/238/167 213/239/168 205/230/162 204/229/161
f 213/239/168 214/240/169 206/231/163 205/230/162
f 214/240/169 215/241/170 207/232/12 206/231/163
f 215/241/170 216/242/171 208/233/164 207/232/12
f 216/242/171 209/243/165 201/234/159 208/233/164
f 217/244/172 218/245/173 210/236/166 209/235/165
f 218/245/173 219/246/5 211/237/5 210/236/166
f 219/246/5 220/247/174 212/238/167 211/237/5
f 220/247/174 221/248/175 213/239/168 212/238/167
f 221/248/175 222/249/176 214/240/169 213/239/168
f 222/249/176 223/250/12 215/241/170 214/240/169
f 223/250/12 224/251/177 216/242/171 215/241/170
f 224/251/177 217/252/172 209/243/165 216/242/171
f 1/253/178 2/254/178 3/10/178 4/255/178 5/256/178 6/257/178 7/258/178 8/259/178
f 224/259/179 223/258/179 222/257/179 221/256/179 220/255/179 219/10/179 218/254/179 217/253/179
f 226/260/180 230/261/181 229/262/182 225/263/183
f 230/261/12 238/264/12 237/265/12 229/262/12
f 238/264/184 246/266/185 245/4/186 237/265/187
f 231/267/188 230/261/181 226/268/180
f 231/267/188 239/269/189 238/264/184 230/261/181
f 239/269/189 246/270/185 238/264/184
f 227/271/190 232/272/191 231/262/188 226/263/180
f 232/272/178 240/273/178 239/265/178 231/262/178
f 240/273/192 247/274/193 246/4/185 239/265/189
f 233/267/194 232/272/191 227/275/190
f 233/267/194 241/269/195 240/273/192 232/272/191
f 241/269/195 247/276/193 240/273/192
f 228/260/196 234/261/197 233/262/194 227/263/190
f 234/261/5 242/264/5 241/265/5 233/262/5
f 242/264/198 248/266/199 247/4/193 241/265/195
f 235/267/200 234/261/197 228/268/196
f 235/267/200 243/269/201 242/264/198 234/261/197
f 243/269/201 248/270/199 242/264/198
f 225/271/183 236/272/202 235/262/200 228/263/196
f 236/272/203 244/273/203 243/265/203 235/262/203
f 244/273/204 245/274/186 248/4/199 243/265/201
f 229/267/182 236/272/202 225/275/183
f 229/267/182 237/269/187 244/273/204 236/272/202
f 237/269/187 245/276/186 244/273/204
f 246/277/205 247/18/205 248/4/205 245/263/205
f 228/263/206 227/277/206 226/18/206 225/4/206
f 257/278/207 258/279/208 250/3/209 249/4/207
f 258/279/208 259/280/12 251/6/12 250/3/209
f 259/280/12 260/281/210 252/8/211 251/6/12
f 260/281/210 261/282/212 253/10/212 252/8/211
f 261/282/212 262/283/213 254/12/214 253/10/212
f 262/283/213 263/284/5 255/14/5 254/12/214
f 263/284/5 264/285/215 256/16/216 255/14/5
f 264/285/215 257/286/207 249/18/207 256/16/216
f 265/287/217 266/288/218 258/279/208 257/278/219
f 266/288/218 267/289/12 259/280/12 258/279/208
f 267/289/12 268/290/220 260/281/210 259/280/12
f 268/290/220 269/291/221 261/282/222 260/281/210
f 269/291/221 270/292/223 262/283/213 261/282/222
f 270/292/223 271/293/5 263/284/5 262/283/213
f 271/293/5 272/294/224 264/285/215 263/284/5
f 272/294/224 265/295/217 257/286/219 264/285/215
f 273/296/225 274/297/226 266/288/218 265/287/217
f 274/297/226 275/298/12 267/289/12 266/288/218
f 275/298/12 276/299/227 268/290/220 267/289/12
f 276/299/227 277/300/228 269/291/221 268/290/220
f 277/300/228 278/301/229 270/292/223 269/291/221
f 278/301/229 279/302/5 271/293/5 270/292/223
f 279/302/5 280/303/230 272/294/224 271/293/5
f 280/303/230 273/304/225 265/295/217 272/294/224
f 281/305/231 282/306/232 274/297/226 273/296/225
f 282/306/232 283/307/12 275/298/12 274/297/226
f 283/307/12 284/308/233 276/299/227 275/298/12
f 284/308/233 285/309/234 277/300/228 276/299/227
f 285/309/234 286/310/235 278/301/229 277/300/228
f 286/310/235 287/311/5 279/302/5 278/301/229
f 287/311/5 288/312/236 280/303/230 279/302/5
f 288/312/236 281/313/231 273/304/225 280/303/230
f 289/314/237 290/315/238 282/306/232 281/305/231
f 290/315/238 291/316/12 283/307/12 282/306/232
f 291/316/12 292/317/239 284/308/233 283/307/12
f 292/317/239 293/318/240 285/309/234 284/308/233
f 293/318/240 294/319/241 286/310/235 285/309/234
f 294/319/241 295/320/5 287/311/5 286/310/235
f 295/320/5 296/321/242 288/312/236 287/311/5
f 296/321/242 289/322/237 281/313/231 288/312/236
f 297/323/243 298/324/244 290/315/238 289/314/237
f 298/324/244 299/325/12 291/316/12 290/315/238
f 299/325/12 300/326/245 292/317/239 291/316/12
f 300/326/245 301/327/246 293/318/240 292/317/239
f 301/327/246 302/328/247 294/319/241 293/318/240
f 302/328/247 303/329/5 295/320/5 294/319/241
f 303/329/5 304/330/248 296/321/242 295/320/5
f 304/330/248 297/331/243 289/322/237 296/321/242
f 305/332/249 306/333/250 298/324/244 297/323/243
f 306/333/250 307/334/12 299/325/12 298/324/244
f 307/334/12 308/335/251 300/326/245 299/325/12
f 308/335/251 309/336/252 301/327/246 300/326/245
f 309/336/252 310/337/253 302/328/247 301/327/246
f 310/337/253 311/338/5 303/329/5 302/328/247
f 311/338/5 312/339/254 304/330/248 303/329/5
f 312/339/254 305/340/249 297/331/243 304/330/248
f 313/341/255 314/342/256 306/333/250 305/332/249
f 314/342/256 315/343/12 307/334/12 306/333/250
f 315/343/12 316/344/257 308/335/251 307/334/12
f 316/344/257 317/345/258 309/336/252 308/335/251
f 317/345/258 318/346/259 310/337/253 309/336/252
f 318/346/259 319/347/5 311/338/5 310/337/253
f 319/347/5 320/348/260 312/339/254 311/338/5
f 320/348/260 313/349/255 305/340/249 312/339/254
f 321/350/261 322/351/262 314/342/256 313/341/255
f 322/351/262 323/352/12 315/343/12 314/342/256
f 323/352/12 324/353/263 316/344/257 315/343/12
f 324/353/263 325/354/264 317/345/258 316/344/257
f 325/354/264 326/355/265 318/346/259 317/345/258
f 326/355/265 327/356/5 319/347/5 318/346/259
f 327/356/5 328/357/266 320/348/260 319/347/5
f 328/357/266 321/358/261 313/349/255 320/348/260
f 329/359/267 330/360/268 322/351/262 321/350/261
f 330/360/268 331/361/12 323/352/12 322/351/262
f 331/361/12 332/362/269 324/353/263 323/352/12
f 332/362/269 333/363/270 325/354/264 324/353/263
f 333/363/270 334/364/271 326/355/265 325/354/264
f 334/364/271 335/365/5 327/356/5 326/355/265
f 335/365/5 336/366/272 328/357/266 327/356/5
f 336/366/272 329/367/267 321/358/261 328/357/266
f 337/368/273 338/369/274 330/360/268 329/359/267
f 338/369/274 339/370/12 331/361/12 330/360/268
f 339/370/12 340/371/275 332/362/269 331/361/12
f 340/371/275 341/372/276 333/363/270 332/362/269
f 341/372/276 342/373/277 334/364/271 333/363/270
f 342/373/277 343/374/5 335/365/5 334/364/271
f 343/374/5 344/375/278 336/366/272 335/365/5
f 344/375/278 337/376/273 329/367/267 336/366/272
f 345/377/279 346/378/280 338/369/274 337/368/273
f 346/378/280 347/379/12 339/370/12 338/369/274
f 347/379/12 348/380/281 340/371/275 339/370/12
f 348/380/281 349/381/282 341/372/276 340/371/275
f 349/381/282 350/382/283 342/373/277 341/372/276
f 350/382/283 351/383/5 343/374/5 342/373/277
f 351/383/5 352/384/284 344/375/278 343/374/5
f 352/384/284 345/385/279 337/376/273 344/375/278
f 353/386/285 354/387/286 346/378/280 345/377/279
f 354/387/286 355/388/12 347/379/12 346/378/280
f 355/388/12 356/389/287 348/380/281 347/379/12
f 356/389/287 357/390/288 349/381/282 348/380/281
f 357/390/288 358/391/289 350/382/283 349/381/282
f 358/391/289 359/392/5 351/383/5 350/382/283
f 359/392/5 360/393/290 352/384/284 351/383/5
f 360/393/290 353/394/285 345/385/279 352/384/284
f 361/395/291 362/396/292 354/387/286 353/386/285
f 362/396/292 363/397/12 355/388/12 354/387/286
f 363/397/12 364/398/293 356/389/287 355/388/12
f 364/398/293 365/399/294 357/390/288 356/389/287
f 365/399/294 366/400/295 358/391/289 357/390/288
f 366/400/295 367/401/5 359/392/5 358/391/289
f 367/401/5 368/402/296 360/393/290 359/392/5
f 368/402/296 361/403/291 353/394/285 360/393/290
f 369/404/297 370/405/298 362/396/292 361/395/291
f 370/405/298 371/406/12 363/397/12 362/396/292
f 371/406/12 372/407/299 364/398/293 363/397/12
f 372/407/299 373/408/300 365/399/294 364/398/293
f 373/408/300 374/409/301 366/400/295 365/399/294
f 374/409/301 375/410/5 367/401/5 366/400/295
f 375/410/5 376/411/302 368/402/296 367/401/5
f 376/411/302 369/412/297 361/403/291 368/402/296
f 377/413/303 378/414/304 370/405/298 369/404/297
f 378/414/304 379/415/12 371/406/12 370/405/298
f 379/415/12 380/416/305 372/407/299 371/406/12
f 380/416/305 381/417/306 373/408/300 372/407/299
f 381/417/306 382/418/307 374/409/301 373/408/300
f 382/418/307 383/419/5 375/410/5 374/409/301
f 383/419/5 384/420/308 376/411/302 375/410/5
f 384/420/308 377/421/303 369/412/297 376/411/302
f 385/422/309 386/423/310 378/414/304 377/413/303
f 386/423/310 387/424/12 379/415/12 378/414/304
f 387/424/12 388/425/311 380/416/305 379/415/12
f 388/425/311 389/426/312 381/417/306 380/416/305
f 389/426/312 390/427/313 382/418/307 381/417/306
f 390/427/313 391/428/5 383/419/5 382/418/307
f 391/428/5 392/429/314 384/420/308 383/419/5
f 392/429/314 385/430/309 377/421/303 384/420/308
f 393/431/315 394/432/316 386/423/310 385/422/309
f 394/432/316 395/433/12 387/424/12 386/423/310
f 395/433/12 396/434/317 388/425/311 387/424/12
f 396/434/317 397/435/318 389/426/312 388/425/311
f 397/435/318 398/436/319 390/427/313 389/426/312
f 398/436/319 399/437/5 391/428/5 390/427/313
f 399/437/5 400/438/320 392/429/314 391/428/5
f 400/438/320 393/439/315 385/430/309 392/429/314
f 401/440/321 402/441/322 394/432/316 393/431/315
f 402/441/322 403/442/12 395/433/12 394/432/316
f 403/442/12 404/443/323 396/434/317 395/433/12
f 404/443/323 405/444/324 397/435/318 396/434/317
f 405/444/324 406/445/325 398/436/319 397/435/318
f 406/445/325 407/446/5 399/437/5 398/436/319
f 407/446/5 408/447/326 400/438/320 399/437/5
f 408/447/326 401/448/321 393/439/315 400/438/320
f 409/256/327 410/449/328 402/441/322 401/440/321
f 410/449/328 411/450/12 403/442/12 402/441/322
f 411/450/12 412/451/329 404/443/323 403/442/12
f 412/451/329 413/452/330 405/444/324 404/443/323
f 413/452/330 414/453/331 406/445/325 405/444/324
f 414/453/331 415/454/5 407/446/5 406/445/325
f 415/454/5 416/455/332 408/447/326 407/446/5
f 416/455/332 409/253/327 401/448/321 408/447/326
f 417/456/333 418/457/334 410/449/328 409/256/327
f 418/457/334 419/458/12 411/450/12 410/449/328
f 419/458/12 420/459/335 412/451/329 411/450/12
f 420/459/335 421/460/336 413/452/330 412/451/329
f 421/460/336 422/461/337 414/453/331 413/452/330
f 422/461/337 423/462/5 415/454/5 414/453/331
f 423/462/5 424/463/338 416/455/332 415/454/5
f 424/463/338 417/464/333 409/253/327 416/455/332
f 425/465/339 426/466/340 418/457/334 417/456/333
f 426/466/340 427/467/12 419/458/12 418/457/334
f 427/467/12 428/468/341 420/459/335 419/458/12
f 428/468/341 429/469/342 421/460/336 420/459/335
f 429/469/342 430/470/343 422/461/337 421/460/336
f 430/470/343 431/471/5 423/462/5 422/461/337
f 431/471/5 432/472/344 424/463/338 423/462/5
f 432/472/344 425/473/339 417/464/333 424/463/338
f 433/474/345 434/475/346 426/466/340 425/465/339
f 434/475/346 435/476/12 427/467/12 426/466/340
f 435/476/12 436/477/347 428/468/341 427/467/12
f 436/477/347 437/478/348 429/469/342 428/468/341
f 437/478/348 438/479/349 430/470/343 429/469/342
f 438/479/349 439/480/5 431/471/5 430/470/343
f 439/480/5 440/481/350 432/472/344 431/471/5
f 440/481/350 433/482/345 425/473/339 432/472/344
f 441/483/351 442/484/352 434/475/346 433/474/345
f 442/484/352 443/485/12 435/476/12 434/475/346
f 443/485/12 444/486/353 436/477/347 435/476/12
f 444/486/353 445/487/354 437/478/348 436/477/347
f 445/487/354 446/488/355 438/479/349 437/478/348
f 446/488/355 447/489/5 439/480/5 438/479/349
f 447/489/5 448/490/356 440/481/350 439/480/5
f 448/490/356 441/491/351 433/482/345 440/481/350
f 449/492/357 450/493/358 442/484/352 441/483/351
f 450/493/358 451/494/12 443/485/12 442/484/352
f 451/494/12 452/495/359 444/486/353 443/485/12
f 452/495/359 453/496/360 445/487/354 444/486/353
f 453/496/360 454/497/361 446/488/355 445/487/354
f 454/497/361 455/498/5 447/489/5 446/488/355
f 455/498/5 456/499/362 448/490/356 447/489/5
f 456/499/362 449/500/357 441/491/351 448/490/356
f 457/501/363 458/502/364 450/493/358 449/492/357
f 458/502/364 459/503/12 451/494/12 450/493/358
f 459/503/12 460/504/365 452/495/359 451/494/12
f 460/504/365 461/505/366 453/496/360 452/495/359
f 461/505/366 462/506/367 454/497/361 453/496/360
f 462/506/367 463/507/5 455/498/5 454/497/361
f 463/507/5 464/508/368 456/499/362 455/498/5
f 464/508/368 457/509/363 449/500/357 456/499/362
f 465/510/369 466/511/370 458/502/364 457/501/363
f 466/511/370 467/512/12 459/503/12 458/502/364
f 467/512/12 468/513/371 460/504/365 459/503/12
f 468/513/371 469/514/372 461/505/366 460/504/365
f 469/514/372 470/515/373 462/506/367 461/505/366
f 470/515/373 471/516/5 463/507/5 462/506/367
f 471/516/5 472/517/374 464/508/368 463/507/5
f 472/517/374 465/518/369 457/509/363 464/508/368
f 473/519/375 474/520/376 466/511/370 465/510/369
f 474/520/376 475/521/12 467/512/12 466/511/370
f 475/521/12 476/522/377 468/513/371 467/512/12
f 476/522/377 477/523/378 469/514/372 468/513/371
f 477/523/378 478/524/379 470/515/373 469/514/372
f 478/524/379 479/525/5 471/516/5 470/515/373
f 479/525/5 480/526/380 472/517/374 471/516/5
f 480/526/380 473/527/375 465/518/369 472/517/374
f 481/528/381 482/529/382 474/520/376 473/519/375
f 482/529/382 483/530/12 475/521/12 474/520/376
f 483/530/12 484/531/383 476/522/377 475/521/12
f 484/531/383 485/532/384 477/523/378 476/522/377
f 485/532/384 486/533/385 478/524/379 477/523/378
f 486/533/385 487/534/5 479/525/5 478/524/379
f 487/534/5 488/535/386 480/526/380 479/525/5
f 488/535/386 481/536/381 473/527/375 480/526/380
f 489/537/387 490/538/388 482/529/382 481/528/381
f 490/538/388 491/539/12 483/530/12 482/529/382
f 491/539/12 492/540/389 484/531/383 483/530/12
f 492/540/389 493/541/390 485/532/384 484/531/383
f 493/541/390 494/542/391 486/533/385 485/532/384
f 494/542/391 495/543/5 487/534/5 486/533/385
f 495/543/5 496/544/392 488/535/386 487/534/5
f 496/544/392 489/545/387 481/536/381 488/535/386
f 497/546/393 498/547/394 490/538/388 489/537/387
f 498/547/394 499/548/12 491/539/12 490/538/388
f 499/548/12 500/549/395 492/540/389 491/539/12
f 500/549/395 501/550/396 493/541/390 492/540/389
f 501/550/396 502/551/397 494/542/391 493/541/390
f 502/551/397 503/552/5 495/543/5 494/542/391
f 503/552/5 504/553/398 496/544/392 495/543/5
f 504/553/398 497/554/393 489/545/387 496/544/392
f 505/555/399 506/556/400 498/547/394 497/546/393
f 506/556/400 507/557/12 499/548/12 498/547/394
f 507/557/12 508/558/401 500/549/395 499/548/12
f 508/558/401 509/559/402 501/550/396 500/549/395
f 509/559/402 510/560/403 502/551/397 501/550/396
f 510/560/403 511/561/5 503/552/5 502/551/397
f 511/561/5 512/562/404 504/553/398 503/552/5
f 512/562/404 505/563/399 497/554/393 504/553/398
f 513/564/405 514/565/406 506/556/400 505/555/399
f 514/565/406 515/566/12 507/557/12 506/556/400
f 515/566/12 516/567/407 508/558/401 507/557/12
f 516/567/407 517/568/408 509/559/402 508/558/401
f 517/568/408 518/569/409 510/560/403 509/559/402
f 518/569/409 519/570/5 511/561/5 510/560/403
f 519/570/5 520/571/410 512/562/404 511/561/5
f 520/571/410 513/572/405 505/563/399 512/562/404
f 521/573/411 522/574/412 514/565/406 513/564/405
f 522/574/412 523/575/12 515/566/12 514/565/406
f 523/575/12 524/576/413 516/567/407 515/566/12
f 524/576/413 525/577/414 517/568/408 516/567/407
f 525/577/414 526/578/415 518/569/409 517/568/408
f 526/578/415 527/579/5 519/570/5 518/569/409
f 527/579/5 528/580/416 520/571/410 519/570/5
f 528/580/416 521/581/411 513/572/405 520/571/410
f 529/582/417 530/583/418 522/574/412 521/573/411
f 530/583/418 531/584/12 523/575/12 522/574/412
f 531/584/12 532/585/419 524/576/413 523/575/12
f 532/585/419 533/586/420 525/577/414 524/576/413
f 533/586/420 534/587/421 526/578/415 525/577/414
f 534/587/421 535/588/5 527/579/5 526/578/415
f 535/588/5 536/589/422 528/580/416 527/579/5
f 536/589/422 529/590/417 521/581/411 528/580/416
f 537/591/423 538/592/424 530/583/418 529/582/417
f 538/592/424 539/593/12 531/584/12 530/583/418
f 539/593/12 540/594/425 532/585/419 531/584/12
f 540/594/425 541/595/426 533/586/420 532/585/419
f 541/595/426 542/596/427 534/587/421 533/586/420
f 542/596/427 543/597/5 535/588/5 534/587/421
f 543/597/5 544/598/428 536/589/422 535/588/5
f 544/598/428 537/599/423 529/590/417 536/589/422
f 545/600/429 546/601/430 538/592/424 537/591/423
f 546/601/430 547/602/12 539/593/12 538/592/424
f 547/602/12 548/603/431 540/594/425 539/593/12
f 548/603/431 549/604/432 541/595/426 540/594/425
f 549/604/432 550/605/433 542/596/427 541/595/426
f 550/605/433 551/606/5 543/597/5 542/596/427
f 551/606/5 552/607/434 544/598/428 543/597/5
f 552/607/434 545/608/429 537/599/423 544/598/428
f 553/609/435 554/610/436 546/601/430 545/600/429
f 554/610/436 555/611/12 547/602/12 546/601/430
f 555/611/12 556/612/437 548/603/431 547/602/12
f 556/612/437 557/613/438 549/604/432 548/603/431
f 557/613/438 558/614/439 550/605/433 549/604/432
f 558/614/439 559/615/5 551/606/5 550/605/433
f 559/615/5 560/616/440 552/607/434 551/606/5
f 560/616/440 553/617/435 545/608/429 552/607/434
f 561/618/441 562/619/442 554/610/436 553/609/435
f 562/619/442 563/620/12 555/611/12 554/610/436
f 563/620/12 564/621/443 556/612/437 555/611/12
f 564/621/443 565/622/444 557/613/438 556/612/437
f 565/622/444 566/623/445 558/614/439 557/613/438
f 566/623/445 567/624/5 559/615/5 558/614/439
f 567/624/5 568/625/446 560/616/440 559/615/5
f 568/625/446 561/626/441 553/617/435 560/616/440
f 569/627/447 570/628/448 562/619/442 561/618/441
f 570/628/448 571/629/12 563/620/12 562/619/442
f 571/629/12 572/630/449 564/621/443 563/620/12
f 572/630/449 573/631/450 565/622/444 564/621/443
f 573/631/450 574/632/451 566/623/445 565/622/444
f 574/632/451 575/633/5 567/624/5 566/623/445
f 575/633/5 576/634/452 568/625/446 567/624/5
f 576/634/452 569/635/447 561/626/441 568/625/446
f 249/253/453 250/254/453 251/10/453 252/255/453 253/256/453 254/257/453 255/258/453 256/259/453
f 576/259/454 575/258/454 574/257/454 573/256/454 572/255/454 571/10/454 570/254/454 569/253/454
f 582/636/203 579/256/203 577/452/203
f 582/637/455 583/638/455 580/256/206 579/263/206
f 583/638/455 584/639/455 581/4/206 580/256/206
f 584/640/178 578/452/178 581/253/178
f 585/641/203 582/636/203 577/452/203
f 585/642/3 586/449/3 583/638/455 582/637/455
f 586/449/3 587/3/3 584/639/455 583/638/455
f 587/643/178 578/452/178 584/640/178
f 588/644/203 585/641/203 577/452/203
f 588/645/456 589/646/456 586/449/3 585/642/3
f 589/646/456 590/647/456 587/3/3 586/449/3
f 590/648/178 578/452/178 587/643/178
f 591/10/203 588/644/203 577/452/203
f 591/649/5 592/450/5 589/646/456 588/645/456
f 592/450/5 593/6/5 590/647/456 589/646/456
f 593/10/178 578/452/178 590/648/178
f 594/648/203 591/10/203 577/452/203
f 594/650/457 595/651/457 592/450/5 591/649/5
f 595/651/457 596/652/457 593/6/5 592/450/5
f 596/644/178 578/452/178 593/10/178
f 597/643/203 594/648/203 577/452/203
f 597/653/458 598/451/458 595/651/457 594/650/457
f 598/451/458 599/8/458 596/652/457 595/651/457
f 599/641/178 578/452/178 596/644/178
f 600/640/203 597/643/203 577/452/203
f 600/654/459 601/655/459 598/451/458 597/653/458
f 601/655/459 602/656/459 599/8/458 598/451/458
f 602/636/178 578/452/178 599/641/178
f 603/253/203 600/640/203 577/452/203
f 603/258/205 604/452/205 601/655/459 600/654/459
f 604/452/205 605/10/205 602/656/459 601/655/459
f 605/256/178 578/452/178 602/636/178
f 606/657/203 603/253/203 577/452/203
f 606/658/460 607/659/460 604/452/205 603/258/205
f 607/659/460 608/660/460 605/10/205 604/452/205
f 608/661/178 578/452/178 605/256/178
f 609/662/203 606/657/203 577/452/203
f 609/663/461 610/453/461 607/659/460 606/658/460
f 610/453/461 611/12/461 608/660/460 607/659/460
f 611/664/178 578/452/178 608/661/178
f 612/665/203 609/662/203 577/452/203
f 612/666/462 613/667/462 610/453/461 609/663/461
f 613/667/462 614/668/462 611/12/461 610/453/461
f 614/669/178 578/452/178 611/664/178
f 615/258/203 612/665/203 577/452/203
f 615/670/12 616/454/12 613/667/462 612/666/462
f 616/454/12 617/14/12 614/668/462 613/667/462
f 617/258/178 578/452/178 614/669/178
f 618/669/203 615/258/203 577/452/203
f 618/671/463 619/672/463 616/454/12 615/670/12
f 619/672/463 620/673/463 617/14/12 616/454/12
f 620/665/178 578/452/178 617/258/178
f 621/664/203 618/669/203 577/452/203
f 621/674/14 622/455/14 619/672/463 618/671/463
f 622/455/14 623/16/14 620/673/463 619/672/463
f 623/662/178 578/452/178 620/665/178
f 624/661/203 621/664/203 577/452/203
f 624/675/464 625/676/464 622/455/14 621/674/14
f 625/676/464 626/677/464 623/16/14 622/455/14
f 626/657/178 578/452/178 623/662/178
f 579/256/203 624/661/203 577/452/203
f 579/277/206 580/253/206 625/676/464 624/675/464
f 580/253/206 581/18/206 626/677/464 625/676/464
f 581/253/178 578/452/178 626/657/178
f 632/636/203 629/256/203 627/452/203
f 632/637/455 633/638/455 630/256/206 629/263/206
f 633/638/455 634/639/455 631/4/206 630/256/206
f 634/640/178 628/452/178 631/253/178
f 635/641/203 632/636/203 627/452/203
f 635/642/3 636/449/3 633/638/455 632/637/455
f 636/449/3 637/3/3 634/639/455 633/638/455
f 637/643/178 628/452/178 634/640/178
f 638/644/203 635/641/203 627/452/203
f 638/645/456 639/646/456 636/449/3 635/642/3
f 639/646/456 640/647/456 637/3/3 636/449/3
f 640/648/178 628/452/178 637/643/178
f 641/10/203 638/644/203 627/452/203
f 641/649/5 642/450/5 639/646/456 638/645/456
f 642/450/5 643/6/5 640/647/456 639/646/456
f 643/10/178 628/452/178 640/648/178
f 644/648/203 641/10/203 627/452/203
f 644/650/457 645/651/457 642/450/5 641/649/5
f 645/651/457 646/652/457 643/6/5 642/450/5
f 646/644/178 628/452/178 643/10/178
f 647/643/203 644/648/203 627/452/203
f 647/653/458 648/451/458 645/651/457 644/650/457
f 648/451/458 649/8/458 646/652/457 645/651/457
f 649/641/178 628/452/178 646/644/178
f 650/640/203 647/643/203 627/452/203
f 650/654/459 651/655/459 648/451/458 647/653/458
f 651/655/459 652/656/459 649/8/458 648/451/458
f 652/636/178 628/452/178 649/641/178
f 653/253/203 650/640/203 627/452/203
f 653/258/205 654/452/205 651/655/459 650/654/459
f 654/452/205 655/10/205 652/656/459 651/655/459
f 655/256/178 628/452/178 652/636/178
f 656/657/203 653/253/203 627/452/203
f 656/658/460 657/659/460 654/452/205 653/258/205
f 657/659/460 658/660/460 655/10/205 654/452/205
f 658/661/178 628/452/178 655/256/178
f 659/662/203 656/657/203 627/452/203
f 659/663/461 660/453/461 657/659/460 656/658/460
f 660/453/461 661/12/461 658/660/460 657/659/460
f 661/664/178 628/452/178 658/661/178
f 662/665/203 659/662/203 627/452/203
f 662/666/462 663/667/462 660/453/461 659/663/461
f 663/667/462 664/668/462 661/12/461 660/453/461
f 664/669/178 628/452/178 661/664/178
f 665/258/203 662/665/203 627/452/203
f 665/670/12 666/454/12 663/667/462 662/666/462
f 666/454/12 667/14/12 664/668/462 663/667/462
f 667/258/178 628/452/178 664/669/178
f 668/669/203 665/258/203 627/452/203
f 668/671/463 669/672/463 666/454/12 665/670/12
f 669/672/463 670/673/463 667/14/12 666/454/12
f 670/665/178 628/452/178 667/258/178
f 671/664/203 668/669/203 627/452/203
f 671/674/14 672/455/14 669/672/463 668/671/463
f 672/455/14 673/16/14 670/673/463 669/672/463
f 673/662/178 628/452/178 670/665/178
f 674/661/203 671/664/203 627/452/203
f 674/675/464 675/676/464 672/455/14 671/674/14
f 675/676/464 676/677/464 673/16/14 672/455/14
f 676/657/178 628/452/178 673/662/178
f 629/256/203 674/661/203 627/452/203
f 629/277/206 630/253/206 675/676/464 674/675/464
f 630/253/206 631/18/206 676/677/464 675/676/464
f 631/253/178 628/452/178 676/657/178
f 1669/256/861 1670/449/862 1662/3/863 1661/4/864
f 1670/449/862 1671/450/203 1663/6/203 1662/3/863
f 1671/450/203 1672/451/865 1664/8/866 1663/6/203
f 1672/451/865 1673/452/867 1665/10/868 1664/8/866
f 1673/452/867 1674/453/869 1666/12/870 1665/10/868
f 1674/453/869 1675/454/178 1667/14/178 1666/12/870
f 1675/454/178 1676/455/871 1668/16/872 1667/14/178
f 1676/455/871 1669/253/861 1661/18/864 1668/16/872
f 1677/263/873 1678/642/874 1670/449/862 1669/256/861
f 1678/642/874 1679/649/203 1671/450/203 1670/449/862
f 1679/649/203 1680/653/875 1672/451/865 1671/450/203
f 1680/653/875 1681/258/876 1673/452/867 1672/451/865
f 1681/258/876 1682/663/877 1674/453/869 1673/452/867
f 1682/663/877 1683/670/178 1675/454/178 1674/453/869
f 1683/670/178 1684/674/878 1676/455/871 1675/454/178
f 1684/674/878 1677/277/873 1669/253/861 1676/455/871
f 1661/253/879 1662/254/879 1663/10/879 1664/255/879 1665/256/879 1666/257/879 1667/258/879 1668/259/879
f 1684/259/880 1683/258/880 1682/257/880 1681/256/880 1680/255/880 1679/10/880 1678/254/880 1677/253/880
f 1693/263/205 1694/642/881 1686/3/881 1685/4/205
f 1694/642/881 1695/649/882 1687/6/882 1686/3/881
f 1695/649/882 1696/653/883 1688/8/883 1687/6/882
f 1696/653/883 1697/258/206 1689/10/206 1688/8/883
f 1697/258/206 1698/663/884 1690/12/884 1689/10/206
f 1698/663/884 1699/670/885 1691/14/885 1690/12/884
f 1699/670/885 1700/674/886 1692/16/886 1691/14/885
f 1700/674/886 1693/277/205 1685/18/205 1692/16/886
f 1685/253/887 1686/254/887 1687/10/887 1688/255/887 1689/256/887 1690/257/887 1691/258/887 1692/259/887
f 1700/259/888 1699/258/888 1698/257/888 1697/256/888 1696/255/888 1695/10/888 1694/254/888 1693/253/888
f 1709/256/861 1710/449/862 1702/3/863 1701/4/864
f 1710/449/862 1711/450/203 1703/6/203 1702/3/863
f 1711/450/203 1712/451/865 1704/8/866 1703/6/203
f 1712/451/865 1713/452/867 1705/10/868 1704/8/866
f 1713/452/867 1714/453/869 1706/12/870 1705/10/868
f 1714/453/869 1715/454/178 1707/14/178 1706/12/870
f 1715/454/178 1716/455/871 1708/16/872 1707/14/178
f 1716/455/871 1709/253/861 1701/18/864 1708/16/872
f 1717/263/873 1718/642/874 1710/449/862 1709/256/861
f 1718/642/874 1719/649/203 1711/450/203 1710/449/862
f 1719/649/203 1720/653/875 1712/451/865 1711/450/203
f 1720/653/875 1721/258/876 1713/452/867 1712/451/865
f 1721/258/876 1722/663/877 1714/453/869 1713/452/867
f 1722/663/877 1723/670/178 1715/454/178 1714/453/869
f 1723/670/178 1724/674/878 1716/455/871 1715/454/178
f 1724/674/878 1717/277/873 1709/253/861 1716/455/871
f 1701/253/879 1702/254/879 1703/10/879 1704/255/879 1705/256/879 1706/257/879 1707/258/879 1708/259/879
f 1724/259/880 1723/258/880 1722/257/880 1721/256/880 1720/255/880 1719/10/880 1718/254/880 1717/253/880
f 1733/263/205 1734/642/881 1726/3/881 1725/4/205
f 1734/642/881 1735/649/882 1727/6/882 1726/3/881
f 1735/649/882 1736/653/883 1728/8/883 1727/6/882
f 1736/653/883 1737/258/206 1729/10/206 1728/8/883
f 1737/258/206 1738/663/884 1730/12/884 1729/10/206
f 1738/663/884 1739/670/885 1731/14/885 1730/12/884
f 1739/670/885 1740/674/886 1732/16/886 1731/14/885
f 1740/674/886 1733/277/205 1725/18/205 1732/16/886
f 1725/253/887 1726/254/887 1727/10/887 1728/255/887 1729/256/887 1730/257/887 1731/258/887 1732/259/887
f 1740/259/888 1739/258/888 1738/257/888 1737/256/888 1736/255/888 1735/10/888 1734/254/888 1733/253/888
f 1746/636/203 1743/256/203 1741/452/203
f 1746/637/455 1747/638/455 1744/256/206 1743/263/206
f 1747/638/455 1748/639/455 1745/4/206 1744/256/206
f 1748/640/178 1742/452/178 1745/253/178
f 1749/641/203 1746/636/203 1741/452/203
f 1749/642/3 1750/449/3 1747/638/455 1746/637/455
f 1750/449/3 1751/3/3 1748/639/455 1747/638/455
f 1751/643/178 1742/452/178 1748/640/178
f 1752/644/203 1749/641/203 1741/452/203
f 1752/645/456 1753/646/456 1750/449/3 1749/642/3
f 1753/646/456 1754/647/456 1751/3/3 1750/449/3
f 1754/648/178 1742/452/178 1751/643/178
f 1755/10/203 1752/644/203 1741/452/203
f 1755/649/5 1756/450/5 1753/646/456 1752/645/456
f 1756/450/5 1757/6/5 1754/647/456 1753/646/456
f 1757/10/178 1742/452/178 1754/648/178
f 1758/648/203 1755/10/203 1741/452/203
f 1758/650/457 1759/651/457 1756/450/5 1755/649/5
f 1759/651/457 1760/652/457 1757/6/5 1756/450/5
f 1760/644/178 1742/452/178 1757/10/178
f 1761/643/203 1758/648/203 1741/452/203
f 1761/653/458 1762/451/458 1759/651/457 1758/650/457
f 1762/451/458 1763/8/458 1760/652/457 1759/651/457
f 1763/641/178 1742/452/178 1760/644/178
f 1764/640/203 1761/643/203 1741/452/203
f 1764/654/459 1765/655/459 1762/451/458 1761/653/458
f 1765/655/459 1766/656/459 1763/8/458 1762/451/458
f 1766/636/178 1742/452/178 1763/641/178
f 1767/253/203 1764/640/203 1741/452/203
f 1767/258/205 1768/452/205 1765/655/459 1764/654/459
f 1768/452/205 1769/10/205 1766/656/459 1765/655/459
f 1769/256/178 1742/452/178 1766/636/178
f 1770/657/203 1767/253/203 1741/452/203
f 1770/658/460 1771/659/460 1768/452/205 1767/258/205
f 1771/659/460 1772/660/460 1769/10/205 1768/452/205
f 1772/661/178 1742/452/178 1769/256/178
f 1773/662/203 1770/657/203 1741/452/203
f 1773/663/461 1774/453/461 1771/659/460 1770/658/460
f 1774/453/461 1775/12/461 1772/660/460 1771/659/460
f 1775/664/178 1742/452/178 1772/661/178
f 1776/665/203 1773/662/203 1741/452/203
f 1776/666/462 1777/667/462 1774/453/461 1773/663/461
f 1777/667/462 1778/668/462 1775/12/461 1774/453/461
f 1778/669/178 1742/452/178 1775/664/178
f 1779/258/203 1776/665/203 1741/452/203
f 1779/670/12 1780/454/12 1777/667/462 1776/666/462
f 1780/454/12 1781/14/12 1778/668/462 1777/667/462
f 1781/258/178 1742/452/178 1778/669/178
f 1782/669/203 1779/258/203 1741/452/203
f 1782/671/463 1783/672/463 1780/454/12 1779/670/12
f 1783/672/463 1784/673/463 1781/14/12 1780/454/12
f 1784/665/178 1742/452/178 1781/258/178
f 1785/664/203 1782/669/203 1741/452/203
f 1785/674/14 1786/455/14 1783/672/463 1782/671/463
f 1786/455/14 1787/16/14 1784/673/463 1783/672/463
f 1787/662/178 1742/452/178 1784/665/178
f 1788/661/203 1785/664/203 1741/452/203
f 1788/675/464 1789/676/464 1786/455/14 1785/674/14
f 1789/676/464 1790/677/464 1787/16/14 1786/455/14
f 1790/657/178 1742/452/178 1787/662/178
f 1743/256/203 1788/661/203 1741/452/203
f 1743/277/206 1744/253/206 1789/676/464 1788/675/464
f 1744/253/206 1745/18/206 1790/677/464 1789/676/464
f 1745/253/178 1742/452/178 1790/657/178
f 1796/636/203 1793/256/203 1791/452/203
f 1796/637/455 1797/638/455 1794/256/206 1793/263/206
f 1797/638/455 1798/639/455 1795/4/206 1794/256/206
f 1798/640/178 1792/452/178 1795/253/178
f 1799/641/203 1796/636/203 1791/452/203
f 1799/642/3 1800/449/3 1797/638/455 1796/637/455
f 1800/449/3 1801/3/3 1798/639/455 1797/638/455
f 1801/643/178 1792/452/178 1798/640/178
f 1802/644/203 1799/641/203 1791/452/203
f 1802/645/456 1803/646/456 1800/449/3 1799/642/3
f 1803/646/456 1804/647/456 1801/3/3 1800/449/3
f 1804/648/178 1792/452/178 1801/643/178
f 1805/10/203 1802/644/203 1791/452/203
f 1805/649/5 1806/450/5 1803/646/456 1802/645/456
f 1806/450/5 1807/6/5 1804/647/456 1803/646/456
f 1807/10/178 1792/452/178 1804/648/178
f 1808/648/203 1805/10/203 1791/452/203
f 1808/650/457 1809/651/457 1806/450/5 1805/649/5
f 1809/651/457 1810/652/457 1807/6/5 1806/450/5
f 1810/644/178 1792/452/178 1807/10/178
f 1811/643/203 1808/648/203 1791/452/203
f 1811/653/458 1812/451/458 1809/651/457 1808/650/457
f 1812/451/458 1813/8/458 1810/652/457 1809/651/457
f 1813/641/178 1792/452/178 1810/644/178
f 1814/640/203 1811/643/203 1791/452/203
f 1814/654/459 1815/655/459 1812/451/458 1811/653/458
f 1815/655/459 1816/656/459 1813/8/458 1812/451/458
f 1816/636/178 1792/452/178 1813/641/178
f 1817/253/203 1814/640/203 1791/452/203
f 1817/258/205 1818/452/205 1815/655/459 1814/654/459
f 1818/452/205 1819/10/205 1816/656/459 1815/655/459
f 1819/256/178 1792/452/178 1816/636/178
f 1820/657/203 1817/253/203 1791/452/203
f 1820/658/460 1821/659/460 1818/452/205 1817/258/205
f 1821/659/460 1822/660/460 1819/10/205 1818/452/205
f 1822/661/178 1792/452/178 1819/256/178
f 1823/662/203 1820/657/203 1791/452/203
f 1823/663/461 1824/453/461 1821/659/460 1820/658/460
f 1824/453/461 1825/12/461 1822/660/460 1821/659/460
f 1825/664/178 1792/452/178 1822/661/178
f 1826/665/203 1823/662/203 1791/452/203
f 1826/666/462 1827/667/462 1824/453/461 1823/663/461
f 1827/667/462 1828/668/462 1825/12/461 1824/453/461
f 1828/669/178 1792/452/178 1825/664/178
f 1829/258/203 1826/665/203 1791/452/203
f 1829/670/12 1830/454/12 1827/667/462 1826/666/462
f 1830/454/12 1831/14/12 1828/668/462 1827/667/462
f 1831/258/178 1792/452/178 1828/669/178
f 1832/669/203 1829/258/203 1791/452/203
f 1832/671/463 1833/672/463 1830/454/12 1829/670/12
f 1833/672/463 1834/673/463 1831/14/12 1830/454/12
f 1834/665/178 1792/452/178 1831/258/178
f 1835/664/203 1832/669/203 1791/452/203
f 1835/674/14 1836/455/14 1833/672/463 1832/671/463
f 1836/455/14 1837/16/14 1834/673/463 1833/672/463
f 1837/662/178 1792/452/178 1834/665/178
f 1838/661/203 1835/664/203 1791/452/203
f 1838/675/464 1839/676/464 1836/455/14 1835/674/14
f 1839/676/464 1840/677/464 1837/16/14 1836/455/14
f 1840/657/178 1792/452/178 1837/662/178
f 1793/256/203 1838/661/203 1791/452/203
f 1793/277/206 1794/253/206 1839/676/464 1838/675/464
f 1794/253/206 1795/18/206 1840/677/464 1839/676/464
f 1795/253/178 1792/452/178 1840/657/178
f 1849/1260/889 1850/1261/890 1842/3/891 1841/4/892
f 1850/1261/890 1851/1262/893 1843/6/894 1842/3/891
f 1851/1262/893 1852/1263/895 1844/8/896 1843/6/894
f 1852/1263/895 1853/1264/897 1845/10/898 1844/8/896
f 1853/1264/897 1854/1265/899 1846/12/900 1845/10/898
f 1854/1265/899 1855/1266/901 1847/14/902 1846/12/900
f 1855/1266/901 1856/1267/903 1848/16/904 1847/14/902
f 1856/1267/903 1849/1268/889 1841/18/892 1848/16/904
f 1857/1269/905 1858/1270/906 1850/1261/890 1849/1260/889
f 1858/1270/906 1859/1271/907 1851/1262/893 1850/1261/890
f 1859/1271/907 1860/1272/908 1852/1263/895 1851/1262/893
f 1860/1272/908 1861/1273/909 1853/1264/897 1852/1263/895
f 1861/1273/909 1862/1274/910 1854/1265/899 1853/1264/897
f 1862/1274/910 1863/1275/911 1855/1266/901 1854/1265/899
f 1863/1275/911 1864/1276/912 1856/1267/903 1855/1266/901
f 1864/1276/912 1857/1277/905 1849/1268/889 1856/1267/903
f 1865/1278/913 1866/1279/914 1858/1270/906 1857/1269/905
f 1866/1279/914 1867/1280/915 1859/1271/907 1858/1270/906
f 1867/1280/915 1868/1281/916 1860/1272/908 1859/1271/907
f 1868/1281/916 1869/1282/917 1861/1273/909 1860/1272/908
f 1869/1282/917 1870/1283/918 1862/1274/910 1861/1273/909
f 1870/1283/918 1871/1284/919 1863/1275/911 1862/1274/910
f 1871/1284/919 1872/1285/920 1864/1276/912 1863/1275/911
f 1872/1285/920 1865/1286/913 1857/1277/905 1864/1276/912
f 1873/1287/921 1874/1288/922 1866/1279/914 1865/1278/913
f 1874/1288/922 1875/1289/923 1867/1280/915 1866/1279/914
f 1875/1289/923 1876/1290/924 1868/1281/916 1867/1280/915
f 1876/1290/924 1877/1291/925 1869/1282/917 1868/1281/916
f 1877/1291/925 1878/1292/926 1870/1283/918 1869/1282/917
f 1878/1292/926 1879/1293/927 1871/1284/919 1870/1283/918
f 1879/1293/927 1880/1294/928 1872/1285/920 1871/1284/919
f 1880/1294/928 1873/1295/921 1865/1286/913 1872/1285/920
f 1881/1296/929 1882/1297/930 1874/1288/922 1873/1287/921
f 1882/1297/930 1883/1298/931 1875/1289/923 1874/1288/922
f 1883/1298/931 1884/1299/932 1876/1290/924 1875/1289/923
f 1884/1299/932 1885/1300/933 1877/1291/925 1876/1290/924
f 1885/1300/933 1886/1301/934 1878/1292/926 1877/1291/925
f 1886/1301/934 1887/1302/935 1879/1293/927 1878/1292/926
f 1887/1302/935 1888/1303/936 1880/1294/928 1879/1293/927
f 1888/1303/936 1881/1304/929 1873/1295/921 1880/1294/928
f 1889/1305/937 1890/1306/938 1882/1297/930 1881/1296/929
f 1890/1306/938 1891/1307/939 1883/1298/931 1882/1297/930
f 1891/1307/939 1892/1308/940 1884/1299/932 1883/1298/931
f 1892/1308/940 1893/1309/941 1885/1300/933 1884/1299/932
f 1893/1309/941 1894/1310/942 1886/1301/934 1885/1300/933
f 1894/1310/942 1895/1311/943 1887/1302/935 1886/1301/934
f 1895/1311/943 1896/1312/944 1888/1303/936 1887/1302/935
f 1896/1312/944 1889/1313/937 1881/1304/929 1888/1303/936
f 1897/1314/945 1898/1315/946 1890/1306/938 1889/1305/937
f 1898/1315/946 1899/1316/947 1891/1307/939 1890/1306/938
f 1899/1316/947 1900/1317/948 1892/1308/940 1891/1307/939
f 1900/1317/948 1901/1318/949 1893/1309/941 1892/1308/940
f 1901/1318/949 1902/1319/950 1894/1310/942 1893/1309/941
f 1902/1319/950 1903/1320/951 1895/1311/943 1894/1310/942
f 1903/1320/951 1904/1321/952 1896/1312/944 1895/1311/943
f 1904/1321/952 1897/1322/945 1889/1313/937 1896/1312/944
f 1905/1323/953 1906/1324/954 1898/1315/946 1897/1314/945
f 1906/1324/954 1907/1325/955 1899/1316/947 1898/1315/946
f 1907/1325/955 1908/1326/956 1900/1317/948 1899/1316/947
f 1908/1326/956 1909/1327/957 1901/1318/949 1900/1317/948
f 1909/1327/957 1910/1328/958 1902/1319/950 1901/1318/949
f 1910/1328/958 1911/1329/959 1903/1320/951 1902/1319/950
f 1911/1329/959 1912/1330/960 1904/1321/952 1903/1320/951
f 1912/1330/960 1905/1331/953 1897/1322/945 1904/1321/952
f 1913/1332/961 1914/1333/962 1906/1324/954 1905/1323/953
f 1914/1333/962 1915/1334/963 1907/1325/955 1906/1324/954
f 1915/1334/963 1916/1335/964 1908/1326/956 1907/1325/955
f 1916/1335/964 1917/1336/965 1909/1327/957 1908/1326/956
f 1917/1336/965 1918/1337/966 1910/1328/958 1909/1327/957
f 1918/1337/966 1919/1338/967 1911/1329/959 1910/1328/958
f 1919/1338/967 1920/1339/968 1912/1330/960 1911/1329/959
f 1920/1339/968 1913/1340/961 1905/1331/953 1912/1330/960
f 1921/1341/969 1922/1342/970 1914/1333/962 1913/1332/961
f 1922/1342/970 1923/1343/971 1915/1334/963 1914/1333/962
f 1923/1343/971 1924/1344/972 1916/1335/964 1915/1334/963
f 1924/1344/972 1925/1345/973 1917/1336/965 1916/1335/964
f 1925/1345/973 1926/1346/974 1918/1337/966 1917/1336/965
f 1926/1346/974 1927/1347/975 1919/1338/967 1918/1337/966
f 1927/1347/975 1928/1348/976 1920/1339/968 1919/1338/967
f 1928/1348/976 1921/1349/969 1913/1340/961 1920/1339/968
f 1929/1350/977 1930/1351/978 1922/1342/970 1921/1341/969
f 1930/1351/978 1931/1352/979 1923/1343/971 1922/1342/970
f 1931/1352/979 1932/1353/980 1924/1344/972 1923/1343/971
f 1932/1353/980 1933/1354/981 1925/1345/973 1924/1344/972
f 1933/1354/981 1934/1355/982 1926/1346/974 1925/1345/973
f 1934/1355/982 1935/1356/983 1927/1347/975 1926/1346/974
f 1935/1356/983 1936/1357/984 1928/1348/976 1927/1347/975
f 1936/1357/984 1929/1358/977 1921/1349/969 1928/1348/976
f 1937/1359/985 1938/1360/986 1930/1351/978 1929/1350/977
f 1938/1360/986 1939/1361/987 1931/1352/979 1930/1351/978
f 1939/1361/987 1940/1362/988 1932/1353/980 1931/1352/979
f 1940/1362/988 1941/1363/989 1933/1354/981 1932/1353/980
f 1941/1363/989 1942/1364/990 1934/1355/982 1933/1354/981
f 1942/1364/990 1943/1365/991 1935/1356/983 1934/1355/982
f 1943/1365/991 1944/1366/992 1936/1357/984 1935/1356/983
f 1944/1366/992 1937/1367/985 1929/1358/977 1936/1357/984
f 1945/1368/993 1946/1369/994 1938/1360/986 1937/1359/985
f 1946/1369/994 1947/1370/995 1939/1361/987 1938/1360/986
f 1947/1370/995 1948/1371/996 1940/1362/988 1939/1361/987
f 1948/1371/996 1949/1372/997 1941/1363/989 1940/1362/988
f 1949/1372/997 1950/1373/998 1942/1364/990 1941/1363/989
f 1950/1373/998 1951/1374/999 1943/1365/991 1942/1364/990
f 1951/1374/999 1952/1375/1000 1944/1366/992 1943/1365/991
f 1952/1375/1000 1945/1376/993 1937/1367/985 1944/1366/992
f 1953/1377/1001 1954/1378/1002 1946/1369/994 1945/1368/993
f 1954/1378/1002 1955/1379/1003 1947/1370/995 1946/1369/994
f 1955/1379/1003 1956/1380/1004 1948/1371/996 1947/1370/995
f 1956/1380/1004 1957/1381/1005 1949/1372/997 1948/1371/996
f 1957/1381/1005 1958/1382/1006 1950/1373/998 1949/1372/997
f 1958/1382/1006 1959/1383/1007 1951/1374/999 1950/1373/998
f 1959/1383/1007 1960/1384/1008 1952/1375/1000 1951/1374/999
f 1960/1384/1008 1953/1385/1001 1945/1376/993 1952/1375/1000
f 1961/1386/1009 1962/1387/1010 1954/1378/1002 1953/1377/1001
f 1962/1387/1010 1963/1388/1011 1955/1379/1003 1954/1378/1002
f 1963/1388/1011 1964/1389/1012 1956/1380/1004 1955/1379/1003
f 1964/1389/1012 1965/1390/1013 1957/1381/1005 1956/1380/1004
f 1965/1390/1013 1966/1391/1014 1958/1382/1006 1957/1381/1005
f 1966/1391/1014 1967/1392/1015 1959/1383/1007 1958/1382/1006
f 1967/1392/1015 1968/1393/1016 1960/1384/1008 1959/1383/1007
f 1968/1393/1016 1961/1394/1009 1953/1385/1001 1960/1384/1008
f 1969/1395/1017 1970/1396/1018 1962/1387/1010 1961/1386/1009
f 1970/1396/1018 1971/1397/1019 1963/1388/1011 1962/1387/1010
f 1971/1397/1019 1972/1398/1020 1964/1389/1012 1963/1388/1011
f 1972/1398/1020 1973/1399/1021 1965/1390/1013 1964/1389/1012
f 1973/1399/1021 1974/1400/1022 1966/1391/1014 1965/1390/1013
f 1974/1400/1022 1975/1401/1023 1967/1392/1015 1966/1391/1014
f 1975/1401/1023 1976/1402/1024 1968/1393/1016 1967/1392/1015
f 1976/1402/1024 1969/1403/1017 1961/1394/1009 1968/1393/1016
f 1977/1404/1025 1978/1405/1026 1970/1396/1018 1969/1395/1017
f 1978/1405/1026 1979/1406/1027 1971/1397/1019 1970/1396/1018
f 1979/1406/1027 1980/1407/1028 1972/1398/1020 1971/1397/1019
f 1980/1407/1028 1981/1408/1029 1973/1399/1021 1972/1398/1020
f 1981/1408/1029 1982/1409/1030 1974/1400/1022 1973/1399/1021
f 1982/1409/1030 1983/1410/1031 1975/1401/1023 1974/1400/1022
f 1983/1410/1031 1984/1411/1032 1976/1402/1024 1975/1401/1023
f 1984/1411/1032 1977/1412/1025 1969/1403/1017 1976/1402/1024
f 1985/1413/1033 1986/1414/1034 1978/1405/1026 1977/1404/1025
f 1986/1414/1034 1987/1415/1035 1979/1406/1027 1978/1405/1026
f 1987/1415/1035 1988/1416/1036 1980/1407/1028 1979/1406/1027
f 1988/1416/1036 1989/1417/1037 1981/1408/1029 1980/1407/1028
f 1989/1417/1037 1990/1418/1038 1982/1409/1030 1981/1408/1029
f 1990/1418/1038 1991/1419/1039 1983/1410/1031 1982/1409/1030
f 1991/1419/1039 1992/1420/1040 1984/1411/1032 1983/1410/1031
f 1992/1420/1040 1985/1421/1033 1977/1412/1025 1984/1411/1032
f 1993/1422/1041 1994/1423/1042 1986/1414/1034 1985/1413/1033
f 1994/1423/1042 1995/1424/1043 1987/1415/1035 1986/1414/1034
f 1995/1424/1043 1996/1425/1044 1988/1416/1036 1987/1415/1035
f 1996/1425/1044 1997/1426/1045 1989/1417/1037 1988/1416/1036
f 1997/1426/1045 1998/1427/1046 1990/1418/1038 1989/1417/1037
f 1998/1427/1046 1999/1428/1047 1991/1419/1039 1990/1418/1038
f 1999/1428/1047 2000/1429/1048 1992/1420/1040 1991/1419/1039
f 2000/1429/1048 1993/1430/1041 1985/1421/1033 1992/1420/1040
f 2001/1431/1049 2002/1432/1050 1994/1423/1042 1993/1422/1041
f 2002/1432/1050 2003/1433/1051 1995/1424/1043 1994/1423/1042
f 2003/1433/1051 2004/1434/1052 1996/1425/1044 1995/1424/1043
f 2004/1434/1052 2005/1435/1053 1997/1426/1045 1996/1425/1044
f 2005/1435/1053 2006/1436/1054 1998/1427/1046 1997/1426/1045
f 2006/1436/1054 2007/1437/1055 1999/1428/1047 1998/1427/1046
f 2007/1437/1055 2008/1438/1056 2000/1429/1048 1999/1428/1047
f 2008/1438/1056 2001/1439/1049 1993/1430/1041 2000/1429/1048
f 2009/1440/1057 2010/1441/1058 2002/1432/1050 2001/1431/1049
f 2010/1441/1058 2011/1442/1059 2003/1433/1051 2002/1432/1050
f 2011/1442/1059 2012/1443/1060 2004/1434/1052 2003/1433/1051
f 2012/1443/1060 2013/1444/1061 2005/1435/1053 2004/1434/1052
f 2013/1444/1061 2014/1445/1062 2006/1436/1054 2005/1435/1053
f 2014/1445/1062 2015/1446/1063 2007/1437/1055 2006/1436/1054
f 2015/1446/1063 2016/1447/1064 2008/1438/1056 2007/1437/1055
f 2016/1447/1064 2009/1448/1057 2001/1439/1049 2008/1438/1056
f 2017/1449/1065 2018/1450/1066 2010/1441/1058 2009/1440/1057
f 2018/1450/1066 2019/1451/1067 2011/1442/1059 2010/1441/1058
f 2019/1451/1067 2020/1452/1068 2012/1443/1060 2011/1442/1059
f 2020/1452/1068 2021/1453/1069 2013/1444/1061 2012/1443/1060
f 2021/1453/1069 2022/1454/1070 2014/1445/1062 2013/1444/1061
f 2022/1454/1070 2023/1455/1071 2015/1446/1063 2014/1445/1062
f 2023/1455/1071 2024/1456/1072 2016/1447/1064 2015/1446/1063
f 2024/1456/1072 2017/1457/1065 2009/1448/1057 2016/1447/1064
f 2025/1458/1073 2026/1459/1074 2018/1450/1066 2017/1449/1065
f 2026/1459/1074 2027/1460/1075 2019/1451/1067 2018/1450/1066
f 2027/1460/1075 2028/1461/1076 2020/1452/1068 2019/1451/1067
f 2028/1461/1076 2029/1462/1077 2021/1453/1069 2020/1452/1068
f 2029/1462/1077 2030/1463/1078 2022/1454/1070 2021/1453/1069
f 2030/1463/1078 2031/1464/1079 2023/1455/1071 2022/1454/1070
f 2031/1464/1079 2032/1465/1080 2024/1456/1072 2023/1455/1071
f 2032/1465/1080 2025/1466/1073 2017/1457/1065 2024/1456/1072
f 2033/1467/1081 2034/1468/1082 2026/1459/1074 2025/1458/1073
f 2034/1468/1082 2035/1469/1083 2027/1460/1075 2026/1459/1074
f 2035/1469/1083 2036/1470/1084 2028/1461/1076 2027/1460/1075
f 2036/1470/1084 2037/1471/1085 2029/1462/1077 2028/1461/1076
f 2037/1471/1085 2038/1472/1086 2030/1463/1078 2029/1462/1077
f 2038/1472/1086 2039/1473/1087 2031/1464/1079 2030/1463/1078
f 2039/1473/1087 2040/1474/1088 2032/1465/1080 2031/1464/1079
f 2040/1474/1088 2033/1475/1081 2025/1466/1073 2032/1465/1080
f 2041/1476/1089 2042/1477/1090 2034/1468/1082 2033/1467/1081
f 2042/1477/1090 2043/1478/1091 2035/1469/1083 2034/1468/1082
f 2043/1478/1091 2044/1479/1092 2036/1470/1084 2035/1469/1083
f 2044/1479/1092 2045/1480/1093 2037/1471/1085 2036/1470/1084
f 2045/1480/1093 2046/1481/1094 2038/1472/1086 2037/1471/1085
f 2046/1481/1094 2047/1482/1095 2039/1473/1087 2038/1472/1086
f 2047/1482/1095 2048/1483/1096 2040/1474/1088 2039/1473/1087
f 2048/1483/1096 2041/1484/1089 2033/1475/1081 2040/1474/1088
f 2049/1485/1097 2050/1486/1098 2042/1477/1090 2041/1476/1089
f 2050/1486/1098 2051/1487/1099 2043/1478/1091 2042/1477/1090
f 2051/1487/1099 2052/1488/1100 2044/1479/1092 2043/1478/1091
f 2052/1488/1100 2053/1489/1101 2045/1480/1093 2044/1479/1092
f 2053/1489/1101 2054/1490/1102 2046/1481/1094 2045/1480/1093
f 2054/1490/1102 2055/1491/1103 2047/1482/1095 2046/1481/1094
f 2055/1491/1103 2056/1492/1104 2048/1483/1096 2047/1482/1095
f 2056/1492/1104 2049/1493/1097 2041/1484/1089 2048/1483/1096
f 2057/1494/1105 2058/1495/1106 2050/1486/1098 2049/1485/1097
f 2058/1495/1106 2059/1496/1107 2051/1487/1099 2050/1486/1098
f 2059/1496/1107 2060/1497/1108 2052/1488/1100 2051/1487/1099
f 2060/1497/1108 2061/1498/1109 2053/1489/1101 2052/1488/1100
f 2061/1498/1109 2062/1499/1110 2054/1490/1102 2053/1489/1101
f 2062/1499/1110 2063/1500/1111 2055/1491/1103 2054/1490/1102
f 2063/1500/1111 2064/1501/1112 2056/1492/1104 2055/1491/1103
f 2064/1501/1112 2057/1502/1105 2049/1493/1097 2056/1492/1104
f 2065/1503/1113 2066/1504/1114 2058/1495/1106 2057/1494/1105
f 2066/1504/1114 2067/1505/1115 2059/1496/1107 2058/1495/1106
f 2067/1505/1115 2068/1506/1116 2060/1497/1108 2059/1496/1107
f 2068/1506/1116 2069/1507/1117 2061/1498/1109 2060/1497/1108
f 2069/1507/1117 2070/1508/1118 2062/1499/1110 2061/1498/1109
f 2070/1508/1118 2071/1509/1119 2063/1500/1111 2062/1499/1110
f 2071/1509/1119 2072/1510/1120 2064/1501/1112 2063/1500/1111
f 2072/1510/1120 2065/1511/1113 2057/1502/1105 2064/1501/1112
f 2073/1512/1121 2074/1513/1122 2066/1504/1114 2065/1503/1113
f 2074/1513/1122 2075/1514/1123 2067/1505/1115 2066/1504/1114
f 2075/1514/1123 2076/1515/1124 2068/1506/1116 2067/1505/1115
f 2076/1515/1124 2077/1516/1125 2069/1507/1117 2068/1506/1116
f 2077/1516/1125 2078/1517/1126 2070/1508/1118 2069/1507/1117
f 2078/1517/1126 2079/1518/1127 2071/1509/1119 2070/1508/1118
f 2079/1518/1127 2080/1519/1128 2072/1510/1120 2071/1509/1119
f 2080/1519/1128 2073/1520/1121 2065/1511/1113 2072/1510/1120
f 2081/1521/1129 2082/1522/1130 2074/1513/1122 2073/1512/1121
f 2082/1522/1130 2083/1523/1131 2075/1514/1123 2074/1513/1122
f 2083/1523/1131 2084/1524/1132 2076/1515/1124 2075/1514/1123
f 2084/1524/1132 2085/1525/1133 2077/1516/1125 2076/1515/1124
f 2085/1525/1133 2086/1526/1134 2078/1517/1126 2077/1516/1125
f 2086/1526/1134 2087/1527/1135 2079/1518/1127 2078/1517/1126
f 2087/1527/1135 2088/1528/1136 2080/1519/1128 2079/1518/1127
f 2088/1528/1136 2081/1529/1129 2073/1520/1121 2080/1519/1128
f 2089/1530/1137 2090/1531/1138 2082/1522/1130 2081/1521/1129
f 2090/1531/1138 2091/1532/1139 2083/1523/1131 2082/1522/1130
f 2091/1532/1139 2092/1533/1140 2084/1524/1132 2083/1523/1131
f 2092/1533/1140 2093/1534/1141 2085/1525/1133 2084/1524/1132
f 2093/1534/1141 2094/1535/1142 2086/1526/1134 2085/1525/1133
f 2094/1535/1142 2095/1536/1143 2087/1527/1135 2086/1526/1134
f 2095/1536/1143 2096/1537/1144 2088/1528/1136 2087/1527/1135
f 2096/1537/1144 2089/1538/1137 2081/1529/1129 2088/1528/1136
f 2097/1539/1145 2098/1540/1146 2090/1531/1138 2089/1530/1137
f 2098/1540/1146 2099/1541/1147 2091/1532/1139 2090/1531/1138
f 2099/1541/1147 2100/1542/1148 2092/1533/1140 2091/1532/1139
f 2100/1542/1148 2101/1543/1149 2093/1534/1141 2092/1533/1140
f 2101/1543/1149 2102/1544/1150 2094/1535/1142 2093/1534/1141
f 2102/1544/1150 2103/1545/1151 2095/1536/1143 2094/1535/1142
f 2103/1545/1151 2104/1546/1152 2096/1537/1144 2095/1536/1143
f 2104/1546/1152 2097/1547/1145 2089/1538/1137 2096/1537/1144
f 2105/1548/1153 2106/1549/1154 2098/1540/1146 2097/1539/1145
f 2106/1549/1154 2107/1550/1155 2099/1541/1147 2098/1540/1146
f 2107/1550/1155 2108/1551/1156 2100/1542/1148 2099/1541/1147
f 2108/1551/1156 2109/1552/1157 2101/1543/1149 2100/1542/1148
f 2109/1552/1157 2110/1553/1158 2102/1544/1150 2101/1543/1149
f 2110/1553/1158 2111/1554/1159 2103/1545/1151 2102/1544/1150
f 2111/1554/1159 2112/1555/1160 2104/1546/1152 2103/1545/1151
f 2112/1555/1160 2105/1556/1153 2097/1547/1145 2104/1546/1152
f 2113/1557/1161 2114/1558/1162 2106/1549/1154 2105/1548/1153
f 2114/1558/1162 2115/1559/1163 2107/1550/1155 2106/1549/1154
f 2115/1559/1163 2116/1560/1164 2108/1551/1156 2107/1550/1155
f 2116/1560/1164 2117/1561/1165 2109/1552/1157 2108/1551/1156
f 2117/1561/1165 2118/1562/1166 2110/1553/1158 2109/1552/1157
f 2118/1562/1166 2119/1563/1167 2111/1554/1159 2110/1553/1158
f 2119/1563/1167 2120/1564/1168 2112/1555/1160 2111/1554/1159
f 2120/1564/1168 2113/1565/1161 2105/1556/1153 2112/1555/1160
f 2121/1566/1169 2122/1567/1170 2114/1558/1162 2113/1557/1161
f 2122/1567/1170 2123/1568/1171 2115/1559/1163 2114/1558/1162
f 2123/1568/1171 2124/1569/1172 2116/1560/1164 2115/1559/1163
f 2124/1569/1172 2125/1570/1173 2117/1561/1165 2116/1560/1164
f 2125/1570/1173 2126/1571/1174 2118/1562/1166 2117/1561/1165
f 2126/1571/1174 2127/1572/1175 2119/1563/1167 2118/1562/1166
f 2127/1572/1175 2128/1573/1176 2120/1564/1168 2119/1563/1167
f 2128/1573/1176 2121/1574/1169 2113/1565/1161 2120/1564/1168
f 2129/1575/1177 2130/1576/1178 2122/1567/1170 2121/1566/1169
f 2130/1576/1178 2131/1577/1179 2123/1568/1171 2122/1567/1170
f 2131/1577/1179 2132/1578/1180 2124/1569/1172 2123/1568/1171
f 2132/1578/1180 2133/1579/1181 2125/1570/1173 2124/1569/1172
f 2133/1579/1181 2134/1580/1182 2126/1571/1174 2125/1570/1173
f 2134/1580/1182 2135/1581/1183 2127/1572/1175 2126/1571/1174
f 2135/1581/1183 2136/1582/1184 2128/1573/1176 2127/1572/1175
f 2136/1582/1184 2129/1583/1177 2121/1574/1169 2128/1573/1176
f 2137/1584/1185 2138/1585/1186 2130/1576/1178 2129/1575/1177
f 2138/1585/1186 2139/1586/1187 2131/1577/1179 2130/1576/1178
f 2139/1586/1187 2140/1587/1188 2132/1578/1180 2131/1577/1179
f 2140/1587/1188 2141/1588/1189 2133/1579/1181 2132/1578/1180
f 2141/1588/1189 2142/1589/1190 2134/1580/1182 2133/1579/1181
f 2142/1589/1190 2143/1590/1191 2135/1581/1183 2134/1580/1182
f 2143/1590/1191 2144/1591/1192 2136/1582/1184 2135/1581/1183
f 2144/1591/1192 2137/1592/1185 2129/1583/1177 2136/1582/1184
f 2145/1593/1193 2146/1594/1194 2138/1585/1186 2137/1584/1185
f 2146/1594/1194 2147/1595/1195 2139/1586/1187 2138/1585/1186
f 2147/1595/1195 2148/1596/1196 2140/1587/1188 2139/1586/1187
f 2148/1596/1196 2149/1597/1197 2141/1588/1189 2140/1587/1188
f 2149/1597/1197 2150/1598/1198 2142/1589/1190 2141/1588/1189
f 2150/1598/1198 2151/1599/1199 2143/1590/1191 2142/1589/1190
f 2151/1599/1199 2152/1600/1200 2144/1591/1192 2143/1590/1191
f 2152/1600/1200 2145/1601/1193 2137/1592/1185 2144/1591/1192
f 2153/1602/1201 2154/1603/1202 2146/1594/1194 2145/1593/1193
f 2154/1603/1202 2155/1604/1203 2147/1595/1195 2146/1594/1194
f 2155/1604/1203 2156/1605/1204 2148/1596/1196 2147/1595/1195
f 2156/1605/1204 2157/1606/1205 2149/1597/1197 2148/1596/1196
f 2157/1606/1205 2158/1607/1206 2150/1598/1198 2149/1597/1197
f 2158/1607/1206 2159/1608/1207 2151/1599/1199 2150/1598/1198
f 2159/1608/1207 2160/1609/1208 2152/1600/1200 2151/1599/1199
f 2160/1609/1208 2153/1610/1201 2145/1601/1193 2152/1600/1200
f 2161/1611/1209 2162/1612/1210 2154/1603/1202 2153/1602/1201
f 2162/1612/1210 2163/1613/1211 2155/1604/1203 2154/1603/1202
f 2163/1613/1211 2164/1614/1212 2156/1605/1204 2155/1604/1203
f 2164/1614/1212 2165/1615/1213 2157/1606/1205 2156/1605/1204
f 2165/1615/1213 2166/1616/1214 2158/1607/1206 2157/1606/1205
f 2166/1616/1214 2167/1617/1215 2159/1608/1207 2158/1607/1206
f 2167/1617/1215 2168/1618/1216 2160/1609/1208 2159/1608/1207
f 2168/1618/1216 2161/1619/1209 2153/1610/1201 2160/1609/1208
f 2169/1620/1217 2170/1621/1218 2162/1612/1210 2161/1611/1209
f 2170/1621/1218 2171/1622/1219 2163/1613/1211 2162/1612/1210
f 2171/1622/1219 2172/1623/1220 2164/1614/1212 2163/1613/1211
f 2172/1623/1220 2173/1624/1221 2165/1615/1213 2164/1614/1212
f 2173/1624/1221 2174/1625/1222 2166/1616/1214 2165/1615/1213
f 2174/1625/1222 2175/1626/1223 2167/1617/1215 2166/1616/1214
f 2175/1626/1223 2176/1627/1224 2168/1618/1216 2167/1617/1215
f 2176/1627/1224 2169/1628/1217 2161/1619/1209 2168/1618/1216
f 2177/1629/1225 2178/1630/1226 2170/1621/1218 2169/1620/1217
f 2178/1630/1226 2179/1631/1227 2171/1622/1219 2170/1621/1218
f 2179/1631/1227 2180/1632/1228 2172/1623/1220 2171/1622/1219
f 2180/1632/1228 2181/1633/1229 2173/1624/1221 2172/1623/1220
f 2181/1633/1229 2182/1634/1230 2174/1625/1222 2173/1624/1221
f 2182/1634/1230 2183/1635/1231 2175/1626/1223 2174/1625/1222
f 2183/1635/1231 2184/1636/1232 2176/1627/1224 2175/1626/1223
f 2184/1636/1232 2177/1637/1225 2169/1628/1217 2176/1627/1224
f 2185/1638/1233 2186/1639/1234 2178/1630/1226 2177/1629/1225
f 2186/1639/1234 2187/1640/1235 2179/1631/1227 2178/1630/1226
f 2187/1640/1235 2188/1641/1236 2180/1632/1228 2179/1631/1227
f 2188/1641/1236 2189/1642/1237 2181/1633/1229 2180/1632/1228
f 2189/1642/1237 2190/1643/1238 2182/1634/1230 2181/1633/1229
f 2190/1643/1238 2191/1644/1239 2183/1635/1231 2182/1634/1230
f 2191/1644/1239 2192/1645/1240 2184/1636/1232 2183/1635/1231
f 2192/1645/1240 2185/1646/1233 2177/1637/1225 2184/1636/1232
f 2193/1647/1241 2194/1648/1242 2186/1639/1234 2185/1638/1233
f 2194/1648/1242 2195/1649/1243 2187/1640/1235 2186/1639/1234
f 2195/1649/1243 2196/1650/1244 2188/1641/1236 2187/1640/1235
f 2196/1650/1244 2197/1651/1245 2189/1642/1237 2188/1641/1236
f 2197/1651/1245 2198/1652/1246 2190/1643/1238 2189/1642/1237
f 2198/1652/1246 2199/1653/1247 2191/1644/1239 2190/1643/1238
f 2199/1653/1247 2200/1654/1248 2192/1645/1240 2191/1644/1239
f 2200/1654/1248 2193/1655/1241 2185/1646/1233 2192/1645/1240
f 2201/1656/1249 2202/1657/1250 2194/1648/1242 2193/1647/1241
f 2202/1657/1250 2203/1658/1251 2195/1649/1243 2194/1648/1242
f 2203/1658/1251 2204/1659/1252 2196/1650/1244 2195/1649/1243
f 2204/1659/1252 2205/1660/1253 2197/1651/1245 2196/1650/1244
f 2205/1660/1253 2206/1661/1254 2198/1652/1246 2197/1651/1245
f 2206/1661/1254 2207/1662/1255 2199/1653/1247 2198/1652/1246
f 2207/1662/1255 2208/1663/1256 2200/1654/1248 2199/1653/1247
f 2208/1663/1256 2201/1664/1249 2193/1655/1241 2200/1654/1248
f 2209/1665/1257 2210/1666/1258 2202/1657/1250 2201/1656/1249
f 2210/1666/1258 2211/1667/1259 2203/1658/1251 2202/1657/1250
f 2211/1667/1259 2212/1668/1260 2204/1659/1252 2203/1658/1251
f 2212/1668/1260 2213/1669/1261 2205/1660/1253 2204/1659/1252
f 2213/1669/1261 2214/1670/1262 2206/1661/1254 2205/1660/1253
f 2214/1670/1262 2215/1671/1263 2207/1662/1255 2206/1661/1254
f 2215/1671/1263 2216/1672/1264 2208/1663/1256 2207/1662/1255
f 2216/1672/1264 2209/1673/1257 2201/1664/1249 2208/1663/1256
f 2217/1674/1265 2218/1675/1266 2210/1666/1258 2209/1665/1257
f 2218/1675/1266 2219/1676/1267 2211/1667/1259 2210/1666/1258
f 2219/1676/1267 2220/1677/1268 2212/1668/1260 2211/1667/1259
f 2220/1677/1268 2221/1678/1269 2213/1669/1261 2212/1668/1260
f 2221/1678/1269 2222/1679/1270 2214/1670/1262 2213/1669/1261
f 2222/1679/1270 2223/1680/1271 2215/1671/1263 2214/1670/1262
f 2223/1680/1271 2224/1681/1272 2216/1672/1264 2215/1671/1263
f 2224/1681/1272 2217/1682/1265 2209/1673/1257 2216/1672/1264
f 2225/1683/1273 2226/1684/1274 2218/1675/1266 2217/1674/1265
f 2226/1684/1274 2227/1685/1275 2219/1676/1267 2218/1675/1266
f 2227/1685/1275 2228/1686/1276 2220/1677/1268 2219/1676/1267
f 2228/1686/1276 2229/1687/1277 2221/1678/1269 2220/1677/1268
f 2229/1687/1277 2230/1688/1278 2222/1679/1270 2221/1678/1269
f 2230/1688/1278 2231/1689/1279 2223/1680/1271 2222/1679/1270
f 2231/1689/1279 2232/1690/1280 2224/1681/1272 2223/1680/1271
f 2232/1690/1280 2225/1691/1273 2217/1682/1265 2224/1681/1272
f 2233/1692/1281 2234/1693/1282 2226/1684/1274 2225/1683/1273
f 2234/1693/1282 2235/1694/1283 2227/1685/1275 2226/1684/1274
f 2235/1694/1283 2236/1695/1284 2228/1686/1276 2227/1685/1275
f 2236/1695/1284 2237/1696/1285 2229/1687/1277 2228/1686/1276
f 2237/1696/1285 2238/1697/1286 2230/1688/1278 2229/1687/1277
f 2238/1697/1286 2239/1698/1287 2231/1689/1279 2230/1688/1278
f 2239/1698/1287 2240/1699/1288 2232/1690/1280 2231/1689/1279
f 2240/1699/1288 2233/1700/1281 2225/1691/1273 2232/1690/1280
f 2241/1701/1289 2242/1702/1290 2234/1693/1282 2233/1692/1281
f 2242/1702/1290 2243/1703/1291 2235/1694/1283 2234/1693/1282
f 2243/1703/1291 2244/1704/1292 2236/1695/1284 2235/1694/1283
f 2244/1704/1292 2245/1705/1293 2237/1696/1285 2236/1695/1284
f 2245/1705/1293 2246/1706/1294 2238/1697/1286 2237/1696/1285
f 2246/1706/1294 2247/1707/1295 2239/1698/1287 2238/1697/1286
f 2247/1707/1295 2248/1708/1296 2240/1699/1288 2239/1698/1287
f 2248/1708/1296 2241/1709/1289 2233/1700/1281 2240/1699/1288
f 2249/1710/1297 2250/1711/1298 2242/1702/1290 2241/1701/1289
f 2250/1711/1298 2251/1712/1299 2243/1703/1291 2242/1702/1290
f 2251/1712/1299 2252/1713/1300 2244/1704/1292 2243/1703/1291
f 2252/1713/1300 2253/1714/1301 2245/1705/1293 2244/1704/1292
f 2253/1714/1301 2254/1715/1302 2246/1706/1294 2245/1705/1293
f 2254/1715/1302 2255/1716/1303 2247/1707/1295 2246/1706/1294
f 2255/1716/1303 2256/1717/1304 2248/1708/1296 2247/1707/1295
f 2256/1717/1304 2249/1718/1297 2241/1709/1289 2248/1708/1296
f 2257/1719/1305 2258/1720/1306 2250/1711/1298 2249/1710/1297
f 2258/1720/1306 2259/1721/1307 2251/1712/1299 2250/1711/1298
f 2259/1721/1307 2260/1722/1308 2252/1713/1300 2251/1712/1299
f 2260/1722/1308 2261/1723/1309 2253/1714/1301 2252/1713/1300
f 2261/1723/1309 2262/1724/1310 2254/1715/1302 2253/1714/1301
f 2262/1724/1310 2263/1725/1311 2255/1716/1303 2254/1715/1302
f 2263/1725/1311 2264/1726/1312 2256/1717/1304 2255/1716/1303
f 2264/1726/1312 2257/1727/1305 2249/1718/1297 2256/1717/1304
f 2265/1728/1313 2266/1729/1314 2258/1720/1306 2257/1719/1305
f 2266/1729/1314 2267/1730/1315 2259/1721/1307 2258/1720/1306
f 2267/1730/1315 2268/1731/1316 2260/1722/1308 2259/1721/1307
f 2268/1731/1316 2269/1732/1317 2261/1723/1309 2260/1722/1308
f 2269/1732/1317 2270/1733/1318 2262/1724/1310 2261/1723/1309
f 2270/1733/1318 2271/1734/1319 2263/1725/1311 2262/1724/1310
f 2271/1734/1319 2272/1735/1320 2264/1726/1312 2263/1725/1311
f 2272/1735/1320 2265/1736/1313 2257/1727/1305 2264/1726/1312
f 2273/1737/1321 2274/1738/1322 2266/1729/1314 2265/1728/1313
f 2274/1738/1322 2275/1739/1323 2267/1730/1315 2266/1729/1314
f 2275/1739/1323 2276/1740/1324 2268/1731/1316 2267/1730/1315
f 2276/1740/1324 2277/1741/1325 2269/1732/1317 2268/1731/1316
f 2277/1741/1325 2278/1742/1326 2270/1733/1318 2269/1732/1317
f 2278/1742/1326 2279/1743/1327 2271/1734/1319 2270/1733/1318
f 2279/1743/1327 2280/1744/1328 2272/1735/1320 2271/1734/1319
f 2280/1744/1328 2273/1745/1321 2265/1736/1313 2272/1735/1320
f 2281/1746/1329 2282/1747/1330 2274/1738/1322 2273/1737/1321
f 2282/1747/1330 2283/1748/1331 2275/1739/1323 2274/1738/1322
f 2283/1748/1331 2284/1749/1332 2276/1740/1324 2275/1739/1323
f 2284/1749/1332 2285/1750/1333 2277/1741/1325 2276/1740/1324
f 2285/1750/1333 2286/1751/1334 2278/1742/1326 2277/1741/1325
f 2286/1751/1334 2287/1752/1335 2279/1743/1327 2278/1742/1326
f 2287/1752/1335 2288/1753/1336 2280/1744/1328 2279/1743/1327
f 2288/1753/1336 2281/1754/1329 2273/1745/1321 2280/1744/1328
f 2289/1755/1337 2290/1756/1338 2282/1747/1330 2281/1746/1329
f 2290/1756/1338 2291/1757/1339 2283/1748/1331 2282/1747/1330
f 2291/1757/1339 2292/1758/1340 2284/1749/1332 2283/1748/1331
f 2292/1758/1340 2293/1759/1341 2285/1750/1333 2284/1749/1332
f 2293/1759/1341 2294/1760/1342 2286/1751/1334 2285/1750/1333
f 2294/1760/1342 2295/1761/1343 2287/1752/1335 2286/1751/1334
f 2295/1761/1343 2296/1762/1344 2288/1753/1336 2287/1752/1335
f 2296/1762/1344 2289/1763/1337 2281/1754/1329 2288/1753/1336
f 2297/1764/1345 2298/1765/1346 2290/1756/1338 2289/1755/1337
f 2298/1765/1346 2299/1766/1347 2291/1757/1339 2290/1756/1338
f 2299/1766/1347 2300/1767/1348 2292/1758/1340 2291/1757/1339
f 2300/1767/1348 2301/1768/1349 2293/1759/1341 2292/1758/1340
f 2301/1768/1349 2302/1769/1350 2294/1760/1342 2293/1759/1341
f 2302/1769/1350 2303/1770/1351 2295/1761/1343 2294/1760/1342
f 2303/1770/1351 2304/1771/1352 2296/1762/1344 2295/1761/1343
f 2304/1771/1352 2297/1772/1345 2289/1763/1337 2296/1762/1344
f 2305/1773/1353 2306/1774/1354 2298/1765/1346 2297/1764/1345
f 2306/1774/1354 2307/1775/1355 2299/1766/1347 2298/1765/1346
f 2307/1775/1355 2308/1776/1356 2300/1767/1348 2299/1766/1347
f 2308/1776/1356 2309/1777/1357 2301/1768/1349 2300/1767/1348
f 2309/1777/1357 2310/1778/1358 2302/1769/1350 2301/1768/1349
f 2310/1778/1358 2311/1779/1359 2303/1770/1351 2302/1769/1350
f 2311/1779/1359 2312/1780/1360 2304/1771/1352 2303/1770/1351
f 2312/1780/1360 2305/1781/1353 2297/1772/1345 2304/1771/1352
f 2313/1782/1361 2314/1783/1362 2306/1774/1354 2305/1773/1353
f 2314/1783/1362 2315/1784/1363 2307/1775/1355 2306/1774/1354
f 2315/1784/1363 2316/1785/1364 2308/1776/1356 2307/1775/1355
f 2316/1785/1364 2317/1786/1365 2309/1777/1357 2308/1776/1356
f 2317/1786/1365 2318/1787/1366 2310/1778/1358 2309/1777/1357
f 2318/1787/1366 2319/1788/1367 2311/1779/1359 2310/1778/1358
f 2319/1788/1367 2320/1789/1368 2312/1780/1360 2311/1779/1359
f 2320/1789/1368 2313/1790/1361 2305/1781/1353 2312/1780/1360
f 2321/1791/1369 2322/1792/1370 2314/1783/1362 2313/1782/1361
f 2322/1792/1370 2323/1793/1371 2315/1784/1363 2314/1783/1362
f 2323/1793/1371 2324/1794/1372 2316/1785/1364 2315/1784/1363
f 2324/1794/1372 2325/1795/1373 2317/1786/1365 2316/1785/1364
f 2325/1795/1373 2326/1796/1374 2318/1787/1366 2317/1786/1365
f 2326/1796/1374 2327/1797/1375 2319/1788/1367 2318/1787/1366
f 2327/1797/1375 2328/1798/1376 2320/1789/1368 2319/1788/1367
f 2328/1798/1376 2321/1799/1369 2313/1790/1361 2320/1789/1368
f 2329/1800/1377 2330/1801/1378 2322/1792/1370 2321/1791/1369
f 2330/1801/1378 2331/1802/1379 2323/1793/1371 2322/1792/1370
f 2331/1802/1379 2332/1803/1380 2324/1794/1372 2323/1793/1371
f 2332/1803/1380 2333/1804/1381 2325/1795/1373 2324/1794/1372
f 2333/1804/1381 2334/1805/1382 2326/1796/1374 2325/1795/1373
f 2334/1805/1382 2335/1806/1383 2327/1797/1375 2326/1796/1374
f 2335/1806/1383 2336/1807/1384 2328/1798/1376 2327/1797/1375
f 2336/1807/1384 2329/1808/1377 2321/1799/1369 2328/1798/1376
f 2337/1809/1385 2338/1810/1386 2330/1801/1378 2329/1800/1377
f 2338/1810/1386 2339/1811/1387 2331/1802/1379 2330/1801/1378
f 2339/1811/1387 2340/1812/1388 2332/1803/1380 2331/1802/1379
f 2340/1812/1388 2341/1813/1389 2333/1804/1381 2332/1803/1380
f 2341/1813/1389 2342/1814/1390 2334/1805/1382 2333/1804/1381
f 2342/1814/1390 2343/1815/1391 2335/1806/1383 2334/1805/1382
f 2343/1815/1391 2344/1816/1392 2336/1807/1384 2335/1806/1383
f 2344/1816/1392 2337/1817/1385 2329/1808/1377 2336/1807/1384
f 2345/1818/1393 2346/1819/1394 2338/1810/1386 2337/1809/1385
f 2346/1819/1394 2347/1820/1395 2339/1811/1387 2338/1810/1386
f 2347/1820/1395 2348/1821/1396 2340/1812/1388 2339/1811/1387
f 2348/1821/1396 2349/1822/1397 2341/1813/1389 2340/1812/1388
f 2349/1822/1397 2350/1823/1398 2342/1814/1390 2341/1813/1389
f 2350/1823/1398 2351/1824/1399 2343/1815/1391 2342/1814/1390
f 2351/1824/1399 2352/1825/1400 2344/1816/1392 2343/1815/1391
f 2352/1825/1400 2345/1826/1393 2337/1817/1385 2344/1816/1392
f 2353/1827/1401 2354/1828/1402 2346/1819/1394 2345/1818/1393
f 2354/1828/1402 2355/1829/1403 2347/1820/1395 2346/1819/1394
f 2355/1829/1403 2356/1830/1404 2348/1821/1396 2347/1820/1395
f 2356/1830/1404 2357/1831/1405 2349/1822/1397 2348/1821/1396
f 2357/1831/1405 2358/1832/1406 2350/1823/1398 2349/1822/1397
f 2358/1832/1406 2359/1833/1407 2351/1824/1399 2350/1823/1398
f 2359/1833/1407 2360/1834/1408 2352/1825/1400 2351/1824/1399
f 2360/1834/1408 2353/1835/1401 2345/1826/1393 2352/1825/1400
f 2361/1836/1409 2362/1837/1410 2354/1828/1402 2353/1827/1401
f 2362/1837/1410 2363/1838/1411 2355/1829/1403 2354/1828/1402
f 2363/1838/1411 2364/1839/1412 2356/1830/1404 2355/1829/1403
f 2364/1839/1412 2365/1840/1413 2357/1831/1405 2356/1830/1404
f 2365/1840/1413 2366/1841/1414 2358/1832/1406 2357/1831/1405
f 2366/1841/1414 2367/1842/1415 2359/1833/1407 2358/1832/1406
f 2367/1842/1415 2368/1843/1416 2360/1834/1408 2359/1833/1407
f 2368/1843/1416 2361/1844/1409 2353/1835/1401 2360/1834/1408
f 2369/1845/1417 2370/1846/1418 2362/1837/1410 2361/1836/1409
f 2370/1846/1418 2371/1847/1419 2363/1838/1411 2362/1837/1410
f 2371/1847/1419 2372/1848/1420 2364/1839/1412 2363/1838/1411
f 2372/1848/1420 2373/1849/1421 2365/1840/1413 2364/1839/1412
f 2373/1849/1421 2374/1850/1422 2366/1841/1414 2365/1840/1413
f 2374/1850/1422 2375/1851/1423 2367/1842/1415 2366/1841/1414
f 2375/1851/1423 2376/1852/1424 2368/1843/1416 2367/1842/1415
f 2376/1852/1424 2369/1853/1417 2361/1844/1409 2368/1843/1416
f 2377/1854/1425 2378/1855/1426 2370/1846/1418 2369/1845/1417
f 2378/1855/1426 2379/1856/1427 2371/1847/1419 2370/1846/1418
f 2379/1856/1427 2380/1857/1428 2372/1848/1420 2371/1847/1419
f 2380/1857/1428 2381/1858/1429 2373/1849/1421 2372/1848/1420
f 2381/1858/1429 2382/1859/1430 2374/1850/1422 2373/1849/1421
f 2382/1859/1430 2383/1860/1431 2375/1851/1423 2374/1850/1422
f 2383/1860/1431 2384/1861/1432 2376/1852/1424 2375/1851/1423
f 2384/1861/1432 2377/1862/1425 2369/1853/1417 2376/1852/1424
f 2385/1863/1433 2386/1864/1434 2378/1855/1426 2377/1854/1425
f 2386/1864/1434 2387/1865/1435 2379/1856/1427 2378/1855/1426
f 2387/1865/1435 2388/1866/1436 2380/1857/1428 2379/1856/1427
f 2388/1866/1436 2389/1867/1437 2381/1858/1429 2380/1857/1428
f 2389/1867/1437 2390/1868/1438 2382/1859/1430 2381/1858/1429
f 2390/1868/1438 2391/1869/1439 2383/1860/1431 2382/1859/1430
f 2391/1869/1439 2392/1870/1440 2384/1861/1432 2383/1860/1431
f 2392/1870/1440 2385/1871/1433 2377/1862/1425 2384/1861/1432
f 2393/1872/1441 2394/1873/1442 2386/1864/1434 2385/1863/1433
f 2394/1873/1442 2395/1874/1443 2387/1865/1435 2386/1864/1434
f 2395/1874/1443 2396/1875/1444 2388/1866/1436 2387/1865/1435
f 2396/1875/1444 2397/1876/1445 2389/1867/1437 2388/1866/1436
f 2397/1876/1445 2398/1877/1446 2390/1868/1438 2389/1867/1437
f 2398/1877/1446 2399/1878/1447 2391/1869/1439 2390/1868/1438
f 2399/1878/1447 2400/1879/1448 2392/1870/1440 2391/1869/1439
f 2400/1879/1448 2393/1880/1441 2385/1871/1433 2392/1870/1440
f 2401/1881/1449 2402/1882/1450 2394/1873/1442 2393/1872/1441
f 2402/1882/1450 2403/1883/1451 2395/1874/1443 2394/1873/1442
f 2403/1883/1451 2404/1884/1452 2396/1875/1444 2395/1874/1443
f 2404/1884/1452 2405/1885/1453 2397/1876/1445 2396/1875/1444
f 2405/1885/1453 2406/1886/1454 2398/1877/1446 2397/1876/1445
f 2406/1886/1454 2407/1887/1455 2399/1878/1447 2398/1877/1446
f 2407/1887/1455 2408/1888/1456 2400/1879/1448 2399/1878/1447
f 2408/1888/1456 2401/1889/1449 2393/1880/1441 2400/1879/1448
f 2409/1890/1457 2410/1891/1458 2402/1882/1450 2401/1881/1449
f 2410/1891/1458 2411/1892/1459 2403/1883/1451 2402/1882/1450
f 2411/1892/1459 2412/1893/1460 2404/1884/1452 2403/1883/1451
f 2412/1893/1460 2413/1894/1461 2405/1885/1453 2404/1884/1452
f 2413/1894/1461 2414/1895/1462 2406/1886/1454 2405/1885/1453
f 2414/1895/1462 2415/1896/1463 2407/1887/1455 2406/1886/1454
f 2415/1896/1463 2416/1897/1464 2408/1888/1456 2407/1887/1455
f 2416/1897/1464 2409/1898/1457 2401/1889/1449 2408/1888/1456
f 2417/1899/1465 2418/1900/1466 2410/1891/1458 2409/1890/1457
f 2418/1900/1466 2419/1901/1467 2411/1892/1459 2410/1891/1458
f 2419/1901/1467 2420/1902/1468 2412/1893/1460 2411/1892/1459
f 2420/1902/1468 2421/1903/1469 2413/1894/1461 2412/1893/1460
f 2421/1903/1469 2422/1904/1470 2414/1895/1462 2413/1894/1461
f 2422/1904/1470 2423/1905/1471 2415/1896/1463 2414/1895/1462
f 2423/1905/1471 2424/1906/1472 2416/1897/1464 2415/1896/1463
f 2424/1906/1472 2417/1907/1465 2409/1898/1457 2416/1897/1464
f 2425/1908/1473 2426/1909/1474 2418/1900/1466 2417/1899/1465
f 2426/1909/1474 2427/1910/1475 2419/1901/1467 2418/1900/1466
f 2427/1910/1475 2428/1911/1476 2420/1902/1468 2419/1901/1467
f 2428/1911/1476 2429/1912/1477 2421/1903/1469 2420/1902/1468
f 2429/1912/1477 2430/1913/1478 2422/1904/1470 2421/1903/1469
f 2430/1913/1478 2431/1914/1479 2423/1905/1471 2422/1904/1470
f 2431/1914/1479 2432/1915/1480 2424/1906/1472 2423/1905/1471
f 2432/1915/1480 2425/1916/1473 2417/1907/1465 2424/1906/1472
f 1841/263/892 1842/642/891 2426/1909/1474 2425/1908/1473
f 1842/642/891 1843/649/894 2427/1910/1475 2426/1909/1474
f 1843/649/894 1844/653/896 2428/1911/1476 2427/1910/1475
f 1844/653/896 1845/258/898 2429/1912/1477 2428/1911/1476
f 1845/258/898 1846/663/900 2430/1913/1478 2429/1912/1477
f 1846/663/900 1847/670/902 2431/1914/1479 2430/1913/1478
f 1847/670/902 1848/674/904 2432/1915/1480 2431/1914/1479
f 1848/674/904 1841/277/892 2425/1916/1473 2432/1915/1480
usemtl PILLOW
f 678/678/465 730/679/465 729/263/466 677/4/466
f 679/680/467 731/681/467 730/679/465 678/678/465
f 680/682/468 732/683/468 731/681/467 679/680/467
f 681/684/469 733/685/469 732/683/468 680/682/468
f 682/686/470 734/687/470 733/685/469 681/684/469
f 683/688/471 735/689/471 734/687/470 682/686/470
f 684/690/472 736/691/472 735/689/471 683/688/471
f 685/692/473 737/693/473 736/691/472 684/690/472
f 686/694/474 738/695/474 737/693/473 685/692/473
f 687/696/475 739/697/475 738/695/474 686/694/474
f 688/698/476 740/699/476 739/697/475 687/696/475
f 689/700/477 741/701/477 740/699/476 688/698/476
f 690/702/478 742/703/478 741/701/477 689/700/477
f 691/704/479 743/705/479 742/703/478 690/702/478
f 692/706/480 744/707/480 743/705/479 691/704/479
f 693/708/481 745/709/481 744/707/480 692/706/480
f 694/710/482 746/711/482 745/709/481 693/708/481
f 695/712/483 747/713/483 746/711/482 694/710/482
f 696/714/484 748/715/484 747/713/483 695/712/483
f 697/716/485 749/717/485 748/715/484 696/714/484
f 698/718/486 750/719/486 749/717/485 697/716/485
f 699/720/487 751/721/487 750/719/486 698/718/486
f 700/722/488 752/723/488 751/721/487 699/720/487
f 701/724/489 753/725/489 752/723/488 700/722/488
f 702/726/490 754/727/490 753/725/489 701/724/489
f 703/728/491 755/729/491 754/727/490 702/726/490
f 704/730/492 756/731/492 755/729/491 703/728/491
f 705/732/493 757/733/493 756/731/494 704/730/494
f 706/734/495 758/735/495 757/733/493 705/732/493
f 707/736/495 759/737/495 758/735/495 706/734/495
f 708/738/495 760/739/495 759/737/495 707/736/495
f 709/740/495 761/741/495 760/739/495 708/738/495
f 710/742/495 762/743/495 761/741/495 709/740/495
f 711/744/495 763/745/495 762/743/495 710/742/495
f 712/746/495 764/747/495 763/745/495 711/744/495
f 713/748/495 765/749/495 764/747/495 712/746/495
f 714/750/495 766/751/495 765/749/495 713/748/495
f 715/752/495 767/753/495 766/751/495 714/750/495
f 716/754/495 768/755/495 767/753/495 715/752/495
f 717/756/495 769/757/495 768/755/495 716/754/495
f 718/758/495 770/759/495 769/757/495 717/756/495
f 719/760/495 771/761/495 770/759/495 718/758/495
f 720/762/495 772/763/495 771/761/495 719/760/495
f 721/764/495 773/765/495 772/763/495 720/762/495
f 722/766/495 774/767/495 773/765/495 721/764/495
f 723/768/495 775/769/495 774/767/495 722/766/495
f 724/770/495 776/771/495 775/769/495 723/768/495
f 725/772/495 777/773/495 776/771/495 724/770/495
f 726/774/495 778/775/495 777/773/495 725/772/495
f 727/776/495 779/777/495 778/775/495 726/774/495
f 728/778/495 780/779/495 779/777/495 727/776/495
f 677/18/495 729/277/495 780/779/495 728/778/495
f 883/780/203 881/781/203 879/782/203 877/783/203 875/784/203 873/785/203 871/786/203 869/787/203 867/788/203 865/789/203 863/790/203 861/791/203 859/792/203 857/793/203 855/794/203 853/795/203 851/796/203 849/797/203 847/798/203 845/799/203 843/800/203 841/801/203 839/802/203 837/803/203 835/804/203 833/805/203 831/806/203 829/807/203 827/808/203 825/809/203 823/810/203 821/811/203 819/812/203 817/813/203 815/814/203 813/815/203 811/816/203 809/817/203 807/818/203 805/819/203 803/820/203 801/821/203 799/822/203 797/823/203 795/824/203 793/825/203 791/826/203 789/827/203 787/828/203 785/829/203 783/830/203 782/831/203
f 677/18/496 781/832/497 784/833/498 678/834/499
f 781/832/497 782/831/500 783/830/501 784/833/498
f 678/834/499 784/833/498 786/835/502 679/836/503
f 784/833/498 783/830/501 785/829/504 786/835/502
f 679/836/503 786/835/502 788/837/505 680/838/506
f 786/835/502 785/829/504 787/828/507 788/837/505
f 680/838/506 788/837/505 790/839/508 681/840/509
f 788/837/505 787/828/507 789/827/510 790/839/508
f 681/840/509 790/839/508 792/841/511 682/842/512
f 790/839/508 789/827/510 791/826/513 792/841/511
f 682/842/512 792/841/511 794/843/514 683/844/515
f 792/841/511 791/826/513 793/825/516 794/843/514
f 683/844/515 794/843/514 796/845/517 684/846/518
f 794/843/514 793/825/516 795/824/519 796/845/517
f 684/846/518 796/845/517 798/847/520 685/848/521
f 796/845/517 795/824/519 797/823/522 798/847/520
f 685/848/521 798/847/520 800/849/523 686/850/524
f 798/847/520 797/823/522 799/822/525 800/849/523
f 686/850/524 800/849/523 802/851/526 687/852/527
f 800/849/523 799/822/525 801/821/528 802/851/526
f 687/852/527 802/851/526 804/853/529 688/854/530
f 802/851/526 801/821/528 803/820/531 804/853/529
f 688/854/530 804/853/529 806/855/532 689/856/533
f 804/853/529 803/820/531 805/819/534 806/855/532
f 689/856/533 806/855/532 808/857/535 690/858/536
f 806/855/532 805/819/534 807/818/537 808/857/535
f 690/858/536 808/857/535 810/859/538 691/860/539
f 808/857/535 807/818/537 809/817/540 810/859/538
f 691/860/539 810/859/538 812/861/541 692/862/542
f 810/859/538 809/817/540 811/816/543 812/861/541
f 692/862/542 812/861/541 814/863/544 693/864/545
f 812/861/541 811/816/543 813/815/546 814/863/544
f 693/864/545 814/863/544 816/865/547 694/866/548
f 814/863/544 813/815/546 815/814/549 816/865/547
f 694/866/548 816/865/547 818/867/550 695/868/551
f 816/865/547 815/814/549 817/813/552 818/867/550
f 695/868/551 818/867/550 820/869/553 696/870/554
f 818/867/550 817/813/552 819/812/555 820/869/553
f 696/870/554 820/869/553 822/871/556 697/872/557
f 820/869/553 819/812/555 821/811/558 822/871/556
f 697/872/557 822/871/556 824/873/559 698/874/560
f 822/871/556 821/811/558 823/810/561 824/873/559
f 698/874/560 824/873/559 826/875/562 699/876/563
f 824/873/559 823/810/561 825/809/564 826/875/562
f 699/876/563 826/875/562 828/877/565 700/878/566
f 826/875/562 825/809/564 827/808/567 828/877/565
f 700/878/566 828/877/565 830/879/568 701/880/569
f 828/877/565 827/808/567 829/807/570 830/879/568
f 701/880/569 830/879/568 832/881/571 702/882/572
f 830/879/568 829/807/570 831/806/573 832/881/571
f 702/882/572 832/881/571 834/883/574 703/884/575
f 832/881/571 831/806/573 833/805/576 834/883/574
f 703/884/575 834/883/574 836/885/577 704/886/578
f 834/883/574 833/805/576 835/804/579 836/885/577
f 704/886/580 836/885/581 838/887/582 705/888/583
f 836/885/581 835/804/584 837/803/585 838/887/582
f 705/888/583 838/887/582 840/889/586 706/890/587
f 838/887/582 837/803/585 839/802/588 840/889/586
f 706/890/587 840/889/586 842/891/586 707/892/587
f 840/889/586 839/802/588 841/801/588 842/891/586
f 707/892/587 842/891/586 844/893/586 708/894/587
f 842/891/586 841/801/588 843/800/588 844/893/586
f 708/894/587 844/893/586 846/895/586 709/896/587
f 844/893/586 843/800/588 845/799/588 846/895/586
f 709/896/587 846/895/586 848/897/586 710/898/587
f 846/895/586 845/799/588 847/798/588 848/897/586
f 710/898/587 848/897/586 850/899/586 711/900/587
f 848/897/586 847/798/588 849/797/588 850/899/586
f 711/900/587 850/899/586 852/901/586 712/902/587
f 850/899/586 849/797/588 851/796/588 852/901/586
f 712/902/587 852/901/586 854/903/586 713/904/587
f 852/901/586 851/796/588 853/795/588 854/903/586
f 713/904/587 854/903/586 856/905/586 714/906/587
f 854/903/586 853/795/588 855/794/588 856/905/586
f 714/906/587 856/905/586 858/907/586 715/908/587
f 856/905/586 855/794/588 857/793/588 858/907/586
f 715/908/587 858/907/586 860/909/586 716/910/587
f 858/907/586 857/793/588 859/792/588 860/909/586
f 716/910/587 860/909/586 862/911/586 717/912/587
f 860/909/586 859/792/588 861/791/588 862/911/586
f 717/912/587 862/911/586 864/913/586 718/914/587
f 862/911/586 861/791/588 863/790/588 864/913/586
f 718/914/587 864/913/586 866/915/586 719/916/587
f 864/913/586 863/790/588 865/789/588 866/915/586
f 719/916/587 866/915/586 868/917/586 720/918/587
f 866/915/586 865/789/588 867/788/588 868/917/586
f 720/918/587 868/917/586 870/919/586 721/920/587
f 868/917/586 867/788/588 869/787/588 870/919/586
f 721/920/587 870/919/586 872/921/586 722/922/587
f 870/919/586 869/787/588 871/786/588 872/921/586
f 722/922/587 872/921/586 874/923/586 723/924/587
f 872/921/586 871/786/588 873/785/588 874/923/586
f 723/924/587 874/923/586 876/925/586 724/926/587
f 874/923/586 873/785/588 875/784/588 876/925/586
f 724/926/587 876/925/586 878/927/586 725/928/587
f 876/925/586 875/784/588 877/783/588 878/927/586
f 725/928/587 878/927/586 880/929/586 726/930/587
f 878/927/586 877/783/588 879/782/588 880/929/586
f 726/930/587 880/929/586 882/931/586 727/932/587
f 880/929/586 879/782/588 881/781/588 882/931/586
f 727/932/587 882/931/586 884/933/586 728/934/587
f 882/931/586 881/781/588 883/780/588 884/933/586
f 728/934/587 884/933/586 781/832/586 677/18/587
f 884/933/586 883/780/588 782/831/588 781/832/586
f 886/831/178 887/830/178 889/829/178 891/828/178 893/827/178 895/826/178 897/825/178 899/824/178 901/823/178 903/822/178 905/821/178 907/820/178 909/819/178 911/818/178 913/817/178 915/816/178 917/815/178 919/814/178 921/813/178 923/812/178 925/811/178 927/810/178 929/809/178 931/808/178 933/807/178 935/806/178 937/805/178 939/804/178 941/803/178 943/802/178 945/801/178 947/800/178 949/799/178 951/798/178 953/797/178 955/796/178 957/795/178 959/794/178 961/793/178 963/792/178 965/791/178 967/790/178 969/789/178 971/788/178 973/787/178 975/786/178 977/785/178 979/784/178 981/783/178 983/782/178 985/781/178 987/780/178
f 730/834/589 888/833/590 885/832/591 729/18/592
f 888/833/590 887/830/593 886/831/594 885/832/591
f 731/836/595 890/835/596 888/833/590 730/834/589
f 890/835/596 889/829/597 887/830/593 888/833/590
f 732/838/598 892/837/599 890/835/596 731/836/595
f 892/837/599 891/828/600 889/829/597 890/835/596
f 733/840/601 894/839/602 892/837/599 732/838/598
f 894/839/602 893/827/603 891/828/600 892/837/599
f 734/842/604 896/841/605 894/839/602 733/840/601
f 896/841/605 895/826/606 893/827/603 894/839/602
f 735/844/607 898/843/608 896/841/605 734/842/604
f 898/843/608 897/825/609 895/826/606 896/841/605
f 736/846/610 900/845/611 898/843/608 735/844/607
f 900/845/611 899/824/612 897/825/609 898/843/608
f 737/848/613 902/847/614 900/845/611 736/846/610
f 902/847/614 901/823/615 899/824/612 900/845/611
f 738/850/616 904/849/617 902/847/614 737/848/613
f 904/849/617 903/822/618 901/823/615 902/847/614
f 739/852/619 906/851/620 904/849/617 738/850/616
f 906/851/620 905/821/621 903/822/618 904/849/617
f 740/854/622 908/853/623 906/851/620 739/852/619
f 908/853/623 907/820/624 905/821/621 906/851/620
f 741/856/625 910/855/626 908/853/623 740/854/622
f 910/855/626 909/819/627 907/820/624 908/853/623
f 742/858/628 912/857/629 910/855/626 741/856/625
f 912/857/629 911/818/630 909/819/627 910/855/626
f 743/860/631 914/859/632 912/857/629 742/858/628
f 914/859/632 913/817/633 911/818/630 912/857/629
f 744/862/634 916/861/635 914/859/632 743/860/631
f 916/861/635 915/816/636 913/817/633 914/859/632
f 745/864/637 918/863/638 916/861/635 744/862/634
f 918/863/638 917/815/639 915/816/636 916/861/635
f 746/866/640 920/865/641 918/863/638 745/864/637
f 920/865/641 919/814/642 917/815/639 918/863/638
f 747/868/643 922/867/644 920/865/641 746/866/640
f 922/867/644 921/813/645 919/814/642 920/865/641
f 748/870/646 924/869/647 922/867/644 747/868/643
f 924/869/647 923/812/648 921/813/645 922/867/644
f 749/872/649 926/871/650 924/869/647 748/870/646
f 926/871/650 925/811/651 923/812/648 924/869/647
f 750/874/652 928/873/653 926/871/650 749/872/649
f 928/873/653 927/810/654 925/811/651 926/871/650
f 751/876/655 930/875/656 928/873/653 750/874/652
f 930/875/656 929/809/657 927/810/654 928/873/653
f 752/878/658 932/877/659 930/875/656 751/876/655
f 932/877/659 931/808/660 929/809/657 930/875/656
f 753/880/661 934/879/662 932/877/659 752/878/658
f 934/879/662 933/807/663 931/808/660 932/877/659
f 754/882/664 936/881/665 934/879/662 753/880/661
f 936/881/665 935/806/666 933/807/663 934/879/662
f 755/884/667 938/883/668 936/881/665 754/882/664
f 938/883/668 937/805/669 935/806/666 936/881/665
f 756/886/670 940/885/671 938/883/668 755/884/667
f 940/885/671 939/804/672 937/805/669 938/883/668
f 757/888/673 942/887/674 940/885/675 756/886/676
f 942/887/674 941/803/677 939/804/678 940/885/675
f 758/890/679 944/889/680 942/887/674 757/888/673
f 944/889/680 943/802/681 941/803/677 942/887/674
f 759/892/679 946/891/680 944/889/680 758/890/679
f 946/891/680 945/801/681 943/802/681 944/889/680
f 760/894/679 948/893/680 946/891/680 759/892/679
f 948/893/680 947/800/681 945/801/681 946/891/680
f 761/896/679 950/895/680 948/893/680 760/894/679
f 950/895/680 949/799/681 947/800/681 948/893/680
f 762/898/679 952/897/680 950/895/680 761/896/679
f 952/897/680 951/798/681 949/799/681 950/895/680
f 763/900/679 954/899/680 952/897/680 762/898/679
f 954/899/680 953/797/681 951/798/681 952/897/680
f 764/902/679 956/901/680 954/899/680 763/900/679
f 956/901/680 955/796/681 953/797/681 954/899/680
f 765/904/679 958/903/680 956/901/680 764/902/679
f 958/903/680 957/795/681 955/796/681 956/901/680
f 766/906/679 960/905/680 958/903/680 765/904/679
f 960/905/680 959/794/681 957/795/681 958/903/680
f 767/908/679 962/907/680 960/905/680 766/906/679
f 962/907/680 961/793/681 959/794/681 960/905/680
f 768/910/679 964/909/680 962/907/680 767/908/679
f 964/909/680 963/792/681 961/793/681 962/907/680
f 769/912/679 966/911/680 964/909/680 768/910/679
f 966/911/680 965/791/681 963/792/681 964/909/680
f 770/914/679 968/913/680 966/911/680 769/912/679
f 968/913/680 967/790/681 965/791/681 966/911/680
f 771/916/679 970/915/680 968/913/680 770/914/679
f 970/915/680 969/789/681 967/790/681 968/913/680
f 772/918/679 972/917/680 970/915/680 771/916/679
f 972/917/680 971/788/681 969/789/681 970/915/680
f 773/920/679 974/919/680 972/917/680 772/918/679
f 974/919/680 973/787/681 971/788/681 972/917/680
f 774/922/679 976/921/680 974/919/680 773/920/679
f 976/921/680 975/786/681 973/787/681 974/919/680
f 775/924/679 978/923/680 976/921/680 774/922/679
f 978/923/680 977/785/681 975/786/681 976/921/680
f 776/926/679 980/925/680 978/923/680 775/924/679
f 980/925/680 979/784/681 977/785/681 978/923/680
f 777/928/679 982/927/680 980/925/680 776/926/679
f 982/927/680 981/783/681 979/784/681 980/925/680
f 778/930/679 984/929/680 982/927/680 777/928/679
f 984/929/680 983/782/681 981/783/681 982/927/680
f 779/932/679 986/931/680 984/929/680 778/930/679
f 986/931/680 985/781/681 983/782/681 984/929/680
f 780/934/679 988/933/680 986/931/680 779/932/679
f 988/933/680 987/780/681 985/781/681 986/931/680
f 729/18/679 885/832/680 988/933/680 780/934/679
f 885/832/680 886/831/681 987/780/681 988/933/680
f 1017/263/682 1018/935/682 990/936/682 989/4/682
f 1018/935/682 1019/937/682 991/938/682 990/936/682
f 1019/937/682 1020/939/682 992/940/682 991/938/682
f 1020/939/682 1021/941/682 993/942/682 992/940/682
f 1021/941/682 1022/943/682 994/944/682 993/942/682
f 1022/943/682 1023/945/682 995/946/682 994/944/682
f 1023/945/682 1024/947/682 996/948/682 995/946/682
f 1024/947/682 1025/949/682 997/950/682 996/948/682
f 1025/949/682 1026/951/682 998/952/682 997/950/682
f 1026/951/682 1027/953/682 999/954/682 998/952/682
f 1027/953/682 1028/955/682 1000/956/682 999/954/682
f 1028/955/682 1029/957/683 1001/958/683 1000/956/682
f 1029/957/683 1030/959/684 1002/960/684 1001/958/683
f 1030/959/685 1031/961/686 1003/962/686 1002/960/685
f 1031/961/686 1032/963/687 1004/964/687 1003/962/686
f 1032/963/687 1033/965/688 1005/966/688 1004/964/687
f 1033/965/688 1034/967/689 1006/968/689 1005/966/688
f 1034/967/689 1035/969/690 1007/970/690 1006/968/689
f 1035/969/690 1036/971/691 1008/972/691 1007/970/690
f 1036/971/691 1037/973/692 1009/974/692 1008/972/691
f 1037/973/692 1038/975/693 1010/976/693 1009/974/692
f 1038/975/693 1039/977/694 1011/978/694 1010/976/693
f 1039/977/694 1040/979/695 1012/980/695 1011/978/694
f 1040/979/695 1041/981/696 1013/982/696 1012/980/695
f 1041/981/696 1042/983/697 1014/984/697 1013/982/696
f 1042/983/697 1043/985/698 1015/986/698 1014/984/697
f 1043/985/698 1044/987/699 1016/988/699 1015/986/698
f 1044/987/699 1017/277/700 989/18/700 1016/988/699
f 1099/989/203 1097/990/203 1095/991/203 1093/992/203 1091/993/203 1089/994/203 1087/995/203 1085/996/203 1083/997/203 1081/998/203 1079/999/203 1077/1000/203 1075/1001/203 1073/1002/203 1071/1003/203 1069/1004/203 1067/1005/203 1065/1006/203 1063/1007/203 1061/1008/203 1059/1009/203 1057/1010/203 1055/1011/203 1053/1012/203 1051/1013/203 1049/1014/203 1047/1015/203 1046/1016/203
f 1016/1017/701 1045/1018/702 1048/1019/703 1015/1020/704
f 1045/1018/702 1046/1016/705 1047/1015/706 1048/1019/703
f 1015/1020/704 1048/1019/703 1050/1021/707 1014/1022/708
f 1048/1019/703 1047/1015/706 1049/1014/709 1050/1021/707
f 1014/1022/708 1050/1021/707 1052/1023/710 1013/1024/711
f 1050/1021/707 1049/1014/709 1051/1013/712 1052/1023/710
f 1013/1024/711 1052/1023/710 1054/1025/713 1012/1026/714
f 1052/1023/710 1051/1013/712 1053/1012/715 1054/1025/713
f 1012/1026/714 1054/1025/713 1056/1027/716 1011/1028/717
f 1054/1025/713 1053/1012/715 1055/1011/718 1056/1027/716
f 1011/1028/717 1056/1027/716 1058/1029/719 1010/1030/720
f 1056/1027/716 1055/1011/718 1057/1010/721 1058/1029/719
f 1010/1030/720 1058/1029/719 1060/1031/722 1009/1032/723
f 1058/1029/719 1057/1010/721 1059/1009/724 1060/1031/722
f 1009/1032/723 1060/1031/722 1062/1033/725 1008/1034/726
f 1060/1031/722 1059/1009/724 1061/1008/727 1062/1033/725
f 1008/1034/726 1062/1033/725 1064/1035/728 1007/1036/729
f 1062/1033/725 1061/1008/727 1063/1007/730 1064/1035/728
f 1007/1036/729 1064/1035/728 1066/1037/731 1006/1038/732
f 1064/1035/728 1063/1007/730 1065/1006/733 1066/1037/731
f 1006/1038/732 1066/1037/731 1068/1039/734 1005/1040/735
f 1066/1037/731 1065/1006/733 1067/1005/736 1068/1039/734
f 1005/1040/735 1068/1039/734 1070/1041/737 1004/1042/738
f 1068/1039/734 1067/1005/736 1069/1004/739 1070/1041/737
f 1004/1042/738 1070/1041/737 1072/1043/740 1003/1044/741
f 1070/1041/737 1069/1004/739 1071/1003/742 1072/1043/740
f 1003/1044/741 1072/1043/740 1074/1045/743 1002/1046/744
f 1072/1043/740 1071/1003/742 1073/1002/745 1074/1045/743
f 1002/1046/746 1074/1045/747 1076/1047/748 1001/1048/749
f 1074/1045/747 1073/1002/750 1075/1001/751 1076/1047/748
f 1001/1048/749 1076/1047/748 1078/1049/752 1000/1050/753
f 1076/1047/748 1075/1001/751 1077/1000/754 1078/1049/752
f 1000/1050/753 1078/1049/752 1080/1051/752 999/1052/753
f 1078/1049/752 1077/1000/754 1079/999/754 1080/1051/752
f 999/1052/753 1080/1051/752 1082/1053/752 998/1054/753
f 1080/1051/752 1079/999/754 1081/998/754 1082/1053/752
f 998/1054/753 1082/1053/752 1084/1055/755 997/1056/753
f 1082/1053/752 1081/998/754 1083/997/754 1084/1055/755
f 997/1056/753 1084/1055/755 1086/1057/755 996/1058/753
f 1084/1055/755 1083/997/754 1085/996/754 1086/1057/755
f 996/1058/753 1086/1057/755 1088/1059/755 995/1060/753
f 1086/1057/755 1085/996/754 1087/995/754 1088/1059/755
f 995/1060/753 1088/1059/755 1090/1061/752 994/1062/753
f 1088/1059/755 1087/995/754 1089/994/754 1090/1061/752
f 994/1062/753 1090/1061/752 1092/1063/752 993/1064/753
f 1090/1061/752 1089/994/754 1091/993/754 1092/1063/752
f 993/1064/753 1092/1063/752 1094/1065/755 992/1066/753
f 1092/1063/752 1091/993/754 1093/992/754 1094/1065/755
f 992/1066/753 1094/1065/755 1096/1067/752 991/1068/753
f 1094/1065/755 1093/992/754 1095/991/754 1096/1067/752
f 991/1068/753 1096/1067/752 1098/1069/752 990/1070/753
f 1096/1067/752 1095/991/754 1097/990/754 1098/1069/752
f 990/1070/753 1098/1069/752 1100/1071/756 989/1072/753
f 1098/1069/752 1097/990/754 1099/989/754 1100/1071/756
f 989/1072/757 1100/1071/758 1045/1018/702 1016/1017/701
f 1100/1071/758 1099/989/759 1046/1016/705 1045/1018/702
f 1102/1016/178 1103/1015/178 1105/1014/178 1107/1013/178 1109/1012/178 1111/1011/178 1113/1010/178 1115/1009/178 1117/1008/178 1119/1007/178 1121/1006/178 1123/1005/178 1125/1004/178 1127/1003/178 1129/1002/178 1131/1001/178 1133/1000/178 1135/999/178 1137/998/178 1139/997/178 1141/996/178 1143/995/178 1145/994/178 1147/993/178 1149/992/178 1151/991/178 1153/990/178 1155/989/178
f 1043/1020/760 1104/1019/761 1101/1018/762 1044/1017/763
f 1104/1019/761 1103/1015/764 1102/1016/765 1101/1018/762
f 1042/1022/766 1106/1021/767 1104/1019/761 1043/1020/760
f 1106/1021/767 1105/1014/768 1103/1015/764 1104/1019/761
f 1041/1024/769 1108/1023/770 1106/1021/767 1042/1022/766
f 1108/1023/770 1107/1013/771 1105/1014/768 1106/1021/767
f 1040/1026/772 1110/1025/773 1108/1023/770 1041/1024/769
f 1110/1025/773 1109/1012/774 1107/1013/771 1108/1023/770
f 1039/1028/775 1112/1027/776 1110/1025/773 1040/1026/772
f 1112/1027/776 1111/1011/777 1109/1012/774 1110/1025/773
f 1038/1030/778 1114/1029/779 1112/1027/776 1039/1028/775
f 1114/1029/779 1113/1010/780 1111/1011/777 1112/1027/776
f 1037/1032/781 1116/1031/782 1114/1029/779 1038/1030/778
f 1116/1031/782 1115/1009/783 1113/1010/780 1114/1029/779
f 1036/1034/784 1118/1033/785 1116/1031/782 1037/1032/781
f 1118/1033/785 1117/1008/786 1115/1009/783 1116/1031/782
f 1035/1036/787 1120/1035/788 1118/1033/785 1036/1034/784
f 1120/1035/788 1119/1007/789 1117/1008/786 1118/1033/785
f 1034/1038/790 1122/1037/791 1120/1035/788 1035/1036/787
f 1122/1037/791 1121/1006/792 1119/1007/789 1120/1035/788
f 1033/1040/793 1124/1039/794 1122/1037/791 1034/1038/790
f 1124/1039/794 1123/1005/795 1121/1006/792 1122/1037/791
f 1032/1042/796 1126/1041/797 1124/1039/794 1033/1040/793
f 1126/1041/797 1125/1004/798 1123/1005/795 1124/1039/794
f 1031/1044/799 1128/1043/800 1126/1041/797 1032/1042/796
f 1128/1043/800 1127/1003/801 1125/1004/798 1126/1041/797
f 1030/1046/802 1130/1045/803 1128/1043/800 1031/1044/799
f 1130/1045/803 1129/1002/804 1127/1003/801 1128/1043/800
f 1029/1048/805 1132/1047/806 1130/1045/807 1030/1046/808
f 1132/1047/806 1131/1001/809 1129/1002/810 1130/1045/807
f 1028/1050/811 1134/1049/812 1132/1047/806 1029/1048/805
f 1134/1049/812 1133/1000/813 1131/1001/809 1132/1047/806
f 1027/1052/811 1136/1051/814 1134/1049/812 1028/1050/811
f 1136/1051/814 1135/999/813 1133/1000/813 1134/1049/812
f 1026/1054/811 1138/1053/814 1136/1051/814 1027/1052/811
f 1138/1053/814 1137/998/813 1135/999/813 1136/1051/814
f 1025/1056/811 1140/1055/814 1138/1053/814 1026/1054/811
f 1140/1055/814 1139/997/813 1137/998/813 1138/1053/814
f 1024/1058/811 1142/1057/814 1140/1055/814 1025/1056/811
f 1142/1057/814 1141/996/813 1139/997/813 1140/1055/814
f 1023/1060/811 1144/1059/814 1142/1057/814 1024/1058/811
f 1144/1059/814 1143/995/813 1141/996/813 1142/1057/814
f 1022/1062/811 1146/1061/814 1144/1059/814 1023/1060/811
f 1146/1061/814 1145/994/813 1143/995/813 1144/1059/814
f 1021/1064/811 1148/1063/814 1146/1061/814 1022/1062/811
f 1148/1063/814 1147/993/813 1145/994/813 1146/1061/814
f 1020/1066/811 1150/1065/812 1148/1063/814 1021/1064/811
f 1150/1065/812 1149/992/813 1147/993/813 1148/1063/814
f 1019/1068/811 1152/1067/814 1150/1065/812 1020/1066/811
f 1152/1067/814 1151/991/813 1149/992/813 1150/1065/812
f 1018/1070/811 1154/1069/814 1152/1067/814 1019/1068/811
f 1154/1069/814 1153/990/813 1151/991/813 1152/1067/814
f 1017/1072/811 1156/1071/815 1154/1069/814 1018/1070/811
f 1156/1071/815 1155/989/813 1153/990/813 1154/1069/814
f 1044/1017/763 1101/1018/762 1156/1071/816 1017/1072/817
f 1101/1018/762 1102/1016/765 1155/989/818 1156/1071/816
usemtl PLASTIC
f 1220/263/819 1221/1073/819 1158/1074/819 1157/4/819
f 1221/1073/819 1222/1075/819 1159/1076/819 1158/1074/819
f 1222/1075/819 1223/1077/819 1160/1078/819 1159/1076/819
f 1223/1077/819 1224/1079/819 1161/1080/819 1160/1078/819
f 1224/1079/819 1225/1081/819 1162/1082/819 1161/1080/819
f 1225/1081/819 1226/1083/819 1163/1084/819 1162/1082/819
f 1226/1083/819 1227/1085/819 1164/1086/819 1163/1084/819
f 1227/1085/819 1228/1087/819 1165/1088/819 1164/1086/819
f 1228/1087/819 1229/1089/819 1166/1090/819 1165/1088/819
f 1229/1089/819 1230/1091/819 1167/1092/819 1166/1090/819
f 1230/1091/819 1231/1093/819 1168/1094/819 1167/1092/819
f 1231/1093/819 1232/1095/819 1169/1096/819 1168/1094/819
f 1232/1095/819 1233/1097/819 1170/1098/819 1169/1096/819
f 1233/1097/819 1234/1099/819 1171/1100/819 1170/1098/819
f 1234/1099/819 1235/1101/819 1172/1102/819 1171/1100/819
f 1235/1101/819 1236/1103/819 1173/1104/819 1172/1102/819
f 1236/1103/820 1237/1105/821 1174/1106/821 1173/1104/820
f 1237/1105/821 1238/1107/822 1175/1108/822 1174/1106/821
f 1238/1107/822 1239/1109/822 1176/1110/822 1175/1108/822
f 1239/1109/822 1240/1111/822 1177/1112/822 1176/1110/822
f 1240/1111/822 1241/1113/822 1178/1114/822 1177/1112/822
f 1241/1113/822 1242/1115/822 1179/1116/822 1178/1114/822
f 1242/1115/822 1243/1117/822 1180/1118/822 1179/1116/822
f 1243/1117/822 1244/1119/822 1181/1120/822 1180/1118/822
f 1244/1119/822 1245/1121/822 1182/1122/822 1181/1120/822
f 1245/1121/822 1246/1123/822 1183/1124/822 1182/1122/822
f 1246/1123/822 1247/1125/823 1184/1126/823 1183/1124/822
f 1247/1125/823 1248/1127/824 1185/1128/824 1184/1126/823
f 1248/1127/825 1249/1129/826 1186/1130/826 1185/1128/825
f 1249/1129/826 1250/1131/827 1187/1132/827 1186/1130/826
f 1250/1131/827 1251/1133/828 1188/1134/828 1187/1132/827
f 1251/1133/828 1252/1135/829 1189/1136/829 1188/1134/828
f 1252/1135/829 1253/1137/830 1190/1138/830 1189/1136/829
f 1253/1137/830 1254/1139/831 1191/1140/831 1190/1138/830
f 1254/1139/831 1255/1141/832 1192/1142/832 1191/1140/831
f 1255/1141/832 1256/1143/833 1193/1144/833 1192/1142/832
f 1256/1143/833 1257/1145/834 1194/1146/834 1193/1144/833
f 1257/1145/834 1258/1147/835 1195/1148/835 1194/1146/834
f 1258/1147/835 1259/1149/836 1196/1150/836 1195/1148/835
f 1259/1149/836 1260/1151/837 1197/1152/837 1196/1150/836
f 1260/1151/837 1261/1153/838 1198/1154/838 1197/1152/837
f 1261/1153/838 1262/1155/839 1199/1156/839 1198/1154/838
f 1262/1155/839 1263/1157/840 1200/1158/840 1199/1156/839
f 1263/1157/840 1264/1159/841 1201/1160/841 1200/1158/840
f 1264/1159/841 1265/1161/842 1202/1162/842 1201/1160/841
f 1265/1161/842 1266/1163/843 1203/1164/843 1202/1162/842
f 1266/1163/843 1267/1165/844 1204/1166/844 1203/1164/843
f 1267/1165/844 1268/1167/845 1205/1168/845 1204/1166/844
f 1268/1167/845 1269/1169/846 1206/1170/846 1205/1168/845
f 1269/1169/846 1270/1171/847 1207/1172/847 1206/1170/846
f 1270/1171/847 1271/1173/848 1208/1174/848 1207/1172/847
f 1271/1173/848 1272/1175/849 1209/1176/849 1208/1174/848
f 1272/1175/849 1273/1177/850 1210/1178/850 1209/1176/849
f 1273/1177/850 1274/1179/851 1211/1180/851 1210/1178/850
f 1274/1179/851 1275/1181/852 1212/1182/852 1211/1180/851
f 1275/1181/852 1276/1183/853 1213/1184/853 1212/1182/852
f 1276/1183/853 1277/1185/854 1214/1186/854 1213/1184/853
f 1277/1185/854 1278/1187/855 1215/1188/855 1214/1186/854
f 1278/1187/855 1279/1189/856 1216/1190/856 1215/1188/855
f 1279/1189/856 1280/1191/857 1217/1192/857 1216/1190/856
f 1280/1191/857 1281/1193/858 1218/1194/858 1217/1192/857
f 1281/1193/858 1282/1195/859 1219/1196/859 1218/1194/858
f 1282/1195/859 1220/277/860 1157/18/860 1219/1196/859
f 1157/1197/203 1158/1198/203 1159/1199/203 1160/1200/203 1161/1201/203 1162/1202/203 1163/1203/203 1164/1204/203 1165/1205/203 1166/1206/203 1167/1207/203 1168/1208/203 1169/1209/203 1170/1210/203 1171/1211/203 1172/1212/203 1173/1213/203 1174/1214/203 1175/1215/203 1176/1216/203 1177/1217/203 1178/1218/203 1179/1219/203 1180/1220/203 1181/1221/203 1182/1222/203 1183/1223/203 1184/1224/203 1185/1225/203 1186/1226/203 1187/1227/203 1188/1228/203 1189/1229/203 1190/1230/203 1191/1231/203 1192/1232/203 1193/1233/203 1194/1234/203 1195/1235/203 1196/1236/203 1197/1237/203 1198/1238/203 1199/1239/203 1200/1240/203 1201/1241/203 1202/1242/203 1203/1243/203 1204/1244/203 1205/1245/203 1206/1246/203 1207/1247/203 1208/1248/203 1209/1249/203 1210/1250/203 1211/1251/203 1212/1252/203 1213/1253/203 1214/1254/203 1215/1255/203 1216/1256/203 1217/1257/203 1218/1258/203 1219/1259/203
f 1282/1259/178 1281/1258/178 1280/1257/178 1279/1256/178 1278/1255/178 1277/1254/178 1276/1253/178 1275/1252/178 1274/1251/178 1273/1250/178 1272/1249/178 1271/1248/178 1270/1247/178 1269/1246/178 1268/1245/178 1267/1244/178 1266/1243/178 1265/1242/178 1264/1241/178 1263/1240/178 1262/1239/178 1261/1238/178 1260/1237/178 1259/1236/178 1258/1235/178 1257/1234/178 1256/1233/178 1255/1232/178 1254/1231/178 1253/1230/178 1252/1229/178 1251/1228/178 1250/1227/178 1249/1226/178 1248/1225/178 1247/1224/178 1246/1223/178 1245/1222/178 1244/1221/178 1243/1220/178 1242/1219/178 1241/1218/178 1240/1217/178 1239/1216/178 1238/1215/178 1237/1214/178 1236/1213/178 1235/1212/178 1234/1211/178 1233/1210/178 1232/1209/178 1231/1208/178 1230/1207/178 1229/1206/178 1228/1205/178 1227/1204/178 1226/1203/178 1225/1202/178 1224/1201/178 1223/1200/178 1222/1199/178 1221/1198/178 1220/1197/178
f 1346/263/819 1347/1073/819 1284/1074/819 1283/4/819
f 1347/1073/819 1348/1075/819 1285/1076/819 1284/1074/819
f 1348/1075/819 1349/1077/819 1286/1078/819 1285/1076/819
f 1349/1077/819 1350/1079/819 1287/1080/819 1286/1078/819
f 1350/1079/819 1351/1081/819 1288/1082/819 1287/1080/819
f 1351/1081/819 1352/1083/819 1289/1084/819 1288/1082/819
f 1352/1083/819 1353/1085/819 1290/1086/819 1289/1084/819
f 1353/1085/819 1354/1087/819 1291/1088/819 1290/1086/819
f 1354/1087/819 1355/1089/819 1292/1090/819 1291/1088/819
f 1355/1089/819 1356/1091/819 1293/1092/819 1292/1090/819
f 1356/1091/819 1357/1093/819 1294/1094/819 1293/1092/819
f 1357/1093/819 1358/1095/819 1295/1096/819 1294/1094/819
f 1358/1095/819 1359/1097/819 1296/1098/819 1295/1096/819
f 1359/1097/819 1360/1099/819 1297/1100/819 1296/1098/819
f 1360/1099/819 1361/1101/819 1298/1102/819 1297/1100/819
f 1361/1101/819 1362/1103/819 1299/1104/819 1298/1102/819
f 1362/1103/820 1363/1105/821 1300/1106/821 1299/1104/820
f 1363/1105/821 1364/1107/822 1301/1108/822 1300/1106/821
f 1364/1107/822 1365/1109/822 1302/1110/822 1301/1108/822
f 1365/1109/822 1366/1111/822 1303/1112/822 1302/1110/822
f 1366/1111/822 1367/1113/822 1304/1114/822 1303/1112/822
f 1367/1113/822 1368/1115/822 1305/1116/822 1304/1114/822
f 1368/1115/822 1369/1117/822 1306/1118/822 1305/1116/822
f 1369/1117/822 1370/1119/822 1307/1120/822 1306/1118/822
f 1370/1119/822 1371/1121/822 1308/1122/822 1307/1120/822
f 1371/1121/822 1372/1123/822 1309/1124/822 1308/1122/822
f 1372/1123/822 1373/1125/823 1310/1126/823 1309/1124/822
f 1373/1125/823 1374/1127/824 1311/1128/824 1310/1126/823
f 1374/1127/825 1375/1129/826 1312/1130/826 1311/1128/825
f 1375/1129/826 1376/1131/827 1313/1132/827 1312/1130/826
f 1376/1131/827 1377/1133/828 1314/1134/828 1313/1132/827
f 1377/1133/828 1378/1135/829 1315/1136/829 1314/1134/828
f 1378/1135/829 1379/1137/830 1316/1138/830 1315/1136/829
f 1379/1137/830 1380/1139/831 1317/1140/831 1316/1138/830
f 1380/1139/831 1381/1141/832 1318/1142/832 1317/1140/831
f 1381/1141/832 1382/1143/833 1319/1144/833 1318/1142/832
f 1382/1143/833 1383/1145/834 1320/1146/834 1319/1144/833
f 1383/1145/834 1384/1147/835 1321/1148/835 1320/1146/834
f 1384/1147/835 1385/1149/836 1322/1150/836 1321/1148/835
f 1385/1149/836 1386/1151/837 1323/1152/837 1322/1150/836
f 1386/1151/837 1387/1153/838 1324/1154/838 1323/1152/837
f 1387/1153/838 1388/1155/839 1325/1156/839 1324/1154/838
f 1388/1155/839 1389/1157/840 1326/1158/840 1325/1156/839
f 1389/1157/840 1390/1159/841 1327/1160/841 1326/1158/840
f 1390/1159/841 1391/1161/842 1328/1162/842 1327/1160/841
f 1391/1161/842 1392/1163/843 1329/1164/843 1328/1162/842
f 1392/1163/843 1393/1165/844 1330/1166/844 1329/1164/843
f 1393/1165/844 1394/1167/845 1331/1168/845 1330/1166/844
f 1394/1167/845 1395/1169/846 1332/1170/846 1331/1168/845
f 1395/1169/846 1396/1171/847 1333/1172/847 1332/1170/846
f 1396/1171/847 1397/1173/848 1334/1174/848 1333/1172/847
f 1397/1173/848 1398/1175/849 1335/1176/849 1334/1174/848
f 1398/1175/849 1399/1177/850 1336/1178/850 1335/1176/849
f 1399/1177/850 1400/1179/851 1337/1180/851 1336/1178/850
f 1400/1179/851 1401/1181/852 1338/1182/852 1337/1180/851
f 1401/1181/852 1402/1183/853 1339/1184/853 1338/1182/852
f 1402/1183/853 1403/1185/854 1340/1186/854 1339/1184/853
f 1403/1185/854 1404/1187/855 1341/1188/855 1340/1186/854
f 1404/1187/855 1405/1189/856 1342/1190/856 1341/1188/855
f 1405/1189/856 1406/1191/857 1343/1192/857 1342/1190/856
f 1406/1191/857 1407/1193/858 1344/1194/858 1343/1192/857
f 1407/1193/858 1408/1195/859 1345/1196/859 1344/1194/858
f 1408/1195/859 1346/277/860 1283/18/860 1345/1196/859
f 1283/1197/203 1284/1198/203 1285/1199/203 1286/1200/203 1287/1201/203 1288/1202/203 1289/1203/203 1290/1204/203 1291/1205/203 1292/1206/203 1293/1207/203 1294/1208/203 1295/1209/203 1296/1210/203 1297/1211/203 1298/1212/203 1299/1213/203 1300/1214/203 1301/1215/203 1302/1216/203 1303/1217/203 1304/1218/203 1305/1219/203 1306/1220/203 1307/1221/203 1308/1222/203 1309/1223/203 1310/1224/203 1311/1225/203 1312/1226/203 1313/1227/203 1314/1228/203 1315/1229/203 1316/1230/203 1317/1231/203 1318/1232/203 1319/1233/203 1320/1234/203 1321/1235/203 1322/1236/203 1323/1237/203 1324/1238/203 1325/1239/203 1326/1240/203 1327/1241/203 1328/1242/203 1329/1243/203 1330/1244/203 1331/1245/203 1332/1246/203 1333/1247/203 1334/1248/203 1335/1249/203 1336/1250/203 1337/1251/203 1338/1252/203 1339/1253/203 1340/1254/203 1341/1255/203 1342/1256/203 1343/1257/203 1344/1258/203 1345/1259/203
f 1408/1259/178 1407/1258/178 1406/1257/178 1405/1256/178 1404/1255/178 1403/1254/178 1402/1253/178 1401/1252/178 1400/1251/178 1399/1250/178 1398/1249/178 1397/1248/178 1396/1247/178 1395/1246/178 1394/1245/178 1393/1244/178 1392/1243/178 1391/1242/178 1390/1241/178 1389/1240/178 1388/1239/178 1387/1238/178 1386/1237/178 1385/1236/178 1384/1235/178 1383/1234/178 1382/1233/178 1381/1232/178 1380/1231/178 1379/1230/178 1378/1229/178 1377/1228/178 1376/1227/178 1375/1226/178 1374/1225/178 1373/1224/178 1372/1223/178 1371/1222/178 1370/1221/178 1369/1220/178 1368/1219/178 1367/1218/178 1366/1217/178 1365/1216/178 1364/1215/178 1363/1214/178 1362/1213/178 1361/1212/178 1360/1211/178 1359/1210/178 1358/1209/178 1357/1208/178 1356/1207/178 1355/1206/178 1354/1205/178 1353/1204/178 1352/1203/178 1351/1202/178 1350/1201/178 1349/1200/178 1348/1199/178 1347/1198/178 1346/1197/178
f 1472/263/819 1473/1073/819 1410/1074/819 1409/4/819
f 1473/1073/819 1474/1075/819 1411/1076/819 1410/1074/819
f 1474/1075/819 1475/1077/819 1412/1078/819 1411/1076/819
f 1475/1077/819 1476/1079/819 1413/1080/819 1412/1078/819
f 1476/1079/819 1477/1081/819 1414/1082/819 1413/1080/819
f 1477/1081/819 1478/1083/819 1415/1084/819 1414/1082/819
f 1478/1083/819 1479/1085/819 1416/1086/819 1415/1084/819
f 1479/1085/819 1480/1087/819 1417/1088/819 1416/1086/819
f 1480/1087/819 1481/1089/819 1418/1090/819 1417/1088/819
f 1481/1089/819 1482/1091/819 1419/1092/819 1418/1090/819
f 1482/1091/819 1483/1093/819 1420/1094/819 1419/1092/819
f 1483/1093/819 1484/1095/819 1421/1096/819 1420/1094/819
f 1484/1095/819 1485/1097/819 1422/1098/819 1421/1096/819
f 1485/1097/819 1486/1099/819 1423/1100/819 1422/1098/819
f 1486/1099/819 1487/1101/819 1424/1102/819 1423/1100/819
f 1487/1101/819 1488/1103/819 1425/1104/819 1424/1102/819
f 1488/1103/820 1489/1105/821 1426/1106/821 1425/1104/820
f 1489/1105/821 1490/1107/822 1427/1108/822 1426/1106/821
f 1490/1107/822 1491/1109/822 1428/1110/822 1427/1108/822
f 1491/1109/822 1492/1111/822 1429/1112/822 1428/1110/822
f 1492/1111/822 1493/1113/822 1430/1114/822 1429/1112/822
f 1493/1113/822 1494/1115/822 1431/1116/822 1430/1114/822
f 1494/1115/822 1495/1117/822 1432/1118/822 1431/1116/822
f 1495/1117/822 1496/1119/822 1433/1120/822 1432/1118/822
f 1496/1119/822 1497/1121/822 1434/1122/822 1433/1120/822
f 1497/1121/822 1498/1123/822 1435/1124/822 1434/1122/822
f 1498/1123/822 1499/1125/823 1436/1126/823 1435/1124/822
f 1499/1125/823 1500/1127/824 1437/1128/824 1436/1126/823
f 1500/1127/825 1501/1129/826 1438/1130/826 1437/1128/825
f 1501/1129/826 1502/1131/827 1439/1132/827 1438/1130/826
f 1502/1131/827 1503/1133/828 1440/1134/828 1439/1132/827
f 1503/1133/828 1504/1135/829 1441/1136/829 1440/1134/828
f 1504/1135/829 1505/1137/830 1442/1138/830 1441/1136/829
f 1505/1137/830 1506/1139/831 1443/1140/831 1442/1138/830
f 1506/1139/831 1507/1141/832 1444/1142/832 1443/1140/831
f 1507/1141/832 1508/1143/833 1445/1144/833 1444/1142/832
f 1508/1143/833 1509/1145/834 1446/1146/834 1445/1144/833
f 1509/1145/834 1510/1147/835 1447/1148/835 1446/1146/834
f 1510/1147/835 1511/1149/836 1448/1150/836 1447/1148/835
f 1511/1149/836 1512/1151/837 1449/1152/837 1448/1150/836
f 1512/1151/837 1513/1153/838 1450/1154/838 1449/1152/837
f 1513/1153/838 1514/1155/839 1451/1156/839 1450/1154/838
f 1514/1155/839 1515/1157/840 1452/1158/840 1451/1156/839
f 1515/1157/840 1516/1159/841 1453/1160/841 1452/1158/840
f 1516/1159/841 1517/1161/842 1454/1162/842 1453/1160/841
f 1517/1161/842 1518/1163/843 1455/1164/843 1454/1162/842
f 1518/1163/843 1519/1165/844 1456/1166/844 1455/1164/843
f 1519/1165/844 1520/1167/845 1457/1168/845 1456/1166/844
f 1520/1167/845 1521/1169/846 1458/1170/846 1457/1168/845
f 1521/1169/846 1522/1171/847 1459/1172/847 1458/1170/846
f 1522/1171/847 1523/1173/848 1460/1174/848 1459/1172/847
f 1523/1173/848 1524/1175/849 1461/1176/849 1460/1174/848
f 1524/1175/849 1525/1177/850 1462/1178/850 1461/1176/849
f 1525/1177/850 1526/1179/851 1463/1180/851 1462/1178/850
f 1526/1179/851 1527/1181/852 1464/1182/852 1463/1180/851
f 1527/1181/852 1528/1183/853 1465/1184/853 1464/1182/852
f 1528/1183/853 1529/1185/854 1466/1186/854 1465/1184/853
f 1529/1185/854 1530/1187/855 1467/1188/855 1466/1186/854
f 1530/1187/855 1531/1189/856 1468/1190/856 1467/1188/855
f 1531/1189/856 1532/1191/857 1469/1192/857 1468/1190/856
f 1532/1191/857 1533/1193/858 1470/1194/858 1469/1192/857
f 1533/1193/858 1534/1195/859 1471/1196/859 1470/1194/858
f 1534/1195/859 1472/277/860 1409/18/860 1471/1196/859
f 1409/1197/203 1410/1198/203 1411/1199/203 1412/1200/203 1413/1201/203 1414/1202/203 1415/1203/203 1416/1204/203 1417/1205/203 1418/1206/203 1419/1207/203 1420/1208/203 1421/1209/203 1422/1210/203 1423/1211/203 1424/1212/203 1425/1213/203 1426/1214/203 1427/1215/203 1428/1216/203 1429/1217/203 1430/1218/203 1431/1219/203 1432/1220/203 1433/1221/203 1434/1222/203 1435/1223/203 1436/1224/203 1437/1225/203 1438/1226/203 1439/1227/203 1440/1228/203 1441/1229/203 1442/1230/203 1443/1231/203 1444/1232/203 1445/1233/203 1446/1234/203 1447/1235/203 1448/1236/203 1449/1237/203 1450/1238/203 1451/1239/203 1452/1240/203 1453/1241/203 1454/1242/203 1455/1243/203 1456/1244/203 1457/1245/203 1458/1246/203 1459/1247/203 1460/1248/203 1461/1249/203 1462/1250/203 1463/1251/203 1464/1252/203 1465/1253/203 1466/1254/203 1467/1255/203 1468/1256/203 1469/1257/203 1470/1258/203 1471/1259/203
f 1534/1259/178 1533/1258/178 1532/1257/178 1531/1256/178 1530/1255/178 1529/1254/178 1528/1253/178 1527/1252/178 1526/1251/178 1525/1250/178 1524/1249/178 1523/1248/178 1522/1247/178 1521/1246/178 1520/1245/178 1519/1244/178 1518/1243/178 1517/1242/178 1516/1241/178 1515/1240/178 1514/1239/178 1513/1238/178 1512/1237/178 1511/1236/178 1510/1235/178 1509/1234/178 1508/1233/178 1507/1232/178 1506/1231/178 1505/1230/178 1504/1229/178 1503/1228/178 1502/1227/178 1501/1226/178 1500/1225/178 1499/1224/178 1498/1223/178 1497/1222/178 1496/1221/178 1495/1220/178 1494/1219/178 1493/1218/178 1492/1217/178 1491/1216/178 1490/1215/178 1489/1214/178 1488/1213/178 1487/1212/178 1486/1211/178 1485/1210/178 1484/1209/178 1483/1208/178 1482/1207/178 1481/1206/178 1480/1205/178 1479/1204/178 1478/1203/178 1477/1202/178 1476/1201/178 1475/1200/178 1474/1199/178 1473/1198/178 1472/1197/178
f 1598/263/819 1599/1073/819 1536/1074/819 1535/4/819
f 1599/1073/819 1600/1075/819 1537/1076/819 1536/1074/819
f 1600/1075/819 1601/1077/819 1538/1078/819 1537/1076/819
f 1601/1077/819 1602/1079/819 1539/1080/819 1538/1078/819
f 1602/1079/819 1603/1081/819 1540/1082/819 1539/1080/819
f 1603/1081/819 1604/1083/819 1541/1084/819 1540/1082/819
f 1604/1083/819 1605/1085/819 1542/1086/819 1541/1084/819
f 1605/1085/819 1606/1087/819 1543/1088/819 1542/1086/819
f 1606/1087/819 1607/1089/819 1544/1090/819 1543/1088/819
f 1607/1089/819 1608/1091/819 1545/1092/819 1544/1090/819
f 1608/1091/819 1609/1093/819 1546/1094/819 1545/1092/819
f 1609/1093/819 1610/1095/819 1547/1096/819 1546/1094/819
f 1610/1095/819 1611/1097/819 1548/1098/819 1547/1096/819
f 1611/1097/819 1612/1099/819 1549/1100/819 1548/1098/819
f 1612/1099/819 1613/1101/819 1550/1102/819 1549/1100/819
f 1613/1101/819 1614/1103/819 1551/1104/819 1550/1102/819
f 1614/1103/820 1615/1105/821 1552/1106/821 1551/1104/820
f 1615/1105/821 1616/1107/822 1553/1108/822 1552/1106/821
f 1616/1107/822 1617/1109/822 1554/1110/822 1553/1108/822
f 1617/1109/822 1618/1111/822 1555/1112/822 1554/1110/822
f 1618/1111/822 1619/1113/822 1556/1114/822 1555/1112/822
f 1619/1113/822 1620/1115/822 1557/1116/822 1556/1114/822
f 1620/1115/822 1621/1117/822 1558/1118/822 1557/1116/822
f 1621/1117/822 1622/1119/822 1559/1120/822 1558/1118/822
f 1622/1119/822 1623/1121/822 1560/1122/822 1559/1120/822
f 1623/1121/822 1624/1123/822 1561/1124/822 1560/1122/822
f 1624/1123/822 1625/1125/823 1562/1126/823 1561/1124/822
f 1625/1125/823 1626/1127/824 1563/1128/824 1562/1126/823
f 1626/1127/825 1627/1129/826 1564/1130/826 1563/1128/825
f 1627/1129/826 1628/1131/827 1565/1132/827 1564/1130/826
f 1628/1131/827 1629/1133/828 1566/1134/828 1565/1132/827
f 1629/1133/828 1630/1135/829 1567/1136/829 1566/1134/828
f 1630/1135/829 1631/1137/830 1568/1138/830 1567/1136/829
f 1631/1137/830 1632/1139/831 1569/1140/831 1568/1138/830
f 1632/1139/831 1633/1141/832 1570/1142/832 1569/1140/831
f 1633/1141/832 1634/1143/833 1571/1144/833 1570/1142/832
f 1634/1143/833 1635/1145/834 1572/1146/834 1571/1144/833
f 1635/1145/834 1636/1147/835 1573/1148/835 1572/1146/834
f 1636/1147/835 1637/1149/836 1574/1150/836 1573/1148/835
f 1637/1149/836 1638/1151/837 1575/1152/837 1574/1150/836
f 1638/1151/837 1639/1153/838 1576/1154/838 1575/1152/837
f 1639/1153/838 1640/1155/839 1577/1156/839 1576/1154/838
f 1640/1155/839 1641/1157/840 1578/1158/840 1577/1156/839
f 1641/1157/840 1642/1159/841 1579/1160/841 1578/1158/840
f 1642/1159/841 1643/1161/842 1580/1162/842 1579/1160/841
f 1643/1161/842 1644/1163/843 1581/1164/843 1580/1162/842
f 1644/1163/843 1645/1165/844 1582/1166/844 1581/1164/843
f 1645/1165/844 1646/1167/845 1583/1168/845 1582/1166/844
f 1646/1167/845 1647/1169/846 1584/1170/846 1583/1168/845
f 1647/1169/846 1648/1171/847 1585/1172/847 1584/1170/846
f 1648/1171/847 1649/1173/848 1586/1174/848 1585/1172/847
f 1649/1173/848 1650/1175/849 1587/1176/849 1586/1174/848
f 1650/1175/849 1651/1177/850 1588/1178/850 1587/1176/849
f 1651/1177/850 1652/1179/851 1589/1180/851 1588/1178/850
f 1652/1179/851 1653/1181/852 1590/1182/852 1589/1180/851
f 1653/1181/852 1654/1183/853 1591/1184/853 1590/1182/852
f 1654/1183/853 1655/1185/854 1592/1186/854 1591/1184/853
f 1655/1185/854 1656/1187/855 1593/1188/855 1592/1186/854
f 1656/1187/855 1657/1189/856 1594/1190/856 1593/1188/855
f 1657/1189/856 1658/1191/857 1595/1192/857 1594/1190/856
f 1658/1191/857 1659/1193/858 1596/1194/858 1595/1192/857
f 1659/1193/858 1660/1195/859 1597/1196/859 1596/1194/858
f 1660/1195/859 1598/277/860 1535/18/860 1597/1196/859
f 1535/1197/203 1536/1198/203 1537/1199/203 1538/1200/203 1539/1201/203 1540/1202/203 1541/1203/203 1542/1204/203 1543/1205/203 1544/1206/203 1545/1207/203 1546/1208/203 1547/1209/203 1548/1210/203 1549/1211/203 1550/1212/203 1551/1213/203 1552/1214/203 1553/1215/203 1554/1216/203 1555/1217/203 1556/1218/203 1557/1219/203 1558/1220/203 1559/1221/203 1560/1222/203 1561/1223/203 1562/1224/203 1563/1225/203 1564/1226/203 1565/1227/203 1566/1228/203 1567/1229/203 1568/1230/203 1569/1231/203 1570/1232/203 1571/1233/203 1572/1234/203 1573/1235/203 1574/1236/203 1575/1237/203 1576/1238/203 1577/1239/203 1578/1240/203 1579/1241/203 1580/1242/203 1581/1243/203 1582/1244/203 1583/1245/203 1584/1246/203 1585/1247/203 1586/1248/203 1587/1249/203 1588/1250/203 1589/1251/203 1590/1252/203 1591/1253/203 1592/1254/203 1593/1255/203 1594/1256/203 1595/1257/203 1596/1258/203 1597/1259/203
f 1660/1259/178 1659/1258/178 1658/1257/178 1657/1256/178 1656/1255/178 1655/1254/178 1654/1253/178 1653/1252/178 1652/1251/178 1651/1250/178 1650/1249/178 1649/1248/178 1648/1247/178 1647/1246/178 1646/1245/178 1645/1244/178 1644/1243/178 1643/1242/178 1642/1241/178 1641/1240/178 1640/1239/178 1639/1238/178 1638/1237/178 1637/1236/178 1636/1235/178 1635/1234/178 1634/1233/178 1633/1232/178 1632/1231/178 1631/1230/178 1630/1229/178 1629/1228/178 1628/1227/178 1627/1226/178 1626/1225/178 1625/1224/178 1624/1223/178 1623/1222/178 1622/1221/178 1621/1220/178 1620/1219/178 1619/1218/178 1618/1217/178 1617/1216/178 1616/1215/178 1615/1214/178 1614/1213/178 1613/1212/178 1612/1211/178 1611/1210/178 1610/1209/178 1609/1208/178 1608/1207/178 1607/1206/178 1606/1205/178 1605/1204/178 1604/1203/178 1603/1202/178 1602/1201/178 1601/1200/178 1600/1199/178 1599/1198/178 1598/1197/178
